ISO-10303-21;
HEADER;
/* Generated by software containing ST-Developer
 * from STEP Tools, Inc. (www.steptools.com) 
 */
/* OPTION: using custom renumber hook */

FILE_DESCRIPTION(
/* description */ ('STEP AP242 Edition 2',
'CAx-IF Rec.Pracs.---Representation and Presentation of Product Manufa
cturing Information (PMI)---4.0---2014-10-13',
'CAx-IF Rec.Pracs.---3D Tessellated Geometry---0.4---2014-09-14','2;1',
'CAx-IF Rec.Pracs.---User Defined Attributes---1.5---2016-08-15'),
/* implementation_level */ '2;1');

FILE_NAME(
/* name */ 'bottom case - Part 1',
/* time_stamp */ '2026-08-18T16:38:01Z',
/* author */ (''),
/* organization */ (''),
/* preprocessor_version */ 'ST-DEVELOPER v20',
/* originating_system */ 'ONSHAPE BY PTC INC, 1.219',
/* authorisation */ '  ');

FILE_SCHEMA (('AP242_MANAGED_MODEL_BASED_3D_ENGINEERING_MIM_LF { 1 0 10303 442 3 1 4 }'));
ENDSEC;

DATA;
#10=SHAPE_REPRESENTATION_RELATIONSHIP('','',#3680,#11);
#11=ADVANCED_BREP_SHAPE_REPRESENTATION('',(#3678),#6253);
#12=(
BOUNDED_SURFACE()
B_SPLINE_SURFACE(3,2,((#5611,#5612,#5613),(#5614,#5615,#5616),(#5617,#5618,
#5619),(#5620,#5621,#5622),(#5623,#5624,#5625),(#5626,#5627,#5628),(#5629,
#5630,#5631)),.UNSPECIFIED.,.F.,.F.,.F.)
B_SPLINE_SURFACE_WITH_KNOTS((4,1,1,1,4),(3,3),(6.28318530717959,6.67588438887831,
7.06858347057703,7.46128255227576,7.85398163397448),(0.,1.),
 .UNSPECIFIED.)
GEOMETRIC_REPRESENTATION_ITEM()
RATIONAL_B_SPLINE_SURFACE(((1.,0.707106781186548,1.),(1.,0.707106781192499,
1.),(1.,0.746571860827423,1.),(1.,0.869029034406883,1.),(1.,0.973464424251669,
1.),(1.,0.999999999999476,1.),(1.,1.,1.)))
REPRESENTATION_ITEM('')
SURFACE()
);
#13=(
BOUNDED_SURFACE()
B_SPLINE_SURFACE(3,2,((#5635,#5636,#5637),(#5638,#5639,#5640),(#5641,#5642,
#5643),(#5644,#5645,#5646),(#5647,#5648,#5649),(#5650,#5651,#5652),(#5653,
#5654,#5655)),.UNSPECIFIED.,.F.,.F.,.F.)
B_SPLINE_SURFACE_WITH_KNOTS((4,1,1,1,4),(3,3),(1.5707963267949,1.96349540849362,
2.35619449019234,2.74889357189107,3.14159265358979),(0.,1.),
 .UNSPECIFIED.)
GEOMETRIC_REPRESENTATION_ITEM()
RATIONAL_B_SPLINE_SURFACE(((1.,1.,1.),(1.,0.999999999999476,1.),(1.,0.973464424251669,
1.),(1.,0.869029034406885,1.),(1.,0.746571860827423,1.),(1.,0.707106781192499,
1.),(1.,0.707106781186548,1.)))
REPRESENTATION_ITEM('')
SURFACE()
);
#14=(
BOUNDED_SURFACE()
B_SPLINE_SURFACE(3,2,((#5656,#5657,#5658),(#5659,#5660,#5661),(#5662,#5663,
#5664),(#5665,#5666,#5667),(#5668,#5669,#5670),(#5671,#5672,#5673),(#5674,
#5675,#5676)),.UNSPECIFIED.,.F.,.F.,.F.)
B_SPLINE_SURFACE_WITH_KNOTS((4,1,1,1,4),(3,3),(3.14159265358979,3.53429173528852,
3.92699081698724,4.31968989868597,4.71238898038469),(0.,1.),
 .UNSPECIFIED.)
GEOMETRIC_REPRESENTATION_ITEM()
RATIONAL_B_SPLINE_SURFACE(((1.,0.707106781186548,1.),(1.,0.707106781192499,
1.),(1.,0.746571860827422,1.),(1.,0.869029034406887,1.),(1.,0.973464424251668,
1.),(1.,0.999999999999476,1.),(1.,1.,1.)))
REPRESENTATION_ITEM('')
SURFACE()
);
#15=(
BOUNDED_SURFACE()
B_SPLINE_SURFACE(3,2,((#5680,#5681,#5682),(#5683,#5684,#5685),(#5686,#5687,
#5688),(#5689,#5690,#5691),(#5692,#5693,#5694),(#5695,#5696,#5697),(#5698,
#5699,#5700),(#5701,#5702,#5703)),.UNSPECIFIED.,.F.,.F.,.F.)
B_SPLINE_SURFACE_WITH_KNOTS((4,1,1,1,1,4),(3,3),(0.0144980917507175,0.0157567276188756,
0.0170153634870338,0.0182739993551919,0.018903317289271,0.0195326352233501),
(0.,1.),.UNSPECIFIED.)
GEOMETRIC_REPRESENTATION_ITEM()
RATIONAL_B_SPLINE_SURFACE(((1.,0.70710678118655,1.),(1.,0.730179361615039,
1.),(1.,0.769880033386562,1.),(1.,0.761980767208892,1.),(1.,0.703502950886374,
1.),(1.,0.658135669620274,1.),(1.,0.645780889086592,1.),(1.,0.643644065871917,
1.)))
REPRESENTATION_ITEM('')
SURFACE()
);
#16=(
BOUNDED_SURFACE()
B_SPLINE_SURFACE(3,2,((#5706,#5707,#5708),(#5709,#5710,#5711),(#5712,#5713,
#5714),(#5715,#5716,#5717),(#5718,#5719,#5720),(#5721,#5722,#5723),(#5724,
#5725,#5726)),.UNSPECIFIED.,.F.,.F.,.F.)
B_SPLINE_SURFACE_WITH_KNOTS((4,1,1,1,4),(3,3),(3.14159265358979,3.53429173528852,
3.92699081698724,4.31968989868597,4.71238898038469),(0.,1.),
 .UNSPECIFIED.)
GEOMETRIC_REPRESENTATION_ITEM()
RATIONAL_B_SPLINE_SURFACE(((1.,0.707106781186548,1.),(1.,0.707106781192499,
1.),(1.,0.746571860827422,1.),(1.,0.869029034406887,1.),(1.,0.973464424251668,
1.),(1.,0.999999999999476,1.),(1.,1.,1.)))
REPRESENTATION_ITEM('')
SURFACE()
);
#17=(
BOUNDED_SURFACE()
B_SPLINE_SURFACE(3,2,((#5732,#5733,#5734),(#5735,#5736,#5737),(#5738,#5739,
#5740),(#5741,#5742,#5743),(#5744,#5745,#5746),(#5747,#5748,#5749),(#5750,
#5751,#5752),(#5753,#5754,#5755)),.UNSPECIFIED.,.F.,.F.,.F.)
B_SPLINE_SURFACE_WITH_KNOTS((4,1,1,1,1,4),(3,3),(0.0144980917507175,0.0157486594463885,
0.0169992271420596,0.0182497948377306,0.0188750786855662,0.0195003625334017),
(0.,1.),.UNSPECIFIED.)
GEOMETRIC_REPRESENTATION_ITEM()
RATIONAL_B_SPLINE_SURFACE(((1.,0.70710678118655,1.),(1.,0.730031460571204,
1.),(1.,0.769538803834948,1.),(1.,0.762393779996073,1.),(1.,0.704943379966741,
1.),(1.,0.659441576290844,1.),(1.,0.64654429917139,1.),(1.,0.644005027174263,
1.)))
REPRESENTATION_ITEM('')
SURFACE()
);
#18=(
BOUNDED_SURFACE()
B_SPLINE_SURFACE(3,2,((#5756,#5757,#5758),(#5759,#5760,#5761),(#5762,#5763,
#5764),(#5765,#5766,#5767),(#5768,#5769,#5770),(#5771,#5772,#5773),(#5774,
#5775,#5776)),.UNSPECIFIED.,.F.,.F.,.F.)
B_SPLINE_SURFACE_WITH_KNOTS((4,1,1,1,4),(3,3),(6.28318530717959,6.67588438887831,
7.06858347057703,7.46128255227576,7.85398163397448),(0.,1.),
 .UNSPECIFIED.)
GEOMETRIC_REPRESENTATION_ITEM()
RATIONAL_B_SPLINE_SURFACE(((1.,0.707106781186548,1.),(1.,0.707106781192499,
1.),(1.,0.746571860827423,1.),(1.,0.869029034406883,1.),(1.,0.97346442425167,
1.),(1.,0.999999999999476,1.),(1.,1.,1.)))
REPRESENTATION_ITEM('')
SURFACE()
);
#19=(
BOUNDED_SURFACE()
B_SPLINE_SURFACE(3,2,((#5780,#5781,#5782),(#5783,#5784,#5785),(#5786,#5787,
#5788),(#5789,#5790,#5791),(#5792,#5793,#5794),(#5795,#5796,#5797),(#5798,
#5799,#5800)),.UNSPECIFIED.,.F.,.F.,.F.)
B_SPLINE_SURFACE_WITH_KNOTS((4,1,1,1,4),(3,3),(1.5707963267949,1.96349540849362,
2.35619449019234,2.74889357189107,3.14159265358979),(0.,1.),
 .UNSPECIFIED.)
GEOMETRIC_REPRESENTATION_ITEM()
RATIONAL_B_SPLINE_SURFACE(((1.,1.,1.),(1.,0.999999999999476,1.),(1.,0.973464424251669,
1.),(1.,0.869029034406885,1.),(1.,0.746571860827423,1.),(1.,0.707106781192499,
1.),(1.,0.707106781186548,1.)))
REPRESENTATION_ITEM('')
SURFACE()
);
#20=ELLIPSE('',#3821,0.00316227766016838,0.001);
#21=ELLIPSE('',#3823,0.00316227766016838,0.001);
#22=ELLIPSE('',#3824,0.00316227766016838,0.001);
#23=ELLIPSE('',#3826,0.00316227766016838,0.001);
#24=ELLIPSE('',#3830,0.00316227766016838,0.001);
#25=ELLIPSE('',#3831,0.00316227766016838,0.001);
#26=ELLIPSE('',#3833,0.00316227766016838,0.001);
#27=ELLIPSE('',#3834,0.00316227766016838,0.001);
#28=ELLIPSE('',#3836,0.00316227766016838,0.001);
#29=ELLIPSE('',#3837,0.00316227766016838,0.001);
#30=ELLIPSE('',#3839,0.00316227766016838,0.001);
#31=ELLIPSE('',#3840,0.00316227766016838,0.001);
#32=TOROIDAL_SURFACE('',#3768,0.007,0.002);
#33=TOROIDAL_SURFACE('',#3771,0.00217145194698032,0.002);
#34=TOROIDAL_SURFACE('',#3775,0.007,0.002);
#35=TOROIDAL_SURFACE('',#3777,0.007,0.002);
#36=TOROIDAL_SURFACE('',#3781,0.00217145194698035,0.002);
#37=TOROIDAL_SURFACE('',#3783,0.007,0.002);
#38=TOROIDAL_SURFACE('',#3785,0.007,0.002);
#39=TOROIDAL_SURFACE('',#3787,0.00217145194698032,0.002);
#40=TOROIDAL_SURFACE('',#3791,0.007,0.002);
#41=TOROIDAL_SURFACE('',#3793,0.007,0.002);
#42=TOROIDAL_SURFACE('',#3797,0.00217145194698035,0.002);
#43=TOROIDAL_SURFACE('',#3799,0.007,0.002);
#44=TOROIDAL_SURFACE('',#3849,0.003,0.002);
#45=TOROIDAL_SURFACE('',#3853,0.003,0.002);
#46=CYLINDRICAL_SURFACE('',#3740,0.005);
#47=CYLINDRICAL_SURFACE('',#3741,0.005);
#48=CYLINDRICAL_SURFACE('',#3742,0.005);
#49=CYLINDRICAL_SURFACE('',#3743,0.005);
#50=CYLINDRICAL_SURFACE('',#3744,0.00417145194698032);
#51=CYLINDRICAL_SURFACE('',#3746,0.00417145194698032);
#52=CYLINDRICAL_SURFACE('',#3748,0.00417145194698035);
#53=CYLINDRICAL_SURFACE('',#3750,0.00417145194698035);
#54=CYLINDRICAL_SURFACE('',#3752,0.005);
#55=CYLINDRICAL_SURFACE('',#3754,0.005);
#56=CYLINDRICAL_SURFACE('',#3756,0.005);
#57=CYLINDRICAL_SURFACE('',#3758,0.005);
#58=CYLINDRICAL_SURFACE('',#3760,0.005);
#59=CYLINDRICAL_SURFACE('',#3762,0.005);
#60=CYLINDRICAL_SURFACE('',#3764,0.005);
#61=CYLINDRICAL_SURFACE('',#3766,0.005);
#62=CYLINDRICAL_SURFACE('',#3773,0.002);
#63=CYLINDRICAL_SURFACE('',#3779,0.002);
#64=CYLINDRICAL_SURFACE('',#3789,0.002);
#65=CYLINDRICAL_SURFACE('',#3795,0.002);
#66=CYLINDRICAL_SURFACE('',#3800,0.00175179370072171);
#67=CYLINDRICAL_SURFACE('',#3803,0.00175179370072168);
#68=CYLINDRICAL_SURFACE('',#3806,0.00175179370072168);
#69=CYLINDRICAL_SURFACE('',#3809,0.00175179370072171);
#70=CYLINDRICAL_SURFACE('',#3818,0.001);
#71=CYLINDRICAL_SURFACE('',#3819,0.001);
#72=CYLINDRICAL_SURFACE('',#3822,0.001);
#73=CYLINDRICAL_SURFACE('',#3825,0.001);
#74=CYLINDRICAL_SURFACE('',#3828,0.001);
#75=CYLINDRICAL_SURFACE('',#3829,0.001);
#76=CYLINDRICAL_SURFACE('',#3832,0.001);
#77=CYLINDRICAL_SURFACE('',#3835,0.001);
#78=CYLINDRICAL_SURFACE('',#3838,0.001);
#79=CYLINDRICAL_SURFACE('',#3841,0.001);
#80=CYLINDRICAL_SURFACE('',#3843,0.002);
#81=CYLINDRICAL_SURFACE('',#3846,0.002);
#82=CYLINDRICAL_SURFACE('',#3851,0.002);
#83=CYLINDRICAL_SURFACE('',#3856,0.002);
#84=CYLINDRICAL_SURFACE('',#3858,0.00150272049145755);
#85=CYLINDRICAL_SURFACE('',#3861,0.00150272049145755);
#86=CYLINDRICAL_SURFACE('',#3864,0.00150272049145754);
#87=CYLINDRICAL_SURFACE('',#3867,0.00150272049145754);
#88=B_SPLINE_CURVE_WITH_KNOTS('',3,(#5321,#5322,#5323,#5324,#5325),
 .UNSPECIFIED.,.F.,.F.,(4,1,4),(0.,0.00083274780456575,0.0016654956091315),
 .UNSPECIFIED.);
#89=B_SPLINE_CURVE_WITH_KNOTS('',3,(#5333,#5334,#5335,#5336),
 .UNSPECIFIED.,.F.,.F.,(4,4),(0.,0.0013200574150141),.UNSPECIFIED.);
#90=B_SPLINE_CURVE_WITH_KNOTS('',3,(#5356,#5357,#5358,#5359,#5360,#5361),
 .UNSPECIFIED.,.F.,.F.,(4,1,1,4),(0.,0.000607225321396543,0.000910837982094814,
0.00121445064279309),.UNSPECIFIED.);
#91=B_SPLINE_CURVE_WITH_KNOTS('',3,(#5367,#5368,#5369,#5370,#5371,#5372),
 .UNSPECIFIED.,.F.,.F.,(4,1,1,4),(0.,0.000302741671113255,0.00060548334222651,
0.00121096668445302),.UNSPECIFIED.);
#92=B_SPLINE_CURVE_WITH_KNOTS('',3,(#5410,#5411,#5412,#5413),
 .UNSPECIFIED.,.F.,.F.,(4,4),(0.,0.000344397694862114),.UNSPECIFIED.);
#93=B_SPLINE_CURVE_WITH_KNOTS('',3,(#5544,#5545,#5546,#5547,#5548,#5549,
#5550),.UNSPECIFIED.,.F.,.F.,(4,1,1,1,4),(0.,0.000472179613489657,0.000944359226979315,
0.00141653884046897,0.00188871845395863),.UNSPECIFIED.);
#94=B_SPLINE_CURVE_WITH_KNOTS('',3,(#5552,#5553,#5554,#5555,#5556),
 .UNSPECIFIED.,.F.,.F.,(4,1,4),(0.000115280299154984,0.000870197991173253,
0.00162511568319152),.UNSPECIFIED.);
#95=B_SPLINE_CURVE_WITH_KNOTS('',3,(#5560,#5561,#5562,#5563),
 .UNSPECIFIED.,.F.,.F.,(4,4),(0.,0.000583660845920801),.UNSPECIFIED.);
#96=B_SPLINE_CURVE_WITH_KNOTS('',3,(#5570,#5571,#5572,#5573),
 .UNSPECIFIED.,.F.,.F.,(4,4),(0.,0.000586899057703595),.UNSPECIFIED.);
#97=B_SPLINE_CURVE_WITH_KNOTS('',3,(#5577,#5578,#5579,#5580,#5581),
 .UNSPECIFIED.,.F.,.F.,(4,1,4),(0.,0.000755901857230329,0.00151180371446066),
 .UNSPECIFIED.);
#98=B_SPLINE_CURVE_WITH_KNOTS('',3,(#5583,#5584,#5585,#5586,#5587,#5588,
#5589),.UNSPECIFIED.,.F.,.F.,(4,1,1,1,4),(1.39857877853494E-17,0.000471363654269069,
0.000942727308538124,0.00141409096280718,0.00188545461707623),
 .UNSPECIFIED.);
#99=B_SPLINE_CURVE_WITH_KNOTS('',3,(#5603,#5604,#5605,#5606),
 .UNSPECIFIED.,.F.,.F.,(4,4),(0.,0.000722939519124528),.UNSPECIFIED.);
#100=B_SPLINE_CURVE_WITH_KNOTS('',3,(#5607,#5608,#5609,#5610),
 .UNSPECIFIED.,.F.,.F.,(4,4),(0.,0.000722939519124578),.UNSPECIFIED.);
#101=CIRCLE('',#3684,0.00175179370072171);
#102=CIRCLE('',#3685,0.00175179370072168);
#103=CIRCLE('',#3686,0.00175179370072168);
#104=CIRCLE('',#3687,0.00175179370072171);
#105=CIRCLE('',#3688,0.005);
#106=CIRCLE('',#3689,0.00417145194698035);
#107=CIRCLE('',#3690,0.005);
#108=CIRCLE('',#3691,0.005);
#109=CIRCLE('',#3692,0.00417145194698035);
#110=CIRCLE('',#3693,0.005);
#111=CIRCLE('',#3694,0.005);
#112=CIRCLE('',#3695,0.00417145194698032);
#113=CIRCLE('',#3696,0.005);
#114=CIRCLE('',#3697,0.005);
#115=CIRCLE('',#3698,0.00417145194698032);
#116=CIRCLE('',#3699,0.005);
#117=CIRCLE('',#3700,0.005);
#118=CIRCLE('',#3701,0.005);
#119=CIRCLE('',#3702,0.005);
#120=CIRCLE('',#3703,0.005);
#121=CIRCLE('',#3708,0.00150272049145754);
#122=CIRCLE('',#3709,0.00150272049145754);
#123=CIRCLE('',#3710,0.00150272049145755);
#124=CIRCLE('',#3711,0.00150272049145755);
#125=CIRCLE('',#3712,0.007);
#126=CIRCLE('',#3713,0.00217145194698035);
#127=CIRCLE('',#3714,0.007);
#128=CIRCLE('',#3715,0.007);
#129=CIRCLE('',#3716,0.00217145194698035);
#130=CIRCLE('',#3717,0.007);
#131=CIRCLE('',#3718,0.007);
#132=CIRCLE('',#3719,0.00217145194698032);
#133=CIRCLE('',#3720,0.007);
#134=CIRCLE('',#3721,0.007);
#135=CIRCLE('',#3722,0.00217145194698032);
#136=CIRCLE('',#3723,0.007);
#137=CIRCLE('',#3729,0.005);
#138=CIRCLE('',#3730,0.005);
#139=CIRCLE('',#3731,0.005);
#140=CIRCLE('',#3732,0.005);
#141=CIRCLE('',#3737,0.001);
#142=CIRCLE('',#3738,0.001);
#143=CIRCLE('',#3745,0.00417145194698032);
#144=CIRCLE('',#3747,0.00417145194698032);
#145=CIRCLE('',#3749,0.00417145194698035);
#146=CIRCLE('',#3751,0.00417145194698035);
#147=CIRCLE('',#3753,0.005);
#148=CIRCLE('',#3755,0.005);
#149=CIRCLE('',#3757,0.005);
#150=CIRCLE('',#3759,0.005);
#151=CIRCLE('',#3761,0.005);
#152=CIRCLE('',#3763,0.005);
#153=CIRCLE('',#3765,0.005);
#154=CIRCLE('',#3767,0.005);
#155=CIRCLE('',#3769,0.002);
#156=CIRCLE('',#3770,0.002);
#157=CIRCLE('',#3772,0.002);
#158=CIRCLE('',#3774,0.002);
#159=CIRCLE('',#3776,0.002);
#160=CIRCLE('',#3778,0.002);
#161=CIRCLE('',#3780,0.002);
#162=CIRCLE('',#3782,0.002);
#163=CIRCLE('',#3784,0.002);
#164=CIRCLE('',#3786,0.002);
#165=CIRCLE('',#3788,0.002);
#166=CIRCLE('',#3790,0.002);
#167=CIRCLE('',#3792,0.002);
#168=CIRCLE('',#3794,0.002);
#169=CIRCLE('',#3796,0.002);
#170=CIRCLE('',#3798,0.002);
#171=CIRCLE('',#3801,0.00175179370072171);
#172=CIRCLE('',#3804,0.00175179370072168);
#173=CIRCLE('',#3807,0.00175179370072168);
#174=CIRCLE('',#3810,0.00175179370072171);
#175=CIRCLE('',#3815,0.003);
#176=CIRCLE('',#3816,0.003);
#177=CIRCLE('',#3820,0.001);
#178=CIRCLE('',#3827,0.001);
#179=CIRCLE('',#3842,0.002);
#180=CIRCLE('',#3844,0.002);
#181=CIRCLE('',#3845,0.002);
#182=CIRCLE('',#3847,0.002);
#183=CIRCLE('',#3848,0.002);
#184=CIRCLE('',#3850,0.002);
#185=CIRCLE('',#3852,0.002);
#186=CIRCLE('',#3854,0.002);
#187=CIRCLE('',#3855,0.002);
#188=CIRCLE('',#3857,0.002);
#189=CIRCLE('',#3859,0.00150272049145755);
#190=CIRCLE('',#3862,0.00150272049145755);
#191=CIRCLE('',#3865,0.00150272049145754);
#192=CIRCLE('',#3868,0.00150272049145754);
#193=ORIENTED_EDGE('',*,*,#1229,.F.);
#194=ORIENTED_EDGE('',*,*,#1230,.F.);
#195=ORIENTED_EDGE('',*,*,#1231,.F.);
#196=ORIENTED_EDGE('',*,*,#1232,.F.);
#197=ORIENTED_EDGE('',*,*,#1233,.F.);
#198=ORIENTED_EDGE('',*,*,#1234,.F.);
#199=ORIENTED_EDGE('',*,*,#1235,.F.);
#200=ORIENTED_EDGE('',*,*,#1236,.F.);
#201=ORIENTED_EDGE('',*,*,#1237,.F.);
#202=ORIENTED_EDGE('',*,*,#1238,.F.);
#203=ORIENTED_EDGE('',*,*,#1239,.F.);
#204=ORIENTED_EDGE('',*,*,#1240,.F.);
#205=ORIENTED_EDGE('',*,*,#1241,.F.);
#206=ORIENTED_EDGE('',*,*,#1242,.F.);
#207=ORIENTED_EDGE('',*,*,#1243,.F.);
#208=ORIENTED_EDGE('',*,*,#1244,.F.);
#209=ORIENTED_EDGE('',*,*,#1245,.F.);
#210=ORIENTED_EDGE('',*,*,#1246,.F.);
#211=ORIENTED_EDGE('',*,*,#1247,.F.);
#212=ORIENTED_EDGE('',*,*,#1248,.F.);
#213=ORIENTED_EDGE('',*,*,#1249,.F.);
#214=ORIENTED_EDGE('',*,*,#1250,.F.);
#215=ORIENTED_EDGE('',*,*,#1251,.F.);
#216=ORIENTED_EDGE('',*,*,#1252,.F.);
#217=ORIENTED_EDGE('',*,*,#1253,.F.);
#218=ORIENTED_EDGE('',*,*,#1254,.F.);
#219=ORIENTED_EDGE('',*,*,#1255,.F.);
#220=ORIENTED_EDGE('',*,*,#1256,.F.);
#221=ORIENTED_EDGE('',*,*,#1257,.F.);
#222=ORIENTED_EDGE('',*,*,#1258,.F.);
#223=ORIENTED_EDGE('',*,*,#1259,.F.);
#224=ORIENTED_EDGE('',*,*,#1260,.F.);
#225=ORIENTED_EDGE('',*,*,#1261,.F.);
#226=ORIENTED_EDGE('',*,*,#1262,.F.);
#227=ORIENTED_EDGE('',*,*,#1263,.F.);
#228=ORIENTED_EDGE('',*,*,#1264,.F.);
#229=ORIENTED_EDGE('',*,*,#1265,.F.);
#230=ORIENTED_EDGE('',*,*,#1266,.F.);
#231=ORIENTED_EDGE('',*,*,#1267,.F.);
#232=ORIENTED_EDGE('',*,*,#1268,.F.);
#233=ORIENTED_EDGE('',*,*,#1269,.F.);
#234=ORIENTED_EDGE('',*,*,#1270,.F.);
#235=ORIENTED_EDGE('',*,*,#1271,.F.);
#236=ORIENTED_EDGE('',*,*,#1272,.F.);
#237=ORIENTED_EDGE('',*,*,#1273,.F.);
#238=ORIENTED_EDGE('',*,*,#1274,.F.);
#239=ORIENTED_EDGE('',*,*,#1275,.F.);
#240=ORIENTED_EDGE('',*,*,#1276,.F.);
#241=ORIENTED_EDGE('',*,*,#1277,.F.);
#242=ORIENTED_EDGE('',*,*,#1278,.F.);
#243=ORIENTED_EDGE('',*,*,#1279,.F.);
#244=ORIENTED_EDGE('',*,*,#1280,.F.);
#245=ORIENTED_EDGE('',*,*,#1281,.F.);
#246=ORIENTED_EDGE('',*,*,#1282,.F.);
#247=ORIENTED_EDGE('',*,*,#1283,.F.);
#248=ORIENTED_EDGE('',*,*,#1284,.F.);
#249=ORIENTED_EDGE('',*,*,#1285,.F.);
#250=ORIENTED_EDGE('',*,*,#1286,.F.);
#251=ORIENTED_EDGE('',*,*,#1287,.F.);
#252=ORIENTED_EDGE('',*,*,#1288,.F.);
#253=ORIENTED_EDGE('',*,*,#1289,.F.);
#254=ORIENTED_EDGE('',*,*,#1290,.F.);
#255=ORIENTED_EDGE('',*,*,#1291,.F.);
#256=ORIENTED_EDGE('',*,*,#1292,.F.);
#257=ORIENTED_EDGE('',*,*,#1293,.F.);
#258=ORIENTED_EDGE('',*,*,#1294,.F.);
#259=ORIENTED_EDGE('',*,*,#1295,.F.);
#260=ORIENTED_EDGE('',*,*,#1296,.F.);
#261=ORIENTED_EDGE('',*,*,#1297,.F.);
#262=ORIENTED_EDGE('',*,*,#1298,.F.);
#263=ORIENTED_EDGE('',*,*,#1299,.F.);
#264=ORIENTED_EDGE('',*,*,#1300,.F.);
#265=ORIENTED_EDGE('',*,*,#1301,.F.);
#266=ORIENTED_EDGE('',*,*,#1302,.F.);
#267=ORIENTED_EDGE('',*,*,#1303,.F.);
#268=ORIENTED_EDGE('',*,*,#1304,.F.);
#269=ORIENTED_EDGE('',*,*,#1305,.F.);
#270=ORIENTED_EDGE('',*,*,#1306,.F.);
#271=ORIENTED_EDGE('',*,*,#1307,.F.);
#272=ORIENTED_EDGE('',*,*,#1308,.F.);
#273=ORIENTED_EDGE('',*,*,#1309,.F.);
#274=ORIENTED_EDGE('',*,*,#1310,.F.);
#275=ORIENTED_EDGE('',*,*,#1311,.F.);
#276=ORIENTED_EDGE('',*,*,#1312,.F.);
#277=ORIENTED_EDGE('',*,*,#1313,.F.);
#278=ORIENTED_EDGE('',*,*,#1314,.F.);
#279=ORIENTED_EDGE('',*,*,#1315,.F.);
#280=ORIENTED_EDGE('',*,*,#1316,.F.);
#281=ORIENTED_EDGE('',*,*,#1317,.F.);
#282=ORIENTED_EDGE('',*,*,#1318,.F.);
#283=ORIENTED_EDGE('',*,*,#1319,.F.);
#284=ORIENTED_EDGE('',*,*,#1320,.F.);
#285=ORIENTED_EDGE('',*,*,#1321,.F.);
#286=ORIENTED_EDGE('',*,*,#1322,.F.);
#287=ORIENTED_EDGE('',*,*,#1323,.F.);
#288=ORIENTED_EDGE('',*,*,#1324,.F.);
#289=ORIENTED_EDGE('',*,*,#1325,.F.);
#290=ORIENTED_EDGE('',*,*,#1326,.F.);
#291=ORIENTED_EDGE('',*,*,#1327,.F.);
#292=ORIENTED_EDGE('',*,*,#1328,.F.);
#293=ORIENTED_EDGE('',*,*,#1329,.F.);
#294=ORIENTED_EDGE('',*,*,#1330,.F.);
#295=ORIENTED_EDGE('',*,*,#1331,.T.);
#296=ORIENTED_EDGE('',*,*,#1332,.T.);
#297=ORIENTED_EDGE('',*,*,#1333,.T.);
#298=ORIENTED_EDGE('',*,*,#1334,.T.);
#299=ORIENTED_EDGE('',*,*,#1335,.T.);
#300=ORIENTED_EDGE('',*,*,#1336,.T.);
#301=ORIENTED_EDGE('',*,*,#1337,.T.);
#302=ORIENTED_EDGE('',*,*,#1338,.F.);
#303=ORIENTED_EDGE('',*,*,#1339,.F.);
#304=ORIENTED_EDGE('',*,*,#1340,.F.);
#305=ORIENTED_EDGE('',*,*,#1341,.F.);
#306=ORIENTED_EDGE('',*,*,#1342,.F.);
#307=ORIENTED_EDGE('',*,*,#1343,.F.);
#308=ORIENTED_EDGE('',*,*,#1344,.T.);
#309=ORIENTED_EDGE('',*,*,#1345,.T.);
#310=ORIENTED_EDGE('',*,*,#1346,.T.);
#311=ORIENTED_EDGE('',*,*,#1338,.T.);
#312=ORIENTED_EDGE('',*,*,#1347,.T.);
#313=ORIENTED_EDGE('',*,*,#1348,.T.);
#314=ORIENTED_EDGE('',*,*,#1349,.T.);
#315=ORIENTED_EDGE('',*,*,#1350,.T.);
#316=ORIENTED_EDGE('',*,*,#1351,.T.);
#317=ORIENTED_EDGE('',*,*,#1352,.T.);
#318=ORIENTED_EDGE('',*,*,#1353,.T.);
#319=ORIENTED_EDGE('',*,*,#1354,.F.);
#320=ORIENTED_EDGE('',*,*,#1355,.T.);
#321=ORIENTED_EDGE('',*,*,#1356,.T.);
#322=ORIENTED_EDGE('',*,*,#1357,.T.);
#323=ORIENTED_EDGE('',*,*,#1358,.F.);
#324=ORIENTED_EDGE('',*,*,#1359,.T.);
#325=ORIENTED_EDGE('',*,*,#1360,.T.);
#326=ORIENTED_EDGE('',*,*,#1361,.T.);
#327=ORIENTED_EDGE('',*,*,#1362,.T.);
#328=ORIENTED_EDGE('',*,*,#1363,.T.);
#329=ORIENTED_EDGE('',*,*,#1364,.F.);
#330=ORIENTED_EDGE('',*,*,#1365,.T.);
#331=ORIENTED_EDGE('',*,*,#1366,.T.);
#332=ORIENTED_EDGE('',*,*,#1367,.T.);
#333=ORIENTED_EDGE('',*,*,#1368,.T.);
#334=ORIENTED_EDGE('',*,*,#1343,.T.);
#335=ORIENTED_EDGE('',*,*,#1369,.T.);
#336=ORIENTED_EDGE('',*,*,#1370,.T.);
#337=ORIENTED_EDGE('',*,*,#1371,.T.);
#338=ORIENTED_EDGE('',*,*,#1350,.F.);
#339=ORIENTED_EDGE('',*,*,#1372,.T.);
#340=ORIENTED_EDGE('',*,*,#1373,.T.);
#341=ORIENTED_EDGE('',*,*,#1374,.T.);
#342=ORIENTED_EDGE('',*,*,#1354,.T.);
#343=ORIENTED_EDGE('',*,*,#1375,.F.);
#344=ORIENTED_EDGE('',*,*,#1376,.F.);
#345=ORIENTED_EDGE('',*,*,#1377,.F.);
#346=ORIENTED_EDGE('',*,*,#1378,.F.);
#347=ORIENTED_EDGE('',*,*,#1379,.T.);
#348=ORIENTED_EDGE('',*,*,#1380,.T.);
#349=ORIENTED_EDGE('',*,*,#1381,.T.);
#350=ORIENTED_EDGE('',*,*,#1382,.T.);
#351=ORIENTED_EDGE('',*,*,#1383,.T.);
#352=ORIENTED_EDGE('',*,*,#1384,.T.);
#353=ORIENTED_EDGE('',*,*,#1385,.T.);
#354=ORIENTED_EDGE('',*,*,#1386,.T.);
#355=ORIENTED_EDGE('',*,*,#1387,.T.);
#356=ORIENTED_EDGE('',*,*,#1388,.T.);
#357=ORIENTED_EDGE('',*,*,#1389,.T.);
#358=ORIENTED_EDGE('',*,*,#1390,.T.);
#359=ORIENTED_EDGE('',*,*,#1391,.T.);
#360=ORIENTED_EDGE('',*,*,#1392,.T.);
#361=ORIENTED_EDGE('',*,*,#1393,.T.);
#362=ORIENTED_EDGE('',*,*,#1394,.T.);
#363=ORIENTED_EDGE('',*,*,#1360,.F.);
#364=ORIENTED_EDGE('',*,*,#1395,.T.);
#365=ORIENTED_EDGE('',*,*,#1396,.T.);
#366=ORIENTED_EDGE('',*,*,#1397,.T.);
#367=ORIENTED_EDGE('',*,*,#1398,.F.);
#368=ORIENTED_EDGE('',*,*,#1399,.T.);
#369=ORIENTED_EDGE('',*,*,#1400,.T.);
#370=ORIENTED_EDGE('',*,*,#1401,.T.);
#371=ORIENTED_EDGE('',*,*,#1402,.T.);
#372=ORIENTED_EDGE('',*,*,#1403,.T.);
#373=ORIENTED_EDGE('',*,*,#1404,.T.);
#374=ORIENTED_EDGE('',*,*,#1358,.T.);
#375=ORIENTED_EDGE('',*,*,#1405,.T.);
#376=ORIENTED_EDGE('',*,*,#1364,.T.);
#377=ORIENTED_EDGE('',*,*,#1406,.T.);
#378=ORIENTED_EDGE('',*,*,#1407,.F.);
#379=ORIENTED_EDGE('',*,*,#1408,.T.);
#380=ORIENTED_EDGE('',*,*,#1409,.T.);
#381=ORIENTED_EDGE('',*,*,#1410,.T.);
#382=ORIENTED_EDGE('',*,*,#1362,.F.);
#383=ORIENTED_EDGE('',*,*,#1411,.T.);
#384=ORIENTED_EDGE('',*,*,#1412,.T.);
#385=ORIENTED_EDGE('',*,*,#1413,.T.);
#386=ORIENTED_EDGE('',*,*,#1398,.T.);
#387=ORIENTED_EDGE('',*,*,#1414,.T.);
#388=ORIENTED_EDGE('',*,*,#1407,.T.);
#389=ORIENTED_EDGE('',*,*,#1415,.T.);
#390=ORIENTED_EDGE('',*,*,#1409,.F.);
#391=ORIENTED_EDGE('',*,*,#1416,.T.);
#392=ORIENTED_EDGE('',*,*,#1396,.F.);
#393=ORIENTED_EDGE('',*,*,#1417,.T.);
#394=ORIENTED_EDGE('',*,*,#1418,.T.);
#395=ORIENTED_EDGE('',*,*,#1419,.T.);
#396=ORIENTED_EDGE('',*,*,#1420,.T.);
#397=ORIENTED_EDGE('',*,*,#1421,.T.);
#398=ORIENTED_EDGE('',*,*,#1422,.F.);
#399=ORIENTED_EDGE('',*,*,#1423,.F.);
#400=ORIENTED_EDGE('',*,*,#1424,.T.);
#401=ORIENTED_EDGE('',*,*,#1425,.F.);
#402=ORIENTED_EDGE('',*,*,#1426,.T.);
#403=ORIENTED_EDGE('',*,*,#1427,.T.);
#404=ORIENTED_EDGE('',*,*,#1428,.F.);
#405=ORIENTED_EDGE('',*,*,#1429,.F.);
#406=ORIENTED_EDGE('',*,*,#1422,.T.);
#407=ORIENTED_EDGE('',*,*,#1430,.T.);
#408=ORIENTED_EDGE('',*,*,#1427,.F.);
#409=ORIENTED_EDGE('',*,*,#1421,.F.);
#410=ORIENTED_EDGE('',*,*,#1431,.T.);
#411=ORIENTED_EDGE('',*,*,#1428,.T.);
#412=ORIENTED_EDGE('',*,*,#1430,.F.);
#413=ORIENTED_EDGE('',*,*,#1432,.T.);
#414=ORIENTED_EDGE('',*,*,#1433,.T.);
#415=ORIENTED_EDGE('',*,*,#1424,.F.);
#416=ORIENTED_EDGE('',*,*,#1434,.T.);
#417=ORIENTED_EDGE('',*,*,#1425,.T.);
#418=ORIENTED_EDGE('',*,*,#1431,.F.);
#419=ORIENTED_EDGE('',*,*,#1420,.F.);
#420=ORIENTED_EDGE('',*,*,#1435,.T.);
#421=ORIENTED_EDGE('',*,*,#1434,.F.);
#422=ORIENTED_EDGE('',*,*,#1423,.T.);
#423=ORIENTED_EDGE('',*,*,#1429,.T.);
#424=ORIENTED_EDGE('',*,*,#1426,.F.);
#425=ORIENTED_EDGE('',*,*,#1415,.F.);
#426=ORIENTED_EDGE('',*,*,#1406,.F.);
#427=ORIENTED_EDGE('',*,*,#1363,.F.);
#428=ORIENTED_EDGE('',*,*,#1410,.F.);
#429=ORIENTED_EDGE('',*,*,#1414,.F.);
#430=ORIENTED_EDGE('',*,*,#1405,.F.);
#431=ORIENTED_EDGE('',*,*,#1365,.F.);
#432=ORIENTED_EDGE('',*,*,#1408,.F.);
#433=ORIENTED_EDGE('',*,*,#1404,.F.);
#434=ORIENTED_EDGE('',*,*,#1436,.T.);
#435=ORIENTED_EDGE('',*,*,#1417,.F.);
#436=ORIENTED_EDGE('',*,*,#1395,.F.);
#437=ORIENTED_EDGE('',*,*,#1359,.F.);
#438=ORIENTED_EDGE('',*,*,#1416,.F.);
#439=ORIENTED_EDGE('',*,*,#1411,.F.);
#440=ORIENTED_EDGE('',*,*,#1361,.F.);
#441=ORIENTED_EDGE('',*,*,#1397,.F.);
#442=ORIENTED_EDGE('',*,*,#1437,.T.);
#443=ORIENTED_EDGE('',*,*,#1438,.T.);
#444=ORIENTED_EDGE('',*,*,#1439,.T.);
#445=ORIENTED_EDGE('',*,*,#1352,.F.);
#446=ORIENTED_EDGE('',*,*,#1440,.T.);
#447=ORIENTED_EDGE('',*,*,#1441,.T.);
#448=ORIENTED_EDGE('',*,*,#1442,.T.);
#449=ORIENTED_EDGE('',*,*,#1356,.F.);
#450=ORIENTED_EDGE('',*,*,#1443,.T.);
#451=ORIENTED_EDGE('',*,*,#1444,.T.);
#452=ORIENTED_EDGE('',*,*,#1445,.T.);
#453=ORIENTED_EDGE('',*,*,#1348,.F.);
#454=ORIENTED_EDGE('',*,*,#1446,.T.);
#455=ORIENTED_EDGE('',*,*,#1447,.T.);
#456=ORIENTED_EDGE('',*,*,#1448,.T.);
#457=ORIENTED_EDGE('',*,*,#1345,.F.);
#458=ORIENTED_EDGE('',*,*,#1371,.F.);
#459=ORIENTED_EDGE('',*,*,#1449,.T.);
#460=ORIENTED_EDGE('',*,*,#1437,.F.);
#461=ORIENTED_EDGE('',*,*,#1351,.F.);
#462=ORIENTED_EDGE('',*,*,#1439,.F.);
#463=ORIENTED_EDGE('',*,*,#1450,.T.);
#464=ORIENTED_EDGE('',*,*,#1372,.F.);
#465=ORIENTED_EDGE('',*,*,#1353,.F.);
#466=ORIENTED_EDGE('',*,*,#1374,.F.);
#467=ORIENTED_EDGE('',*,*,#1451,.T.);
#468=ORIENTED_EDGE('',*,*,#1440,.F.);
#469=ORIENTED_EDGE('',*,*,#1355,.F.);
#470=ORIENTED_EDGE('',*,*,#1442,.F.);
#471=ORIENTED_EDGE('',*,*,#1452,.T.);
#472=ORIENTED_EDGE('',*,*,#1366,.F.);
#473=ORIENTED_EDGE('',*,*,#1357,.F.);
#474=ORIENTED_EDGE('',*,*,#1368,.F.);
#475=ORIENTED_EDGE('',*,*,#1453,.T.);
#476=ORIENTED_EDGE('',*,*,#1446,.F.);
#477=ORIENTED_EDGE('',*,*,#1344,.F.);
#478=ORIENTED_EDGE('',*,*,#1448,.F.);
#479=ORIENTED_EDGE('',*,*,#1454,.T.);
#480=ORIENTED_EDGE('',*,*,#1335,.F.);
#481=ORIENTED_EDGE('',*,*,#1346,.F.);
#482=ORIENTED_EDGE('',*,*,#1445,.F.);
#483=ORIENTED_EDGE('',*,*,#1455,.T.);
#484=ORIENTED_EDGE('',*,*,#1369,.F.);
#485=ORIENTED_EDGE('',*,*,#1349,.F.);
#486=ORIENTED_EDGE('',*,*,#1337,.F.);
#487=ORIENTED_EDGE('',*,*,#1456,.T.);
#488=ORIENTED_EDGE('',*,*,#1443,.F.);
#489=ORIENTED_EDGE('',*,*,#1347,.F.);
#490=ORIENTED_EDGE('',*,*,#1457,.F.);
#491=ORIENTED_EDGE('',*,*,#1452,.F.);
#492=ORIENTED_EDGE('',*,*,#1458,.F.);
#493=ORIENTED_EDGE('',*,*,#1388,.F.);
#494=ORIENTED_EDGE('',*,*,#1458,.T.);
#495=ORIENTED_EDGE('',*,*,#1441,.F.);
#496=ORIENTED_EDGE('',*,*,#1459,.F.);
#497=ORIENTED_EDGE('',*,*,#1389,.F.);
#498=ORIENTED_EDGE('',*,*,#1457,.T.);
#499=ORIENTED_EDGE('',*,*,#1387,.F.);
#500=ORIENTED_EDGE('',*,*,#1460,.F.);
#501=ORIENTED_EDGE('',*,*,#1367,.F.);
#502=ORIENTED_EDGE('',*,*,#1459,.T.);
#503=ORIENTED_EDGE('',*,*,#1451,.F.);
#504=ORIENTED_EDGE('',*,*,#1461,.F.);
#505=ORIENTED_EDGE('',*,*,#1390,.F.);
#506=ORIENTED_EDGE('',*,*,#1460,.T.);
#507=ORIENTED_EDGE('',*,*,#1386,.F.);
#508=ORIENTED_EDGE('',*,*,#1462,.F.);
#509=ORIENTED_EDGE('',*,*,#1453,.F.);
#510=ORIENTED_EDGE('',*,*,#1461,.T.);
#511=ORIENTED_EDGE('',*,*,#1373,.F.);
#512=ORIENTED_EDGE('',*,*,#1463,.F.);
#513=ORIENTED_EDGE('',*,*,#1391,.F.);
#514=ORIENTED_EDGE('',*,*,#1462,.T.);
#515=ORIENTED_EDGE('',*,*,#1385,.F.);
#516=ORIENTED_EDGE('',*,*,#1464,.F.);
#517=ORIENTED_EDGE('',*,*,#1447,.F.);
#518=ORIENTED_EDGE('',*,*,#1463,.T.);
#519=ORIENTED_EDGE('',*,*,#1450,.F.);
#520=ORIENTED_EDGE('',*,*,#1465,.F.);
#521=ORIENTED_EDGE('',*,*,#1392,.F.);
#522=ORIENTED_EDGE('',*,*,#1464,.T.);
#523=ORIENTED_EDGE('',*,*,#1384,.F.);
#524=ORIENTED_EDGE('',*,*,#1466,.F.);
#525=ORIENTED_EDGE('',*,*,#1454,.F.);
#526=ORIENTED_EDGE('',*,*,#1465,.T.);
#527=ORIENTED_EDGE('',*,*,#1438,.F.);
#528=ORIENTED_EDGE('',*,*,#1467,.F.);
#529=ORIENTED_EDGE('',*,*,#1393,.F.);
#530=ORIENTED_EDGE('',*,*,#1466,.T.);
#531=ORIENTED_EDGE('',*,*,#1383,.F.);
#532=ORIENTED_EDGE('',*,*,#1468,.F.);
#533=ORIENTED_EDGE('',*,*,#1336,.F.);
#534=ORIENTED_EDGE('',*,*,#1467,.T.);
#535=ORIENTED_EDGE('',*,*,#1449,.F.);
#536=ORIENTED_EDGE('',*,*,#1469,.F.);
#537=ORIENTED_EDGE('',*,*,#1394,.F.);
#538=ORIENTED_EDGE('',*,*,#1468,.T.);
#539=ORIENTED_EDGE('',*,*,#1382,.F.);
#540=ORIENTED_EDGE('',*,*,#1470,.F.);
#541=ORIENTED_EDGE('',*,*,#1456,.F.);
#542=ORIENTED_EDGE('',*,*,#1469,.T.);
#543=ORIENTED_EDGE('',*,*,#1370,.F.);
#544=ORIENTED_EDGE('',*,*,#1471,.F.);
#545=ORIENTED_EDGE('',*,*,#1379,.F.);
#546=ORIENTED_EDGE('',*,*,#1470,.T.);
#547=ORIENTED_EDGE('',*,*,#1381,.F.);
#548=ORIENTED_EDGE('',*,*,#1472,.F.);
#549=ORIENTED_EDGE('',*,*,#1444,.F.);
#550=ORIENTED_EDGE('',*,*,#1471,.T.);
#551=ORIENTED_EDGE('',*,*,#1455,.F.);
#552=ORIENTED_EDGE('',*,*,#1472,.T.);
#553=ORIENTED_EDGE('',*,*,#1380,.F.);
#554=ORIENTED_EDGE('',*,*,#1473,.F.);
#555=ORIENTED_EDGE('',*,*,#1342,.T.);
#556=ORIENTED_EDGE('',*,*,#1473,.T.);
#557=ORIENTED_EDGE('',*,*,#1474,.F.);
#558=ORIENTED_EDGE('',*,*,#1341,.T.);
#559=ORIENTED_EDGE('',*,*,#1474,.T.);
#560=ORIENTED_EDGE('',*,*,#1475,.F.);
#561=ORIENTED_EDGE('',*,*,#1340,.T.);
#562=ORIENTED_EDGE('',*,*,#1475,.T.);
#563=ORIENTED_EDGE('',*,*,#1476,.F.);
#564=ORIENTED_EDGE('',*,*,#1339,.T.);
#565=ORIENTED_EDGE('',*,*,#1476,.T.);
#566=ORIENTED_EDGE('',*,*,#1477,.T.);
#567=ORIENTED_EDGE('',*,*,#1478,.T.);
#568=ORIENTED_EDGE('',*,*,#1479,.T.);
#569=ORIENTED_EDGE('',*,*,#1480,.T.);
#570=ORIENTED_EDGE('',*,*,#1481,.T.);
#571=ORIENTED_EDGE('',*,*,#1482,.T.);
#572=ORIENTED_EDGE('',*,*,#1483,.T.);
#573=ORIENTED_EDGE('',*,*,#1484,.T.);
#574=ORIENTED_EDGE('',*,*,#1485,.T.);
#575=ORIENTED_EDGE('',*,*,#1486,.T.);
#576=ORIENTED_EDGE('',*,*,#1487,.T.);
#577=ORIENTED_EDGE('',*,*,#1488,.T.);
#578=ORIENTED_EDGE('',*,*,#1489,.T.);
#579=ORIENTED_EDGE('',*,*,#1490,.T.);
#580=ORIENTED_EDGE('',*,*,#1491,.T.);
#581=ORIENTED_EDGE('',*,*,#1492,.T.);
#582=ORIENTED_EDGE('',*,*,#1493,.T.);
#583=ORIENTED_EDGE('',*,*,#1494,.T.);
#584=ORIENTED_EDGE('',*,*,#1419,.F.);
#585=ORIENTED_EDGE('',*,*,#1495,.T.);
#586=ORIENTED_EDGE('',*,*,#1496,.T.);
#587=ORIENTED_EDGE('',*,*,#1435,.F.);
#588=ORIENTED_EDGE('',*,*,#1483,.F.);
#589=ORIENTED_EDGE('',*,*,#1497,.T.);
#590=ORIENTED_EDGE('',*,*,#1498,.T.);
#591=ORIENTED_EDGE('',*,*,#1402,.F.);
#592=ORIENTED_EDGE('',*,*,#1499,.T.);
#593=ORIENTED_EDGE('',*,*,#1401,.F.);
#594=ORIENTED_EDGE('',*,*,#1500,.T.);
#595=ORIENTED_EDGE('',*,*,#1477,.F.);
#596=ORIENTED_EDGE('',*,*,#1501,.T.);
#597=ORIENTED_EDGE('',*,*,#1493,.F.);
#598=ORIENTED_EDGE('',*,*,#1502,.T.);
#599=ORIENTED_EDGE('',*,*,#1400,.F.);
#600=ORIENTED_EDGE('',*,*,#1503,.T.);
#601=ORIENTED_EDGE('',*,*,#1504,.T.);
#602=ORIENTED_EDGE('',*,*,#1505,.T.);
#603=ORIENTED_EDGE('',*,*,#1506,.T.);
#604=ORIENTED_EDGE('',*,*,#1412,.F.);
#605=ORIENTED_EDGE('',*,*,#1433,.F.);
#606=ORIENTED_EDGE('',*,*,#1334,.F.);
#607=ORIENTED_EDGE('',*,*,#1507,.T.);
#608=ORIENTED_EDGE('',*,*,#1491,.F.);
#609=ORIENTED_EDGE('',*,*,#1508,.T.);
#610=ORIENTED_EDGE('',*,*,#1479,.F.);
#611=ORIENTED_EDGE('',*,*,#1509,.T.);
#612=ORIENTED_EDGE('',*,*,#1333,.F.);
#613=ORIENTED_EDGE('',*,*,#1510,.T.);
#614=ORIENTED_EDGE('',*,*,#1331,.F.);
#615=ORIENTED_EDGE('',*,*,#1511,.T.);
#616=ORIENTED_EDGE('',*,*,#1490,.F.);
#617=ORIENTED_EDGE('',*,*,#1512,.T.);
#618=ORIENTED_EDGE('',*,*,#1332,.F.);
#619=ORIENTED_EDGE('',*,*,#1513,.T.);
#620=ORIENTED_EDGE('',*,*,#1481,.F.);
#621=ORIENTED_EDGE('',*,*,#1514,.T.);
#622=ORIENTED_EDGE('',*,*,#1487,.F.);
#623=ORIENTED_EDGE('',*,*,#1515,.T.);
#624=ORIENTED_EDGE('',*,*,#1505,.F.);
#625=ORIENTED_EDGE('',*,*,#1432,.F.);
#626=ORIENTED_EDGE('',*,*,#1496,.F.);
#627=ORIENTED_EDGE('',*,*,#1516,.T.);
#628=ORIENTED_EDGE('',*,*,#1507,.F.);
#629=ORIENTED_EDGE('',*,*,#1509,.F.);
#630=ORIENTED_EDGE('',*,*,#1517,.F.);
#631=ORIENTED_EDGE('',*,*,#1517,.T.);
#632=ORIENTED_EDGE('',*,*,#1478,.F.);
#633=ORIENTED_EDGE('',*,*,#1518,.F.);
#634=ORIENTED_EDGE('',*,*,#1492,.F.);
#635=ORIENTED_EDGE('',*,*,#1518,.T.);
#636=ORIENTED_EDGE('',*,*,#1500,.F.);
#637=ORIENTED_EDGE('',*,*,#1502,.F.);
#638=ORIENTED_EDGE('',*,*,#1511,.F.);
#639=ORIENTED_EDGE('',*,*,#1508,.F.);
#640=ORIENTED_EDGE('',*,*,#1519,.F.);
#641=ORIENTED_EDGE('',*,*,#1519,.T.);
#642=ORIENTED_EDGE('',*,*,#1494,.F.);
#643=ORIENTED_EDGE('',*,*,#1520,.F.);
#644=ORIENTED_EDGE('',*,*,#1485,.F.);
#645=ORIENTED_EDGE('',*,*,#1506,.F.);
#646=ORIENTED_EDGE('',*,*,#1515,.F.);
#647=ORIENTED_EDGE('',*,*,#1521,.F.);
#648=ORIENTED_EDGE('',*,*,#1503,.F.);
#649=ORIENTED_EDGE('',*,*,#1399,.F.);
#650=ORIENTED_EDGE('',*,*,#1413,.F.);
#651=ORIENTED_EDGE('',*,*,#1520,.T.);
#652=ORIENTED_EDGE('',*,*,#1504,.F.);
#653=ORIENTED_EDGE('',*,*,#1521,.T.);
#654=ORIENTED_EDGE('',*,*,#1486,.F.);
#655=ORIENTED_EDGE('',*,*,#1513,.F.);
#656=ORIENTED_EDGE('',*,*,#1512,.F.);
#657=ORIENTED_EDGE('',*,*,#1522,.F.);
#658=ORIENTED_EDGE('',*,*,#1522,.T.);
#659=ORIENTED_EDGE('',*,*,#1489,.F.);
#660=ORIENTED_EDGE('',*,*,#1523,.F.);
#661=ORIENTED_EDGE('',*,*,#1482,.F.);
#662=ORIENTED_EDGE('',*,*,#1523,.T.);
#663=ORIENTED_EDGE('',*,*,#1488,.F.);
#664=ORIENTED_EDGE('',*,*,#1524,.F.);
#665=ORIENTED_EDGE('',*,*,#1497,.F.);
#666=ORIENTED_EDGE('',*,*,#1403,.F.);
#667=ORIENTED_EDGE('',*,*,#1498,.F.);
#668=ORIENTED_EDGE('',*,*,#1524,.T.);
#669=ORIENTED_EDGE('',*,*,#1516,.F.);
#670=ORIENTED_EDGE('',*,*,#1495,.F.);
#671=ORIENTED_EDGE('',*,*,#1418,.F.);
#672=ORIENTED_EDGE('',*,*,#1436,.F.);
#673=ORIENTED_EDGE('',*,*,#1510,.F.);
#674=ORIENTED_EDGE('',*,*,#1514,.F.);
#675=ORIENTED_EDGE('',*,*,#1525,.F.);
#676=ORIENTED_EDGE('',*,*,#1525,.T.);
#677=ORIENTED_EDGE('',*,*,#1484,.F.);
#678=ORIENTED_EDGE('',*,*,#1526,.F.);
#679=ORIENTED_EDGE('',*,*,#1480,.F.);
#680=ORIENTED_EDGE('',*,*,#1526,.T.);
#681=ORIENTED_EDGE('',*,*,#1499,.F.);
#682=ORIENTED_EDGE('',*,*,#1501,.F.);
#683=ORIENTED_EDGE('',*,*,#1527,.F.);
#684=ORIENTED_EDGE('',*,*,#1378,.T.);
#685=ORIENTED_EDGE('',*,*,#1527,.T.);
#686=ORIENTED_EDGE('',*,*,#1528,.F.);
#687=ORIENTED_EDGE('',*,*,#1377,.T.);
#688=ORIENTED_EDGE('',*,*,#1528,.T.);
#689=ORIENTED_EDGE('',*,*,#1529,.F.);
#690=ORIENTED_EDGE('',*,*,#1376,.T.);
#691=ORIENTED_EDGE('',*,*,#1529,.T.);
#692=ORIENTED_EDGE('',*,*,#1530,.F.);
#693=ORIENTED_EDGE('',*,*,#1375,.T.);
#694=ORIENTED_EDGE('',*,*,#1530,.T.);
#695=ORIENTED_EDGE('',*,*,#1234,.T.);
#696=ORIENTED_EDGE('',*,*,#1531,.F.);
#697=ORIENTED_EDGE('',*,*,#1532,.F.);
#698=ORIENTED_EDGE('',*,*,#1533,.T.);
#699=ORIENTED_EDGE('',*,*,#1233,.T.);
#700=ORIENTED_EDGE('',*,*,#1534,.F.);
#701=ORIENTED_EDGE('',*,*,#1535,.F.);
#702=ORIENTED_EDGE('',*,*,#1531,.T.);
#703=ORIENTED_EDGE('',*,*,#1330,.T.);
#704=ORIENTED_EDGE('',*,*,#1536,.F.);
#705=ORIENTED_EDGE('',*,*,#1537,.F.);
#706=ORIENTED_EDGE('',*,*,#1534,.T.);
#707=ORIENTED_EDGE('',*,*,#1329,.T.);
#708=ORIENTED_EDGE('',*,*,#1538,.F.);
#709=ORIENTED_EDGE('',*,*,#1539,.F.);
#710=ORIENTED_EDGE('',*,*,#1536,.T.);
#711=ORIENTED_EDGE('',*,*,#1328,.T.);
#712=ORIENTED_EDGE('',*,*,#1540,.F.);
#713=ORIENTED_EDGE('',*,*,#1541,.F.);
#714=ORIENTED_EDGE('',*,*,#1538,.T.);
#715=ORIENTED_EDGE('',*,*,#1327,.T.);
#716=ORIENTED_EDGE('',*,*,#1542,.F.);
#717=ORIENTED_EDGE('',*,*,#1543,.F.);
#718=ORIENTED_EDGE('',*,*,#1540,.T.);
#719=ORIENTED_EDGE('',*,*,#1326,.T.);
#720=ORIENTED_EDGE('',*,*,#1544,.F.);
#721=ORIENTED_EDGE('',*,*,#1545,.F.);
#722=ORIENTED_EDGE('',*,*,#1542,.T.);
#723=ORIENTED_EDGE('',*,*,#1325,.T.);
#724=ORIENTED_EDGE('',*,*,#1546,.F.);
#725=ORIENTED_EDGE('',*,*,#1547,.F.);
#726=ORIENTED_EDGE('',*,*,#1544,.T.);
#727=ORIENTED_EDGE('',*,*,#1324,.T.);
#728=ORIENTED_EDGE('',*,*,#1548,.F.);
#729=ORIENTED_EDGE('',*,*,#1549,.F.);
#730=ORIENTED_EDGE('',*,*,#1546,.T.);
#731=ORIENTED_EDGE('',*,*,#1323,.T.);
#732=ORIENTED_EDGE('',*,*,#1550,.F.);
#733=ORIENTED_EDGE('',*,*,#1551,.F.);
#734=ORIENTED_EDGE('',*,*,#1548,.T.);
#735=ORIENTED_EDGE('',*,*,#1322,.T.);
#736=ORIENTED_EDGE('',*,*,#1552,.F.);
#737=ORIENTED_EDGE('',*,*,#1553,.F.);
#738=ORIENTED_EDGE('',*,*,#1550,.T.);
#739=ORIENTED_EDGE('',*,*,#1321,.T.);
#740=ORIENTED_EDGE('',*,*,#1554,.F.);
#741=ORIENTED_EDGE('',*,*,#1555,.F.);
#742=ORIENTED_EDGE('',*,*,#1552,.T.);
#743=ORIENTED_EDGE('',*,*,#1320,.T.);
#744=ORIENTED_EDGE('',*,*,#1556,.F.);
#745=ORIENTED_EDGE('',*,*,#1557,.F.);
#746=ORIENTED_EDGE('',*,*,#1554,.T.);
#747=ORIENTED_EDGE('',*,*,#1319,.T.);
#748=ORIENTED_EDGE('',*,*,#1558,.F.);
#749=ORIENTED_EDGE('',*,*,#1559,.F.);
#750=ORIENTED_EDGE('',*,*,#1556,.T.);
#751=ORIENTED_EDGE('',*,*,#1318,.T.);
#752=ORIENTED_EDGE('',*,*,#1560,.F.);
#753=ORIENTED_EDGE('',*,*,#1561,.F.);
#754=ORIENTED_EDGE('',*,*,#1558,.T.);
#755=ORIENTED_EDGE('',*,*,#1317,.T.);
#756=ORIENTED_EDGE('',*,*,#1562,.F.);
#757=ORIENTED_EDGE('',*,*,#1563,.F.);
#758=ORIENTED_EDGE('',*,*,#1560,.T.);
#759=ORIENTED_EDGE('',*,*,#1316,.T.);
#760=ORIENTED_EDGE('',*,*,#1564,.F.);
#761=ORIENTED_EDGE('',*,*,#1565,.F.);
#762=ORIENTED_EDGE('',*,*,#1562,.T.);
#763=ORIENTED_EDGE('',*,*,#1315,.T.);
#764=ORIENTED_EDGE('',*,*,#1566,.F.);
#765=ORIENTED_EDGE('',*,*,#1567,.F.);
#766=ORIENTED_EDGE('',*,*,#1564,.T.);
#767=ORIENTED_EDGE('',*,*,#1314,.T.);
#768=ORIENTED_EDGE('',*,*,#1568,.F.);
#769=ORIENTED_EDGE('',*,*,#1569,.F.);
#770=ORIENTED_EDGE('',*,*,#1566,.T.);
#771=ORIENTED_EDGE('',*,*,#1313,.T.);
#772=ORIENTED_EDGE('',*,*,#1570,.F.);
#773=ORIENTED_EDGE('',*,*,#1571,.F.);
#774=ORIENTED_EDGE('',*,*,#1568,.T.);
#775=ORIENTED_EDGE('',*,*,#1312,.T.);
#776=ORIENTED_EDGE('',*,*,#1572,.F.);
#777=ORIENTED_EDGE('',*,*,#1573,.F.);
#778=ORIENTED_EDGE('',*,*,#1570,.T.);
#779=ORIENTED_EDGE('',*,*,#1311,.T.);
#780=ORIENTED_EDGE('',*,*,#1574,.F.);
#781=ORIENTED_EDGE('',*,*,#1575,.F.);
#782=ORIENTED_EDGE('',*,*,#1572,.T.);
#783=ORIENTED_EDGE('',*,*,#1310,.T.);
#784=ORIENTED_EDGE('',*,*,#1576,.F.);
#785=ORIENTED_EDGE('',*,*,#1577,.F.);
#786=ORIENTED_EDGE('',*,*,#1574,.T.);
#787=ORIENTED_EDGE('',*,*,#1309,.T.);
#788=ORIENTED_EDGE('',*,*,#1578,.F.);
#789=ORIENTED_EDGE('',*,*,#1579,.F.);
#790=ORIENTED_EDGE('',*,*,#1576,.T.);
#791=ORIENTED_EDGE('',*,*,#1308,.T.);
#792=ORIENTED_EDGE('',*,*,#1580,.F.);
#793=ORIENTED_EDGE('',*,*,#1581,.F.);
#794=ORIENTED_EDGE('',*,*,#1578,.T.);
#795=ORIENTED_EDGE('',*,*,#1307,.T.);
#796=ORIENTED_EDGE('',*,*,#1582,.F.);
#797=ORIENTED_EDGE('',*,*,#1583,.F.);
#798=ORIENTED_EDGE('',*,*,#1580,.T.);
#799=ORIENTED_EDGE('',*,*,#1306,.T.);
#800=ORIENTED_EDGE('',*,*,#1584,.F.);
#801=ORIENTED_EDGE('',*,*,#1585,.F.);
#802=ORIENTED_EDGE('',*,*,#1582,.T.);
#803=ORIENTED_EDGE('',*,*,#1305,.T.);
#804=ORIENTED_EDGE('',*,*,#1586,.F.);
#805=ORIENTED_EDGE('',*,*,#1587,.F.);
#806=ORIENTED_EDGE('',*,*,#1584,.T.);
#807=ORIENTED_EDGE('',*,*,#1304,.T.);
#808=ORIENTED_EDGE('',*,*,#1588,.F.);
#809=ORIENTED_EDGE('',*,*,#1589,.F.);
#810=ORIENTED_EDGE('',*,*,#1586,.T.);
#811=ORIENTED_EDGE('',*,*,#1303,.T.);
#812=ORIENTED_EDGE('',*,*,#1590,.F.);
#813=ORIENTED_EDGE('',*,*,#1591,.F.);
#814=ORIENTED_EDGE('',*,*,#1588,.T.);
#815=ORIENTED_EDGE('',*,*,#1302,.T.);
#816=ORIENTED_EDGE('',*,*,#1592,.F.);
#817=ORIENTED_EDGE('',*,*,#1593,.F.);
#818=ORIENTED_EDGE('',*,*,#1590,.T.);
#819=ORIENTED_EDGE('',*,*,#1301,.T.);
#820=ORIENTED_EDGE('',*,*,#1594,.F.);
#821=ORIENTED_EDGE('',*,*,#1595,.F.);
#822=ORIENTED_EDGE('',*,*,#1592,.T.);
#823=ORIENTED_EDGE('',*,*,#1300,.T.);
#824=ORIENTED_EDGE('',*,*,#1596,.F.);
#825=ORIENTED_EDGE('',*,*,#1597,.F.);
#826=ORIENTED_EDGE('',*,*,#1594,.T.);
#827=ORIENTED_EDGE('',*,*,#1299,.T.);
#828=ORIENTED_EDGE('',*,*,#1598,.F.);
#829=ORIENTED_EDGE('',*,*,#1599,.F.);
#830=ORIENTED_EDGE('',*,*,#1596,.T.);
#831=ORIENTED_EDGE('',*,*,#1298,.T.);
#832=ORIENTED_EDGE('',*,*,#1600,.F.);
#833=ORIENTED_EDGE('',*,*,#1601,.F.);
#834=ORIENTED_EDGE('',*,*,#1598,.T.);
#835=ORIENTED_EDGE('',*,*,#1297,.T.);
#836=ORIENTED_EDGE('',*,*,#1602,.F.);
#837=ORIENTED_EDGE('',*,*,#1603,.F.);
#838=ORIENTED_EDGE('',*,*,#1600,.T.);
#839=ORIENTED_EDGE('',*,*,#1296,.T.);
#840=ORIENTED_EDGE('',*,*,#1604,.F.);
#841=ORIENTED_EDGE('',*,*,#1605,.F.);
#842=ORIENTED_EDGE('',*,*,#1602,.T.);
#843=ORIENTED_EDGE('',*,*,#1295,.T.);
#844=ORIENTED_EDGE('',*,*,#1606,.F.);
#845=ORIENTED_EDGE('',*,*,#1607,.F.);
#846=ORIENTED_EDGE('',*,*,#1604,.T.);
#847=ORIENTED_EDGE('',*,*,#1294,.T.);
#848=ORIENTED_EDGE('',*,*,#1608,.F.);
#849=ORIENTED_EDGE('',*,*,#1609,.F.);
#850=ORIENTED_EDGE('',*,*,#1606,.T.);
#851=ORIENTED_EDGE('',*,*,#1293,.T.);
#852=ORIENTED_EDGE('',*,*,#1610,.F.);
#853=ORIENTED_EDGE('',*,*,#1611,.F.);
#854=ORIENTED_EDGE('',*,*,#1608,.T.);
#855=ORIENTED_EDGE('',*,*,#1292,.T.);
#856=ORIENTED_EDGE('',*,*,#1612,.F.);
#857=ORIENTED_EDGE('',*,*,#1613,.F.);
#858=ORIENTED_EDGE('',*,*,#1610,.T.);
#859=ORIENTED_EDGE('',*,*,#1291,.T.);
#860=ORIENTED_EDGE('',*,*,#1614,.F.);
#861=ORIENTED_EDGE('',*,*,#1615,.F.);
#862=ORIENTED_EDGE('',*,*,#1612,.T.);
#863=ORIENTED_EDGE('',*,*,#1290,.T.);
#864=ORIENTED_EDGE('',*,*,#1616,.F.);
#865=ORIENTED_EDGE('',*,*,#1617,.F.);
#866=ORIENTED_EDGE('',*,*,#1614,.T.);
#867=ORIENTED_EDGE('',*,*,#1289,.T.);
#868=ORIENTED_EDGE('',*,*,#1618,.F.);
#869=ORIENTED_EDGE('',*,*,#1619,.F.);
#870=ORIENTED_EDGE('',*,*,#1616,.T.);
#871=ORIENTED_EDGE('',*,*,#1288,.T.);
#872=ORIENTED_EDGE('',*,*,#1620,.F.);
#873=ORIENTED_EDGE('',*,*,#1621,.F.);
#874=ORIENTED_EDGE('',*,*,#1618,.T.);
#875=ORIENTED_EDGE('',*,*,#1287,.T.);
#876=ORIENTED_EDGE('',*,*,#1622,.F.);
#877=ORIENTED_EDGE('',*,*,#1623,.F.);
#878=ORIENTED_EDGE('',*,*,#1620,.T.);
#879=ORIENTED_EDGE('',*,*,#1286,.T.);
#880=ORIENTED_EDGE('',*,*,#1624,.F.);
#881=ORIENTED_EDGE('',*,*,#1625,.F.);
#882=ORIENTED_EDGE('',*,*,#1622,.T.);
#883=ORIENTED_EDGE('',*,*,#1285,.T.);
#884=ORIENTED_EDGE('',*,*,#1626,.F.);
#885=ORIENTED_EDGE('',*,*,#1627,.F.);
#886=ORIENTED_EDGE('',*,*,#1624,.T.);
#887=ORIENTED_EDGE('',*,*,#1284,.T.);
#888=ORIENTED_EDGE('',*,*,#1628,.F.);
#889=ORIENTED_EDGE('',*,*,#1629,.F.);
#890=ORIENTED_EDGE('',*,*,#1626,.T.);
#891=ORIENTED_EDGE('',*,*,#1283,.T.);
#892=ORIENTED_EDGE('',*,*,#1630,.F.);
#893=ORIENTED_EDGE('',*,*,#1631,.F.);
#894=ORIENTED_EDGE('',*,*,#1628,.T.);
#895=ORIENTED_EDGE('',*,*,#1282,.T.);
#896=ORIENTED_EDGE('',*,*,#1632,.F.);
#897=ORIENTED_EDGE('',*,*,#1633,.F.);
#898=ORIENTED_EDGE('',*,*,#1630,.T.);
#899=ORIENTED_EDGE('',*,*,#1281,.T.);
#900=ORIENTED_EDGE('',*,*,#1634,.F.);
#901=ORIENTED_EDGE('',*,*,#1635,.F.);
#902=ORIENTED_EDGE('',*,*,#1632,.T.);
#903=ORIENTED_EDGE('',*,*,#1280,.T.);
#904=ORIENTED_EDGE('',*,*,#1636,.F.);
#905=ORIENTED_EDGE('',*,*,#1637,.F.);
#906=ORIENTED_EDGE('',*,*,#1634,.T.);
#907=ORIENTED_EDGE('',*,*,#1279,.T.);
#908=ORIENTED_EDGE('',*,*,#1638,.F.);
#909=ORIENTED_EDGE('',*,*,#1639,.F.);
#910=ORIENTED_EDGE('',*,*,#1636,.T.);
#911=ORIENTED_EDGE('',*,*,#1278,.T.);
#912=ORIENTED_EDGE('',*,*,#1640,.F.);
#913=ORIENTED_EDGE('',*,*,#1641,.F.);
#914=ORIENTED_EDGE('',*,*,#1638,.T.);
#915=ORIENTED_EDGE('',*,*,#1277,.T.);
#916=ORIENTED_EDGE('',*,*,#1642,.F.);
#917=ORIENTED_EDGE('',*,*,#1643,.F.);
#918=ORIENTED_EDGE('',*,*,#1640,.T.);
#919=ORIENTED_EDGE('',*,*,#1276,.T.);
#920=ORIENTED_EDGE('',*,*,#1644,.F.);
#921=ORIENTED_EDGE('',*,*,#1645,.F.);
#922=ORIENTED_EDGE('',*,*,#1642,.T.);
#923=ORIENTED_EDGE('',*,*,#1275,.T.);
#924=ORIENTED_EDGE('',*,*,#1646,.F.);
#925=ORIENTED_EDGE('',*,*,#1647,.F.);
#926=ORIENTED_EDGE('',*,*,#1644,.T.);
#927=ORIENTED_EDGE('',*,*,#1274,.T.);
#928=ORIENTED_EDGE('',*,*,#1648,.F.);
#929=ORIENTED_EDGE('',*,*,#1649,.F.);
#930=ORIENTED_EDGE('',*,*,#1646,.T.);
#931=ORIENTED_EDGE('',*,*,#1273,.T.);
#932=ORIENTED_EDGE('',*,*,#1650,.F.);
#933=ORIENTED_EDGE('',*,*,#1651,.F.);
#934=ORIENTED_EDGE('',*,*,#1648,.T.);
#935=ORIENTED_EDGE('',*,*,#1272,.T.);
#936=ORIENTED_EDGE('',*,*,#1652,.F.);
#937=ORIENTED_EDGE('',*,*,#1653,.F.);
#938=ORIENTED_EDGE('',*,*,#1650,.T.);
#939=ORIENTED_EDGE('',*,*,#1271,.T.);
#940=ORIENTED_EDGE('',*,*,#1654,.F.);
#941=ORIENTED_EDGE('',*,*,#1655,.F.);
#942=ORIENTED_EDGE('',*,*,#1652,.T.);
#943=ORIENTED_EDGE('',*,*,#1270,.T.);
#944=ORIENTED_EDGE('',*,*,#1656,.F.);
#945=ORIENTED_EDGE('',*,*,#1657,.F.);
#946=ORIENTED_EDGE('',*,*,#1654,.T.);
#947=ORIENTED_EDGE('',*,*,#1269,.T.);
#948=ORIENTED_EDGE('',*,*,#1658,.F.);
#949=ORIENTED_EDGE('',*,*,#1659,.F.);
#950=ORIENTED_EDGE('',*,*,#1656,.T.);
#951=ORIENTED_EDGE('',*,*,#1268,.T.);
#952=ORIENTED_EDGE('',*,*,#1660,.F.);
#953=ORIENTED_EDGE('',*,*,#1661,.F.);
#954=ORIENTED_EDGE('',*,*,#1658,.T.);
#955=ORIENTED_EDGE('',*,*,#1267,.T.);
#956=ORIENTED_EDGE('',*,*,#1662,.F.);
#957=ORIENTED_EDGE('',*,*,#1663,.F.);
#958=ORIENTED_EDGE('',*,*,#1660,.T.);
#959=ORIENTED_EDGE('',*,*,#1266,.T.);
#960=ORIENTED_EDGE('',*,*,#1664,.F.);
#961=ORIENTED_EDGE('',*,*,#1665,.F.);
#962=ORIENTED_EDGE('',*,*,#1662,.T.);
#963=ORIENTED_EDGE('',*,*,#1265,.T.);
#964=ORIENTED_EDGE('',*,*,#1666,.F.);
#965=ORIENTED_EDGE('',*,*,#1667,.F.);
#966=ORIENTED_EDGE('',*,*,#1664,.T.);
#967=ORIENTED_EDGE('',*,*,#1264,.T.);
#968=ORIENTED_EDGE('',*,*,#1668,.F.);
#969=ORIENTED_EDGE('',*,*,#1669,.F.);
#970=ORIENTED_EDGE('',*,*,#1666,.T.);
#971=ORIENTED_EDGE('',*,*,#1263,.T.);
#972=ORIENTED_EDGE('',*,*,#1670,.F.);
#973=ORIENTED_EDGE('',*,*,#1671,.F.);
#974=ORIENTED_EDGE('',*,*,#1668,.T.);
#975=ORIENTED_EDGE('',*,*,#1262,.T.);
#976=ORIENTED_EDGE('',*,*,#1672,.F.);
#977=ORIENTED_EDGE('',*,*,#1673,.F.);
#978=ORIENTED_EDGE('',*,*,#1670,.T.);
#979=ORIENTED_EDGE('',*,*,#1261,.T.);
#980=ORIENTED_EDGE('',*,*,#1674,.F.);
#981=ORIENTED_EDGE('',*,*,#1675,.F.);
#982=ORIENTED_EDGE('',*,*,#1672,.T.);
#983=ORIENTED_EDGE('',*,*,#1260,.T.);
#984=ORIENTED_EDGE('',*,*,#1676,.F.);
#985=ORIENTED_EDGE('',*,*,#1677,.F.);
#986=ORIENTED_EDGE('',*,*,#1674,.T.);
#987=ORIENTED_EDGE('',*,*,#1259,.T.);
#988=ORIENTED_EDGE('',*,*,#1678,.F.);
#989=ORIENTED_EDGE('',*,*,#1679,.F.);
#990=ORIENTED_EDGE('',*,*,#1676,.T.);
#991=ORIENTED_EDGE('',*,*,#1258,.T.);
#992=ORIENTED_EDGE('',*,*,#1680,.F.);
#993=ORIENTED_EDGE('',*,*,#1681,.F.);
#994=ORIENTED_EDGE('',*,*,#1678,.T.);
#995=ORIENTED_EDGE('',*,*,#1257,.T.);
#996=ORIENTED_EDGE('',*,*,#1682,.F.);
#997=ORIENTED_EDGE('',*,*,#1683,.F.);
#998=ORIENTED_EDGE('',*,*,#1680,.T.);
#999=ORIENTED_EDGE('',*,*,#1256,.T.);
#1000=ORIENTED_EDGE('',*,*,#1684,.F.);
#1001=ORIENTED_EDGE('',*,*,#1685,.F.);
#1002=ORIENTED_EDGE('',*,*,#1682,.T.);
#1003=ORIENTED_EDGE('',*,*,#1255,.T.);
#1004=ORIENTED_EDGE('',*,*,#1686,.F.);
#1005=ORIENTED_EDGE('',*,*,#1687,.F.);
#1006=ORIENTED_EDGE('',*,*,#1684,.T.);
#1007=ORIENTED_EDGE('',*,*,#1254,.T.);
#1008=ORIENTED_EDGE('',*,*,#1688,.F.);
#1009=ORIENTED_EDGE('',*,*,#1689,.F.);
#1010=ORIENTED_EDGE('',*,*,#1686,.T.);
#1011=ORIENTED_EDGE('',*,*,#1253,.T.);
#1012=ORIENTED_EDGE('',*,*,#1690,.F.);
#1013=ORIENTED_EDGE('',*,*,#1691,.F.);
#1014=ORIENTED_EDGE('',*,*,#1688,.T.);
#1015=ORIENTED_EDGE('',*,*,#1252,.T.);
#1016=ORIENTED_EDGE('',*,*,#1692,.F.);
#1017=ORIENTED_EDGE('',*,*,#1693,.F.);
#1018=ORIENTED_EDGE('',*,*,#1690,.T.);
#1019=ORIENTED_EDGE('',*,*,#1251,.T.);
#1020=ORIENTED_EDGE('',*,*,#1694,.F.);
#1021=ORIENTED_EDGE('',*,*,#1695,.F.);
#1022=ORIENTED_EDGE('',*,*,#1692,.T.);
#1023=ORIENTED_EDGE('',*,*,#1250,.T.);
#1024=ORIENTED_EDGE('',*,*,#1696,.F.);
#1025=ORIENTED_EDGE('',*,*,#1697,.F.);
#1026=ORIENTED_EDGE('',*,*,#1694,.T.);
#1027=ORIENTED_EDGE('',*,*,#1249,.T.);
#1028=ORIENTED_EDGE('',*,*,#1698,.F.);
#1029=ORIENTED_EDGE('',*,*,#1699,.F.);
#1030=ORIENTED_EDGE('',*,*,#1696,.T.);
#1031=ORIENTED_EDGE('',*,*,#1248,.T.);
#1032=ORIENTED_EDGE('',*,*,#1700,.F.);
#1033=ORIENTED_EDGE('',*,*,#1701,.F.);
#1034=ORIENTED_EDGE('',*,*,#1698,.T.);
#1035=ORIENTED_EDGE('',*,*,#1247,.T.);
#1036=ORIENTED_EDGE('',*,*,#1702,.F.);
#1037=ORIENTED_EDGE('',*,*,#1703,.F.);
#1038=ORIENTED_EDGE('',*,*,#1700,.T.);
#1039=ORIENTED_EDGE('',*,*,#1246,.T.);
#1040=ORIENTED_EDGE('',*,*,#1704,.F.);
#1041=ORIENTED_EDGE('',*,*,#1705,.F.);
#1042=ORIENTED_EDGE('',*,*,#1702,.T.);
#1043=ORIENTED_EDGE('',*,*,#1245,.T.);
#1044=ORIENTED_EDGE('',*,*,#1706,.F.);
#1045=ORIENTED_EDGE('',*,*,#1707,.F.);
#1046=ORIENTED_EDGE('',*,*,#1704,.T.);
#1047=ORIENTED_EDGE('',*,*,#1244,.T.);
#1048=ORIENTED_EDGE('',*,*,#1708,.F.);
#1049=ORIENTED_EDGE('',*,*,#1709,.F.);
#1050=ORIENTED_EDGE('',*,*,#1706,.T.);
#1051=ORIENTED_EDGE('',*,*,#1243,.T.);
#1052=ORIENTED_EDGE('',*,*,#1710,.F.);
#1053=ORIENTED_EDGE('',*,*,#1711,.F.);
#1054=ORIENTED_EDGE('',*,*,#1708,.T.);
#1055=ORIENTED_EDGE('',*,*,#1242,.T.);
#1056=ORIENTED_EDGE('',*,*,#1712,.F.);
#1057=ORIENTED_EDGE('',*,*,#1713,.F.);
#1058=ORIENTED_EDGE('',*,*,#1710,.T.);
#1059=ORIENTED_EDGE('',*,*,#1241,.T.);
#1060=ORIENTED_EDGE('',*,*,#1714,.F.);
#1061=ORIENTED_EDGE('',*,*,#1715,.F.);
#1062=ORIENTED_EDGE('',*,*,#1712,.T.);
#1063=ORIENTED_EDGE('',*,*,#1240,.T.);
#1064=ORIENTED_EDGE('',*,*,#1716,.F.);
#1065=ORIENTED_EDGE('',*,*,#1717,.F.);
#1066=ORIENTED_EDGE('',*,*,#1714,.T.);
#1067=ORIENTED_EDGE('',*,*,#1239,.T.);
#1068=ORIENTED_EDGE('',*,*,#1718,.F.);
#1069=ORIENTED_EDGE('',*,*,#1719,.F.);
#1070=ORIENTED_EDGE('',*,*,#1716,.T.);
#1071=ORIENTED_EDGE('',*,*,#1238,.T.);
#1072=ORIENTED_EDGE('',*,*,#1720,.F.);
#1073=ORIENTED_EDGE('',*,*,#1721,.F.);
#1074=ORIENTED_EDGE('',*,*,#1718,.T.);
#1075=ORIENTED_EDGE('',*,*,#1237,.T.);
#1076=ORIENTED_EDGE('',*,*,#1722,.F.);
#1077=ORIENTED_EDGE('',*,*,#1723,.F.);
#1078=ORIENTED_EDGE('',*,*,#1720,.T.);
#1079=ORIENTED_EDGE('',*,*,#1236,.T.);
#1080=ORIENTED_EDGE('',*,*,#1724,.F.);
#1081=ORIENTED_EDGE('',*,*,#1725,.F.);
#1082=ORIENTED_EDGE('',*,*,#1722,.T.);
#1083=ORIENTED_EDGE('',*,*,#1726,.T.);
#1084=ORIENTED_EDGE('',*,*,#1727,.F.);
#1085=ORIENTED_EDGE('',*,*,#1728,.F.);
#1086=ORIENTED_EDGE('',*,*,#1729,.T.);
#1087=ORIENTED_EDGE('',*,*,#1730,.T.);
#1088=ORIENTED_EDGE('',*,*,#1731,.F.);
#1089=ORIENTED_EDGE('',*,*,#1732,.F.);
#1090=ORIENTED_EDGE('',*,*,#1727,.T.);
#1091=ORIENTED_EDGE('',*,*,#1733,.T.);
#1092=ORIENTED_EDGE('',*,*,#1734,.F.);
#1093=ORIENTED_EDGE('',*,*,#1735,.F.);
#1094=ORIENTED_EDGE('',*,*,#1731,.T.);
#1095=ORIENTED_EDGE('',*,*,#1736,.T.);
#1096=ORIENTED_EDGE('',*,*,#1729,.F.);
#1097=ORIENTED_EDGE('',*,*,#1737,.F.);
#1098=ORIENTED_EDGE('',*,*,#1734,.T.);
#1099=ORIENTED_EDGE('',*,*,#1235,.T.);
#1100=ORIENTED_EDGE('',*,*,#1533,.F.);
#1101=ORIENTED_EDGE('',*,*,#1738,.F.);
#1102=ORIENTED_EDGE('',*,*,#1724,.T.);
#1103=ORIENTED_EDGE('',*,*,#1728,.T.);
#1104=ORIENTED_EDGE('',*,*,#1732,.T.);
#1105=ORIENTED_EDGE('',*,*,#1735,.T.);
#1106=ORIENTED_EDGE('',*,*,#1737,.T.);
#1107=ORIENTED_EDGE('',*,*,#1532,.T.);
#1108=ORIENTED_EDGE('',*,*,#1535,.T.);
#1109=ORIENTED_EDGE('',*,*,#1537,.T.);
#1110=ORIENTED_EDGE('',*,*,#1539,.T.);
#1111=ORIENTED_EDGE('',*,*,#1541,.T.);
#1112=ORIENTED_EDGE('',*,*,#1543,.T.);
#1113=ORIENTED_EDGE('',*,*,#1545,.T.);
#1114=ORIENTED_EDGE('',*,*,#1547,.T.);
#1115=ORIENTED_EDGE('',*,*,#1549,.T.);
#1116=ORIENTED_EDGE('',*,*,#1551,.T.);
#1117=ORIENTED_EDGE('',*,*,#1553,.T.);
#1118=ORIENTED_EDGE('',*,*,#1555,.T.);
#1119=ORIENTED_EDGE('',*,*,#1557,.T.);
#1120=ORIENTED_EDGE('',*,*,#1559,.T.);
#1121=ORIENTED_EDGE('',*,*,#1561,.T.);
#1122=ORIENTED_EDGE('',*,*,#1563,.T.);
#1123=ORIENTED_EDGE('',*,*,#1565,.T.);
#1124=ORIENTED_EDGE('',*,*,#1567,.T.);
#1125=ORIENTED_EDGE('',*,*,#1569,.T.);
#1126=ORIENTED_EDGE('',*,*,#1571,.T.);
#1127=ORIENTED_EDGE('',*,*,#1573,.T.);
#1128=ORIENTED_EDGE('',*,*,#1575,.T.);
#1129=ORIENTED_EDGE('',*,*,#1577,.T.);
#1130=ORIENTED_EDGE('',*,*,#1579,.T.);
#1131=ORIENTED_EDGE('',*,*,#1581,.T.);
#1132=ORIENTED_EDGE('',*,*,#1583,.T.);
#1133=ORIENTED_EDGE('',*,*,#1585,.T.);
#1134=ORIENTED_EDGE('',*,*,#1587,.T.);
#1135=ORIENTED_EDGE('',*,*,#1589,.T.);
#1136=ORIENTED_EDGE('',*,*,#1591,.T.);
#1137=ORIENTED_EDGE('',*,*,#1593,.T.);
#1138=ORIENTED_EDGE('',*,*,#1595,.T.);
#1139=ORIENTED_EDGE('',*,*,#1597,.T.);
#1140=ORIENTED_EDGE('',*,*,#1599,.T.);
#1141=ORIENTED_EDGE('',*,*,#1601,.T.);
#1142=ORIENTED_EDGE('',*,*,#1603,.T.);
#1143=ORIENTED_EDGE('',*,*,#1605,.T.);
#1144=ORIENTED_EDGE('',*,*,#1607,.T.);
#1145=ORIENTED_EDGE('',*,*,#1609,.T.);
#1146=ORIENTED_EDGE('',*,*,#1611,.T.);
#1147=ORIENTED_EDGE('',*,*,#1613,.T.);
#1148=ORIENTED_EDGE('',*,*,#1615,.T.);
#1149=ORIENTED_EDGE('',*,*,#1617,.T.);
#1150=ORIENTED_EDGE('',*,*,#1619,.T.);
#1151=ORIENTED_EDGE('',*,*,#1621,.T.);
#1152=ORIENTED_EDGE('',*,*,#1623,.T.);
#1153=ORIENTED_EDGE('',*,*,#1625,.T.);
#1154=ORIENTED_EDGE('',*,*,#1627,.T.);
#1155=ORIENTED_EDGE('',*,*,#1629,.T.);
#1156=ORIENTED_EDGE('',*,*,#1631,.T.);
#1157=ORIENTED_EDGE('',*,*,#1633,.T.);
#1158=ORIENTED_EDGE('',*,*,#1635,.T.);
#1159=ORIENTED_EDGE('',*,*,#1637,.T.);
#1160=ORIENTED_EDGE('',*,*,#1639,.T.);
#1161=ORIENTED_EDGE('',*,*,#1641,.T.);
#1162=ORIENTED_EDGE('',*,*,#1643,.T.);
#1163=ORIENTED_EDGE('',*,*,#1645,.T.);
#1164=ORIENTED_EDGE('',*,*,#1647,.T.);
#1165=ORIENTED_EDGE('',*,*,#1649,.T.);
#1166=ORIENTED_EDGE('',*,*,#1651,.T.);
#1167=ORIENTED_EDGE('',*,*,#1653,.T.);
#1168=ORIENTED_EDGE('',*,*,#1655,.T.);
#1169=ORIENTED_EDGE('',*,*,#1657,.T.);
#1170=ORIENTED_EDGE('',*,*,#1659,.T.);
#1171=ORIENTED_EDGE('',*,*,#1661,.T.);
#1172=ORIENTED_EDGE('',*,*,#1663,.T.);
#1173=ORIENTED_EDGE('',*,*,#1665,.T.);
#1174=ORIENTED_EDGE('',*,*,#1667,.T.);
#1175=ORIENTED_EDGE('',*,*,#1669,.T.);
#1176=ORIENTED_EDGE('',*,*,#1671,.T.);
#1177=ORIENTED_EDGE('',*,*,#1673,.T.);
#1178=ORIENTED_EDGE('',*,*,#1675,.T.);
#1179=ORIENTED_EDGE('',*,*,#1677,.T.);
#1180=ORIENTED_EDGE('',*,*,#1679,.T.);
#1181=ORIENTED_EDGE('',*,*,#1681,.T.);
#1182=ORIENTED_EDGE('',*,*,#1683,.T.);
#1183=ORIENTED_EDGE('',*,*,#1685,.T.);
#1184=ORIENTED_EDGE('',*,*,#1687,.T.);
#1185=ORIENTED_EDGE('',*,*,#1689,.T.);
#1186=ORIENTED_EDGE('',*,*,#1691,.T.);
#1187=ORIENTED_EDGE('',*,*,#1693,.T.);
#1188=ORIENTED_EDGE('',*,*,#1695,.T.);
#1189=ORIENTED_EDGE('',*,*,#1697,.T.);
#1190=ORIENTED_EDGE('',*,*,#1699,.T.);
#1191=ORIENTED_EDGE('',*,*,#1701,.T.);
#1192=ORIENTED_EDGE('',*,*,#1703,.T.);
#1193=ORIENTED_EDGE('',*,*,#1705,.T.);
#1194=ORIENTED_EDGE('',*,*,#1707,.T.);
#1195=ORIENTED_EDGE('',*,*,#1709,.T.);
#1196=ORIENTED_EDGE('',*,*,#1711,.T.);
#1197=ORIENTED_EDGE('',*,*,#1713,.T.);
#1198=ORIENTED_EDGE('',*,*,#1715,.T.);
#1199=ORIENTED_EDGE('',*,*,#1717,.T.);
#1200=ORIENTED_EDGE('',*,*,#1719,.T.);
#1201=ORIENTED_EDGE('',*,*,#1721,.T.);
#1202=ORIENTED_EDGE('',*,*,#1723,.T.);
#1203=ORIENTED_EDGE('',*,*,#1725,.T.);
#1204=ORIENTED_EDGE('',*,*,#1738,.T.);
#1205=ORIENTED_EDGE('',*,*,#1730,.F.);
#1206=ORIENTED_EDGE('',*,*,#1726,.F.);
#1207=ORIENTED_EDGE('',*,*,#1736,.F.);
#1208=ORIENTED_EDGE('',*,*,#1733,.F.);
#1209=ORIENTED_EDGE('',*,*,#1230,.T.);
#1210=ORIENTED_EDGE('',*,*,#1739,.F.);
#1211=ORIENTED_EDGE('',*,*,#1740,.F.);
#1212=ORIENTED_EDGE('',*,*,#1741,.T.);
#1213=ORIENTED_EDGE('',*,*,#1229,.T.);
#1214=ORIENTED_EDGE('',*,*,#1742,.F.);
#1215=ORIENTED_EDGE('',*,*,#1743,.F.);
#1216=ORIENTED_EDGE('',*,*,#1739,.T.);
#1217=ORIENTED_EDGE('',*,*,#1232,.T.);
#1218=ORIENTED_EDGE('',*,*,#1744,.F.);
#1219=ORIENTED_EDGE('',*,*,#1745,.F.);
#1220=ORIENTED_EDGE('',*,*,#1742,.T.);
#1221=ORIENTED_EDGE('',*,*,#1231,.T.);
#1222=ORIENTED_EDGE('',*,*,#1741,.F.);
#1223=ORIENTED_EDGE('',*,*,#1746,.F.);
#1224=ORIENTED_EDGE('',*,*,#1744,.T.);
#1225=ORIENTED_EDGE('',*,*,#1740,.T.);
#1226=ORIENTED_EDGE('',*,*,#1743,.T.);
#1227=ORIENTED_EDGE('',*,*,#1745,.T.);
#1228=ORIENTED_EDGE('',*,*,#1746,.T.);
#1229=EDGE_CURVE('',#1747,#1748,#2085,.T.);
#1230=EDGE_CURVE('',#1749,#1747,#2086,.T.);
#1231=EDGE_CURVE('',#1750,#1749,#2087,.T.);
#1232=EDGE_CURVE('',#1748,#1750,#2088,.T.);
#1233=EDGE_CURVE('',#1751,#1752,#2089,.T.);
#1234=EDGE_CURVE('',#1753,#1751,#2090,.T.);
#1235=EDGE_CURVE('',#1754,#1753,#2091,.T.);
#1236=EDGE_CURVE('',#1755,#1754,#2092,.T.);
#1237=EDGE_CURVE('',#1756,#1755,#2093,.T.);
#1238=EDGE_CURVE('',#1757,#1756,#2094,.T.);
#1239=EDGE_CURVE('',#1758,#1757,#2095,.T.);
#1240=EDGE_CURVE('',#1759,#1758,#2096,.T.);
#1241=EDGE_CURVE('',#1760,#1759,#2097,.T.);
#1242=EDGE_CURVE('',#1761,#1760,#2098,.T.);
#1243=EDGE_CURVE('',#1762,#1761,#2099,.T.);
#1244=EDGE_CURVE('',#1763,#1762,#2100,.T.);
#1245=EDGE_CURVE('',#1764,#1763,#2101,.T.);
#1246=EDGE_CURVE('',#1765,#1764,#2102,.T.);
#1247=EDGE_CURVE('',#1766,#1765,#2103,.T.);
#1248=EDGE_CURVE('',#1767,#1766,#2104,.T.);
#1249=EDGE_CURVE('',#1768,#1767,#2105,.T.);
#1250=EDGE_CURVE('',#1769,#1768,#2106,.T.);
#1251=EDGE_CURVE('',#1770,#1769,#2107,.T.);
#1252=EDGE_CURVE('',#1771,#1770,#2108,.T.);
#1253=EDGE_CURVE('',#1772,#1771,#2109,.T.);
#1254=EDGE_CURVE('',#1773,#1772,#2110,.T.);
#1255=EDGE_CURVE('',#1774,#1773,#2111,.T.);
#1256=EDGE_CURVE('',#1775,#1774,#2112,.T.);
#1257=EDGE_CURVE('',#1776,#1775,#2113,.T.);
#1258=EDGE_CURVE('',#1777,#1776,#2114,.T.);
#1259=EDGE_CURVE('',#1778,#1777,#2115,.T.);
#1260=EDGE_CURVE('',#1779,#1778,#2116,.T.);
#1261=EDGE_CURVE('',#1780,#1779,#2117,.T.);
#1262=EDGE_CURVE('',#1781,#1780,#2118,.T.);
#1263=EDGE_CURVE('',#1782,#1781,#2119,.T.);
#1264=EDGE_CURVE('',#1783,#1782,#2120,.T.);
#1265=EDGE_CURVE('',#1784,#1783,#2121,.T.);
#1266=EDGE_CURVE('',#1785,#1784,#2122,.T.);
#1267=EDGE_CURVE('',#1786,#1785,#2123,.T.);
#1268=EDGE_CURVE('',#1787,#1786,#2124,.T.);
#1269=EDGE_CURVE('',#1788,#1787,#2125,.T.);
#1270=EDGE_CURVE('',#1789,#1788,#2126,.T.);
#1271=EDGE_CURVE('',#1790,#1789,#2127,.T.);
#1272=EDGE_CURVE('',#1791,#1790,#2128,.T.);
#1273=EDGE_CURVE('',#1792,#1791,#2129,.T.);
#1274=EDGE_CURVE('',#1793,#1792,#2130,.T.);
#1275=EDGE_CURVE('',#1794,#1793,#2131,.T.);
#1276=EDGE_CURVE('',#1795,#1794,#2132,.T.);
#1277=EDGE_CURVE('',#1796,#1795,#2133,.T.);
#1278=EDGE_CURVE('',#1797,#1796,#2134,.T.);
#1279=EDGE_CURVE('',#1798,#1797,#2135,.T.);
#1280=EDGE_CURVE('',#1799,#1798,#2136,.T.);
#1281=EDGE_CURVE('',#1800,#1799,#2137,.T.);
#1282=EDGE_CURVE('',#1801,#1800,#2138,.T.);
#1283=EDGE_CURVE('',#1802,#1801,#2139,.T.);
#1284=EDGE_CURVE('',#1803,#1802,#2140,.T.);
#1285=EDGE_CURVE('',#1804,#1803,#2141,.T.);
#1286=EDGE_CURVE('',#1805,#1804,#2142,.T.);
#1287=EDGE_CURVE('',#1806,#1805,#2143,.T.);
#1288=EDGE_CURVE('',#1807,#1806,#2144,.T.);
#1289=EDGE_CURVE('',#1808,#1807,#2145,.T.);
#1290=EDGE_CURVE('',#1809,#1808,#2146,.T.);
#1291=EDGE_CURVE('',#1810,#1809,#2147,.T.);
#1292=EDGE_CURVE('',#1811,#1810,#2148,.T.);
#1293=EDGE_CURVE('',#1812,#1811,#2149,.T.);
#1294=EDGE_CURVE('',#1813,#1812,#2150,.T.);
#1295=EDGE_CURVE('',#1814,#1813,#2151,.T.);
#1296=EDGE_CURVE('',#1815,#1814,#2152,.T.);
#1297=EDGE_CURVE('',#1816,#1815,#2153,.T.);
#1298=EDGE_CURVE('',#1817,#1816,#2154,.T.);
#1299=EDGE_CURVE('',#1818,#1817,#2155,.T.);
#1300=EDGE_CURVE('',#1819,#1818,#2156,.T.);
#1301=EDGE_CURVE('',#1820,#1819,#2157,.T.);
#1302=EDGE_CURVE('',#1821,#1820,#2158,.T.);
#1303=EDGE_CURVE('',#1822,#1821,#2159,.T.);
#1304=EDGE_CURVE('',#1823,#1822,#2160,.T.);
#1305=EDGE_CURVE('',#1824,#1823,#2161,.T.);
#1306=EDGE_CURVE('',#1825,#1824,#2162,.T.);
#1307=EDGE_CURVE('',#1826,#1825,#2163,.T.);
#1308=EDGE_CURVE('',#1827,#1826,#2164,.T.);
#1309=EDGE_CURVE('',#1828,#1827,#2165,.T.);
#1310=EDGE_CURVE('',#1829,#1828,#2166,.T.);
#1311=EDGE_CURVE('',#1830,#1829,#2167,.T.);
#1312=EDGE_CURVE('',#1831,#1830,#2168,.T.);
#1313=EDGE_CURVE('',#1832,#1831,#2169,.T.);
#1314=EDGE_CURVE('',#1833,#1832,#2170,.T.);
#1315=EDGE_CURVE('',#1834,#1833,#2171,.T.);
#1316=EDGE_CURVE('',#1835,#1834,#2172,.T.);
#1317=EDGE_CURVE('',#1836,#1835,#2173,.T.);
#1318=EDGE_CURVE('',#1837,#1836,#2174,.T.);
#1319=EDGE_CURVE('',#1838,#1837,#2175,.T.);
#1320=EDGE_CURVE('',#1839,#1838,#2176,.T.);
#1321=EDGE_CURVE('',#1840,#1839,#2177,.T.);
#1322=EDGE_CURVE('',#1841,#1840,#2178,.T.);
#1323=EDGE_CURVE('',#1842,#1841,#2179,.T.);
#1324=EDGE_CURVE('',#1843,#1842,#2180,.T.);
#1325=EDGE_CURVE('',#1844,#1843,#2181,.T.);
#1326=EDGE_CURVE('',#1845,#1844,#2182,.T.);
#1327=EDGE_CURVE('',#1846,#1845,#2183,.T.);
#1328=EDGE_CURVE('',#1847,#1846,#2184,.T.);
#1329=EDGE_CURVE('',#1848,#1847,#2185,.T.);
#1330=EDGE_CURVE('',#1752,#1848,#2186,.T.);
#1331=EDGE_CURVE('',#1849,#1850,#2187,.F.);
#1332=EDGE_CURVE('',#1850,#1851,#2188,.F.);
#1333=EDGE_CURVE('',#1851,#1852,#2189,.T.);
#1334=EDGE_CURVE('',#1852,#1849,#2190,.T.);
#1335=EDGE_CURVE('',#1853,#1854,#2191,.F.);
#1336=EDGE_CURVE('',#1854,#1855,#2192,.T.);
#1337=EDGE_CURVE('',#1855,#1856,#2193,.T.);
#1338=EDGE_CURVE('',#1853,#1856,#2194,.T.);
#1339=EDGE_CURVE('',#1857,#1857,#101,.T.);
#1340=EDGE_CURVE('',#1858,#1858,#102,.T.);
#1341=EDGE_CURVE('',#1859,#1859,#103,.T.);
#1342=EDGE_CURVE('',#1860,#1860,#104,.T.);
#1343=EDGE_CURVE('',#1861,#1862,#2195,.T.);
#1344=EDGE_CURVE('',#1861,#1863,#105,.F.);
#1345=EDGE_CURVE('',#1863,#1864,#106,.T.);
#1346=EDGE_CURVE('',#1864,#1853,#107,.F.);
#1347=EDGE_CURVE('',#1856,#1865,#108,.F.);
#1348=EDGE_CURVE('',#1865,#1866,#109,.T.);
#1349=EDGE_CURVE('',#1866,#1867,#110,.F.);
#1350=EDGE_CURVE('',#1867,#1868,#2196,.T.);
#1351=EDGE_CURVE('',#1868,#1869,#111,.F.);
#1352=EDGE_CURVE('',#1869,#1870,#112,.T.);
#1353=EDGE_CURVE('',#1870,#1871,#113,.F.);
#1354=EDGE_CURVE('',#1872,#1871,#2197,.T.);
#1355=EDGE_CURVE('',#1872,#1873,#114,.F.);
#1356=EDGE_CURVE('',#1873,#1874,#115,.T.);
#1357=EDGE_CURVE('',#1874,#1862,#116,.F.);
#1358=EDGE_CURVE('',#1875,#1876,#2198,.T.);
#1359=EDGE_CURVE('',#1875,#1877,#117,.F.);
#1360=EDGE_CURVE('',#1877,#1878,#2199,.T.);
#1361=EDGE_CURVE('',#1878,#1879,#118,.F.);
#1362=EDGE_CURVE('',#1879,#1880,#2200,.T.);
#1363=EDGE_CURVE('',#1880,#1881,#119,.F.);
#1364=EDGE_CURVE('',#1882,#1881,#2201,.T.);
#1365=EDGE_CURVE('',#1882,#1876,#120,.F.);
#1366=EDGE_CURVE('',#1862,#1883,#2202,.T.);
#1367=EDGE_CURVE('',#1883,#1884,#2203,.F.);
#1368=EDGE_CURVE('',#1884,#1861,#2204,.F.);
#1369=EDGE_CURVE('',#1867,#1885,#2205,.F.);
#1370=EDGE_CURVE('',#1885,#1886,#2206,.T.);
#1371=EDGE_CURVE('',#1886,#1868,#2207,.T.);
#1372=EDGE_CURVE('',#1871,#1887,#2208,.T.);
#1373=EDGE_CURVE('',#1887,#1888,#2209,.F.);
#1374=EDGE_CURVE('',#1888,#1872,#2210,.F.);
#1375=EDGE_CURVE('',#1889,#1889,#121,.T.);
#1376=EDGE_CURVE('',#1890,#1890,#122,.T.);
#1377=EDGE_CURVE('',#1891,#1891,#123,.T.);
#1378=EDGE_CURVE('',#1892,#1892,#124,.T.);
#1379=EDGE_CURVE('',#1893,#1894,#2211,.F.);
#1380=EDGE_CURVE('',#1894,#1895,#125,.T.);
#1381=EDGE_CURVE('',#1895,#1896,#126,.F.);
#1382=EDGE_CURVE('',#1896,#1897,#127,.T.);
#1383=EDGE_CURVE('',#1897,#1898,#2212,.F.);
#1384=EDGE_CURVE('',#1898,#1899,#128,.T.);
#1385=EDGE_CURVE('',#1899,#1900,#129,.F.);
#1386=EDGE_CURVE('',#1900,#1901,#130,.T.);
#1387=EDGE_CURVE('',#1901,#1902,#2213,.T.);
#1388=EDGE_CURVE('',#1902,#1903,#131,.T.);
#1389=EDGE_CURVE('',#1903,#1904,#132,.F.);
#1390=EDGE_CURVE('',#1904,#1905,#133,.T.);
#1391=EDGE_CURVE('',#1905,#1906,#2214,.T.);
#1392=EDGE_CURVE('',#1906,#1907,#134,.T.);
#1393=EDGE_CURVE('',#1907,#1908,#135,.F.);
#1394=EDGE_CURVE('',#1908,#1893,#136,.T.);
#1395=EDGE_CURVE('',#1877,#1909,#2215,.F.);
#1396=EDGE_CURVE('',#1909,#1910,#2216,.T.);
#1397=EDGE_CURVE('',#1910,#1878,#2217,.T.);
#1398=EDGE_CURVE('',#1911,#1912,#2218,.T.);
#1399=EDGE_CURVE('',#1911,#1913,#88,.T.);
#1400=EDGE_CURVE('',#1913,#1914,#2219,.F.);
#1401=EDGE_CURVE('',#1914,#1915,#2220,.F.);
#1402=EDGE_CURVE('',#1915,#1916,#2221,.T.);
#1403=EDGE_CURVE('',#1916,#1917,#89,.F.);
#1404=EDGE_CURVE('',#1917,#1875,#2222,.T.);
#1405=EDGE_CURVE('',#1876,#1912,#2223,.F.);
#1406=EDGE_CURVE('',#1881,#1918,#2224,.F.);
#1407=EDGE_CURVE('',#1919,#1918,#2225,.T.);
#1408=EDGE_CURVE('',#1919,#1882,#2226,.T.);
#1409=EDGE_CURVE('',#1920,#1921,#2227,.T.);
#1410=EDGE_CURVE('',#1921,#1880,#2228,.T.);
#1411=EDGE_CURVE('',#1879,#1920,#2229,.F.);
#1412=EDGE_CURVE('',#1922,#1923,#2230,.T.);
#1413=EDGE_CURVE('',#1923,#1911,#90,.T.);
#1414=EDGE_CURVE('',#1912,#1919,#137,.T.);
#1415=EDGE_CURVE('',#1918,#1921,#138,.T.);
#1416=EDGE_CURVE('',#1920,#1910,#139,.T.);
#1417=EDGE_CURVE('',#1909,#1924,#140,.T.);
#1418=EDGE_CURVE('',#1924,#1925,#91,.T.);
#1419=EDGE_CURVE('',#1925,#1926,#2231,.F.);
#1420=EDGE_CURVE('',#1926,#1927,#2232,.T.);
#1421=EDGE_CURVE('',#1927,#1928,#2233,.T.);
#1422=EDGE_CURVE('',#1929,#1928,#2234,.T.);
#1423=EDGE_CURVE('',#1930,#1929,#2235,.T.);
#1424=EDGE_CURVE('',#1930,#1922,#2236,.T.);
#1425=EDGE_CURVE('',#1931,#1932,#2237,.T.);
#1426=EDGE_CURVE('',#1931,#1933,#2238,.T.);
#1427=EDGE_CURVE('',#1933,#1934,#2239,.T.);
#1428=EDGE_CURVE('',#1932,#1934,#2240,.T.);
#1429=EDGE_CURVE('',#1929,#1933,#2241,.T.);
#1430=EDGE_CURVE('',#1928,#1934,#2242,.T.);
#1431=EDGE_CURVE('',#1927,#1932,#2243,.T.);
#1432=EDGE_CURVE('',#1935,#1936,#2244,.T.);
#1433=EDGE_CURVE('',#1936,#1922,#141,.F.);
#1434=EDGE_CURVE('',#1930,#1931,#2245,.T.);
#1435=EDGE_CURVE('',#1926,#1935,#142,.F.);
#1436=EDGE_CURVE('',#1917,#1924,#92,.T.);
#1437=EDGE_CURVE('',#1869,#1937,#2246,.F.);
#1438=EDGE_CURVE('',#1937,#1938,#143,.T.);
#1439=EDGE_CURVE('',#1938,#1870,#2247,.T.);
#1440=EDGE_CURVE('',#1873,#1939,#2248,.F.);
#1441=EDGE_CURVE('',#1939,#1940,#144,.T.);
#1442=EDGE_CURVE('',#1940,#1874,#2249,.T.);
#1443=EDGE_CURVE('',#1865,#1941,#2250,.F.);
#1444=EDGE_CURVE('',#1941,#1942,#145,.T.);
#1445=EDGE_CURVE('',#1942,#1866,#2251,.T.);
#1446=EDGE_CURVE('',#1863,#1943,#2252,.F.);
#1447=EDGE_CURVE('',#1943,#1944,#146,.T.);
#1448=EDGE_CURVE('',#1944,#1864,#2253,.T.);
#1449=EDGE_CURVE('',#1886,#1937,#147,.F.);
#1450=EDGE_CURVE('',#1938,#1887,#148,.F.);
#1451=EDGE_CURVE('',#1888,#1939,#149,.F.);
#1452=EDGE_CURVE('',#1940,#1883,#150,.F.);
#1453=EDGE_CURVE('',#1884,#1943,#151,.F.);
#1454=EDGE_CURVE('',#1944,#1854,#152,.F.);
#1455=EDGE_CURVE('',#1942,#1885,#153,.F.);
#1456=EDGE_CURVE('',#1855,#1941,#154,.F.);
#1457=EDGE_CURVE('',#1883,#1902,#155,.T.);
#1458=EDGE_CURVE('',#1903,#1940,#156,.T.);
#1459=EDGE_CURVE('',#1904,#1939,#157,.T.);
#1460=EDGE_CURVE('',#1884,#1901,#158,.T.);
#1461=EDGE_CURVE('',#1905,#1888,#159,.T.);
#1462=EDGE_CURVE('',#1943,#1900,#160,.T.);
#1463=EDGE_CURVE('',#1906,#1887,#161,.T.);
#1464=EDGE_CURVE('',#1944,#1899,#162,.T.);
#1465=EDGE_CURVE('',#1907,#1938,#163,.T.);
#1466=EDGE_CURVE('',#1854,#1898,#164,.T.);
#1467=EDGE_CURVE('',#1908,#1937,#165,.T.);
#1468=EDGE_CURVE('',#1855,#1897,#166,.T.);
#1469=EDGE_CURVE('',#1893,#1886,#167,.T.);
#1470=EDGE_CURVE('',#1941,#1896,#168,.T.);
#1471=EDGE_CURVE('',#1894,#1885,#169,.T.);
#1472=EDGE_CURVE('',#1942,#1895,#170,.T.);
#1473=EDGE_CURVE('',#1945,#1945,#171,.T.);
#1474=EDGE_CURVE('',#1946,#1946,#172,.T.);
#1475=EDGE_CURVE('',#1947,#1947,#173,.T.);
#1476=EDGE_CURVE('',#1948,#1948,#174,.T.);
#1477=EDGE_CURVE('',#1949,#1950,#2254,.T.);
#1478=EDGE_CURVE('',#1950,#1951,#2255,.T.);
#1479=EDGE_CURVE('',#1951,#1952,#2256,.F.);
#1480=EDGE_CURVE('',#1952,#1949,#2257,.F.);
#1481=EDGE_CURVE('',#1953,#1954,#2258,.T.);
#1482=EDGE_CURVE('',#1954,#1955,#2259,.F.);
#1483=EDGE_CURVE('',#1955,#1956,#2260,.F.);
#1484=EDGE_CURVE('',#1956,#1953,#2261,.T.);
#1485=EDGE_CURVE('',#1957,#1958,#2262,.F.);
#1486=EDGE_CURVE('',#1958,#1959,#175,.T.);
#1487=EDGE_CURVE('',#1959,#1960,#2263,.F.);
#1488=EDGE_CURVE('',#1960,#1961,#176,.T.);
#1489=EDGE_CURVE('',#1961,#1962,#2264,.T.);
#1490=EDGE_CURVE('',#1962,#1957,#2265,.T.);
#1491=EDGE_CURVE('',#1963,#1964,#2266,.F.);
#1492=EDGE_CURVE('',#1964,#1965,#2267,.F.);
#1493=EDGE_CURVE('',#1965,#1966,#2268,.T.);
#1494=EDGE_CURVE('',#1966,#1963,#2269,.T.);
#1495=EDGE_CURVE('',#1925,#1967,#93,.T.);
#1496=EDGE_CURVE('',#1967,#1935,#94,.T.);
#1497=EDGE_CURVE('',#1955,#1968,#177,.F.);
#1498=EDGE_CURVE('',#1968,#1916,#95,.T.);
#1499=EDGE_CURVE('',#1915,#1956,#20,.F.);
#1500=EDGE_CURVE('',#1914,#1950,#21,.F.);
#1501=EDGE_CURVE('',#1949,#1915,#22,.T.);
#1502=EDGE_CURVE('',#1965,#1914,#23,.T.);
#1503=EDGE_CURVE('',#1913,#1969,#96,.T.);
#1504=EDGE_CURVE('',#1969,#1966,#178,.F.);
#1505=EDGE_CURVE('',#1936,#1970,#97,.T.);
#1506=EDGE_CURVE('',#1970,#1923,#98,.T.);
#1507=EDGE_CURVE('',#1852,#1964,#24,.T.);
#1508=EDGE_CURVE('',#1963,#1849,#25,.F.);
#1509=EDGE_CURVE('',#1951,#1852,#26,.F.);
#1510=EDGE_CURVE('',#1851,#1952,#27,.T.);
#1511=EDGE_CURVE('',#1849,#1957,#28,.T.);
#1512=EDGE_CURVE('',#1962,#1850,#29,.F.);
#1513=EDGE_CURVE('',#1850,#1954,#30,.T.);
#1514=EDGE_CURVE('',#1953,#1851,#31,.F.);
#1515=EDGE_CURVE('',#1959,#1970,#99,.T.);
#1516=EDGE_CURVE('',#1967,#1960,#100,.T.);
#1517=EDGE_CURVE('',#1964,#1951,#179,.T.);
#1518=EDGE_CURVE('',#1965,#1950,#180,.T.);
#1519=EDGE_CURVE('',#1957,#1963,#181,.T.);
#1520=EDGE_CURVE('',#1958,#1966,#182,.T.);
#1521=EDGE_CURVE('',#1969,#1959,#183,.T.);
#1522=EDGE_CURVE('',#1954,#1962,#184,.T.);
#1523=EDGE_CURVE('',#1955,#1961,#185,.T.);
#1524=EDGE_CURVE('',#1968,#1960,#186,.T.);
#1525=EDGE_CURVE('',#1952,#1953,#187,.T.);
#1526=EDGE_CURVE('',#1949,#1956,#188,.T.);
#1527=EDGE_CURVE('',#1971,#1971,#189,.T.);
#1528=EDGE_CURVE('',#1972,#1972,#190,.T.);
#1529=EDGE_CURVE('',#1973,#1973,#191,.T.);
#1530=EDGE_CURVE('',#1974,#1974,#192,.T.);
#1531=EDGE_CURVE('',#1975,#1751,#2270,.T.);
#1532=EDGE_CURVE('',#1976,#1975,#2271,.T.);
#1533=EDGE_CURVE('',#1976,#1753,#2272,.T.);
#1534=EDGE_CURVE('',#1977,#1752,#2273,.T.);
#1535=EDGE_CURVE('',#1975,#1977,#2274,.T.);
#1536=EDGE_CURVE('',#1978,#1848,#2275,.T.);
#1537=EDGE_CURVE('',#1977,#1978,#2276,.T.);
#1538=EDGE_CURVE('',#1979,#1847,#2277,.T.);
#1539=EDGE_CURVE('',#1978,#1979,#2278,.T.);
#1540=EDGE_CURVE('',#1980,#1846,#2279,.T.);
#1541=EDGE_CURVE('',#1979,#1980,#2280,.T.);
#1542=EDGE_CURVE('',#1981,#1845,#2281,.T.);
#1543=EDGE_CURVE('',#1980,#1981,#2282,.T.);
#1544=EDGE_CURVE('',#1982,#1844,#2283,.T.);
#1545=EDGE_CURVE('',#1981,#1982,#2284,.T.);
#1546=EDGE_CURVE('',#1983,#1843,#2285,.T.);
#1547=EDGE_CURVE('',#1982,#1983,#2286,.T.);
#1548=EDGE_CURVE('',#1984,#1842,#2287,.T.);
#1549=EDGE_CURVE('',#1983,#1984,#2288,.T.);
#1550=EDGE_CURVE('',#1985,#1841,#2289,.T.);
#1551=EDGE_CURVE('',#1984,#1985,#2290,.T.);
#1552=EDGE_CURVE('',#1986,#1840,#2291,.T.);
#1553=EDGE_CURVE('',#1985,#1986,#2292,.T.);
#1554=EDGE_CURVE('',#1987,#1839,#2293,.T.);
#1555=EDGE_CURVE('',#1986,#1987,#2294,.T.);
#1556=EDGE_CURVE('',#1988,#1838,#2295,.T.);
#1557=EDGE_CURVE('',#1987,#1988,#2296,.T.);
#1558=EDGE_CURVE('',#1989,#1837,#2297,.T.);
#1559=EDGE_CURVE('',#1988,#1989,#2298,.T.);
#1560=EDGE_CURVE('',#1990,#1836,#2299,.T.);
#1561=EDGE_CURVE('',#1989,#1990,#2300,.T.);
#1562=EDGE_CURVE('',#1991,#1835,#2301,.T.);
#1563=EDGE_CURVE('',#1990,#1991,#2302,.T.);
#1564=EDGE_CURVE('',#1992,#1834,#2303,.T.);
#1565=EDGE_CURVE('',#1991,#1992,#2304,.T.);
#1566=EDGE_CURVE('',#1993,#1833,#2305,.T.);
#1567=EDGE_CURVE('',#1992,#1993,#2306,.T.);
#1568=EDGE_CURVE('',#1994,#1832,#2307,.T.);
#1569=EDGE_CURVE('',#1993,#1994,#2308,.T.);
#1570=EDGE_CURVE('',#1995,#1831,#2309,.T.);
#1571=EDGE_CURVE('',#1994,#1995,#2310,.T.);
#1572=EDGE_CURVE('',#1996,#1830,#2311,.T.);
#1573=EDGE_CURVE('',#1995,#1996,#2312,.T.);
#1574=EDGE_CURVE('',#1997,#1829,#2313,.T.);
#1575=EDGE_CURVE('',#1996,#1997,#2314,.T.);
#1576=EDGE_CURVE('',#1998,#1828,#2315,.T.);
#1577=EDGE_CURVE('',#1997,#1998,#2316,.T.);
#1578=EDGE_CURVE('',#1999,#1827,#2317,.T.);
#1579=EDGE_CURVE('',#1998,#1999,#2318,.T.);
#1580=EDGE_CURVE('',#2000,#1826,#2319,.T.);
#1581=EDGE_CURVE('',#1999,#2000,#2320,.T.);
#1582=EDGE_CURVE('',#2001,#1825,#2321,.T.);
#1583=EDGE_CURVE('',#2000,#2001,#2322,.T.);
#1584=EDGE_CURVE('',#2002,#1824,#2323,.T.);
#1585=EDGE_CURVE('',#2001,#2002,#2324,.T.);
#1586=EDGE_CURVE('',#2003,#1823,#2325,.T.);
#1587=EDGE_CURVE('',#2002,#2003,#2326,.T.);
#1588=EDGE_CURVE('',#2004,#1822,#2327,.T.);
#1589=EDGE_CURVE('',#2003,#2004,#2328,.T.);
#1590=EDGE_CURVE('',#2005,#1821,#2329,.T.);
#1591=EDGE_CURVE('',#2004,#2005,#2330,.T.);
#1592=EDGE_CURVE('',#2006,#1820,#2331,.T.);
#1593=EDGE_CURVE('',#2005,#2006,#2332,.T.);
#1594=EDGE_CURVE('',#2007,#1819,#2333,.T.);
#1595=EDGE_CURVE('',#2006,#2007,#2334,.T.);
#1596=EDGE_CURVE('',#2008,#1818,#2335,.T.);
#1597=EDGE_CURVE('',#2007,#2008,#2336,.T.);
#1598=EDGE_CURVE('',#2009,#1817,#2337,.T.);
#1599=EDGE_CURVE('',#2008,#2009,#2338,.T.);
#1600=EDGE_CURVE('',#2010,#1816,#2339,.T.);
#1601=EDGE_CURVE('',#2009,#2010,#2340,.T.);
#1602=EDGE_CURVE('',#2011,#1815,#2341,.T.);
#1603=EDGE_CURVE('',#2010,#2011,#2342,.T.);
#1604=EDGE_CURVE('',#2012,#1814,#2343,.T.);
#1605=EDGE_CURVE('',#2011,#2012,#2344,.T.);
#1606=EDGE_CURVE('',#2013,#1813,#2345,.T.);
#1607=EDGE_CURVE('',#2012,#2013,#2346,.T.);
#1608=EDGE_CURVE('',#2014,#1812,#2347,.T.);
#1609=EDGE_CURVE('',#2013,#2014,#2348,.T.);
#1610=EDGE_CURVE('',#2015,#1811,#2349,.T.);
#1611=EDGE_CURVE('',#2014,#2015,#2350,.T.);
#1612=EDGE_CURVE('',#2016,#1810,#2351,.T.);
#1613=EDGE_CURVE('',#2015,#2016,#2352,.T.);
#1614=EDGE_CURVE('',#2017,#1809,#2353,.T.);
#1615=EDGE_CURVE('',#2016,#2017,#2354,.T.);
#1616=EDGE_CURVE('',#2018,#1808,#2355,.T.);
#1617=EDGE_CURVE('',#2017,#2018,#2356,.T.);
#1618=EDGE_CURVE('',#2019,#1807,#2357,.T.);
#1619=EDGE_CURVE('',#2018,#2019,#2358,.T.);
#1620=EDGE_CURVE('',#2020,#1806,#2359,.T.);
#1621=EDGE_CURVE('',#2019,#2020,#2360,.T.);
#1622=EDGE_CURVE('',#2021,#1805,#2361,.T.);
#1623=EDGE_CURVE('',#2020,#2021,#2362,.T.);
#1624=EDGE_CURVE('',#2022,#1804,#2363,.T.);
#1625=EDGE_CURVE('',#2021,#2022,#2364,.T.);
#1626=EDGE_CURVE('',#2023,#1803,#2365,.T.);
#1627=EDGE_CURVE('',#2022,#2023,#2366,.T.);
#1628=EDGE_CURVE('',#2024,#1802,#2367,.T.);
#1629=EDGE_CURVE('',#2023,#2024,#2368,.T.);
#1630=EDGE_CURVE('',#2025,#1801,#2369,.T.);
#1631=EDGE_CURVE('',#2024,#2025,#2370,.T.);
#1632=EDGE_CURVE('',#2026,#1800,#2371,.T.);
#1633=EDGE_CURVE('',#2025,#2026,#2372,.T.);
#1634=EDGE_CURVE('',#2027,#1799,#2373,.T.);
#1635=EDGE_CURVE('',#2026,#2027,#2374,.T.);
#1636=EDGE_CURVE('',#2028,#1798,#2375,.T.);
#1637=EDGE_CURVE('',#2027,#2028,#2376,.T.);
#1638=EDGE_CURVE('',#2029,#1797,#2377,.T.);
#1639=EDGE_CURVE('',#2028,#2029,#2378,.T.);
#1640=EDGE_CURVE('',#2030,#1796,#2379,.T.);
#1641=EDGE_CURVE('',#2029,#2030,#2380,.T.);
#1642=EDGE_CURVE('',#2031,#1795,#2381,.T.);
#1643=EDGE_CURVE('',#2030,#2031,#2382,.T.);
#1644=EDGE_CURVE('',#2032,#1794,#2383,.T.);
#1645=EDGE_CURVE('',#2031,#2032,#2384,.T.);
#1646=EDGE_CURVE('',#2033,#1793,#2385,.T.);
#1647=EDGE_CURVE('',#2032,#2033,#2386,.T.);
#1648=EDGE_CURVE('',#2034,#1792,#2387,.T.);
#1649=EDGE_CURVE('',#2033,#2034,#2388,.T.);
#1650=EDGE_CURVE('',#2035,#1791,#2389,.T.);
#1651=EDGE_CURVE('',#2034,#2035,#2390,.T.);
#1652=EDGE_CURVE('',#2036,#1790,#2391,.T.);
#1653=EDGE_CURVE('',#2035,#2036,#2392,.T.);
#1654=EDGE_CURVE('',#2037,#1789,#2393,.T.);
#1655=EDGE_CURVE('',#2036,#2037,#2394,.T.);
#1656=EDGE_CURVE('',#2038,#1788,#2395,.T.);
#1657=EDGE_CURVE('',#2037,#2038,#2396,.T.);
#1658=EDGE_CURVE('',#2039,#1787,#2397,.T.);
#1659=EDGE_CURVE('',#2038,#2039,#2398,.T.);
#1660=EDGE_CURVE('',#2040,#1786,#2399,.T.);
#1661=EDGE_CURVE('',#2039,#2040,#2400,.T.);
#1662=EDGE_CURVE('',#2041,#1785,#2401,.T.);
#1663=EDGE_CURVE('',#2040,#2041,#2402,.T.);
#1664=EDGE_CURVE('',#2042,#1784,#2403,.T.);
#1665=EDGE_CURVE('',#2041,#2042,#2404,.T.);
#1666=EDGE_CURVE('',#2043,#1783,#2405,.T.);
#1667=EDGE_CURVE('',#2042,#2043,#2406,.T.);
#1668=EDGE_CURVE('',#2044,#1782,#2407,.T.);
#1669=EDGE_CURVE('',#2043,#2044,#2408,.T.);
#1670=EDGE_CURVE('',#2045,#1781,#2409,.T.);
#1671=EDGE_CURVE('',#2044,#2045,#2410,.T.);
#1672=EDGE_CURVE('',#2046,#1780,#2411,.T.);
#1673=EDGE_CURVE('',#2045,#2046,#2412,.T.);
#1674=EDGE_CURVE('',#2047,#1779,#2413,.T.);
#1675=EDGE_CURVE('',#2046,#2047,#2414,.T.);
#1676=EDGE_CURVE('',#2048,#1778,#2415,.T.);
#1677=EDGE_CURVE('',#2047,#2048,#2416,.T.);
#1678=EDGE_CURVE('',#2049,#1777,#2417,.T.);
#1679=EDGE_CURVE('',#2048,#2049,#2418,.T.);
#1680=EDGE_CURVE('',#2050,#1776,#2419,.T.);
#1681=EDGE_CURVE('',#2049,#2050,#2420,.T.);
#1682=EDGE_CURVE('',#2051,#1775,#2421,.T.);
#1683=EDGE_CURVE('',#2050,#2051,#2422,.T.);
#1684=EDGE_CURVE('',#2052,#1774,#2423,.T.);
#1685=EDGE_CURVE('',#2051,#2052,#2424,.T.);
#1686=EDGE_CURVE('',#2053,#1773,#2425,.T.);
#1687=EDGE_CURVE('',#2052,#2053,#2426,.T.);
#1688=EDGE_CURVE('',#2054,#1772,#2427,.T.);
#1689=EDGE_CURVE('',#2053,#2054,#2428,.T.);
#1690=EDGE_CURVE('',#2055,#1771,#2429,.T.);
#1691=EDGE_CURVE('',#2054,#2055,#2430,.T.);
#1692=EDGE_CURVE('',#2056,#1770,#2431,.T.);
#1693=EDGE_CURVE('',#2055,#2056,#2432,.T.);
#1694=EDGE_CURVE('',#2057,#1769,#2433,.T.);
#1695=EDGE_CURVE('',#2056,#2057,#2434,.T.);
#1696=EDGE_CURVE('',#2058,#1768,#2435,.T.);
#1697=EDGE_CURVE('',#2057,#2058,#2436,.T.);
#1698=EDGE_CURVE('',#2059,#1767,#2437,.T.);
#1699=EDGE_CURVE('',#2058,#2059,#2438,.T.);
#1700=EDGE_CURVE('',#2060,#1766,#2439,.T.);
#1701=EDGE_CURVE('',#2059,#2060,#2440,.T.);
#1702=EDGE_CURVE('',#2061,#1765,#2441,.T.);
#1703=EDGE_CURVE('',#2060,#2061,#2442,.T.);
#1704=EDGE_CURVE('',#2062,#1764,#2443,.T.);
#1705=EDGE_CURVE('',#2061,#2062,#2444,.T.);
#1706=EDGE_CURVE('',#2063,#1763,#2445,.T.);
#1707=EDGE_CURVE('',#2062,#2063,#2446,.T.);
#1708=EDGE_CURVE('',#2064,#1762,#2447,.T.);
#1709=EDGE_CURVE('',#2063,#2064,#2448,.T.);
#1710=EDGE_CURVE('',#2065,#1761,#2449,.T.);
#1711=EDGE_CURVE('',#2064,#2065,#2450,.T.);
#1712=EDGE_CURVE('',#2066,#1760,#2451,.T.);
#1713=EDGE_CURVE('',#2065,#2066,#2452,.T.);
#1714=EDGE_CURVE('',#2067,#1759,#2453,.T.);
#1715=EDGE_CURVE('',#2066,#2067,#2454,.T.);
#1716=EDGE_CURVE('',#2068,#1758,#2455,.T.);
#1717=EDGE_CURVE('',#2067,#2068,#2456,.T.);
#1718=EDGE_CURVE('',#2069,#1757,#2457,.T.);
#1719=EDGE_CURVE('',#2068,#2069,#2458,.T.);
#1720=EDGE_CURVE('',#2070,#1756,#2459,.T.);
#1721=EDGE_CURVE('',#2069,#2070,#2460,.T.);
#1722=EDGE_CURVE('',#2071,#1755,#2461,.T.);
#1723=EDGE_CURVE('',#2070,#2071,#2462,.T.);
#1724=EDGE_CURVE('',#2072,#1754,#2463,.T.);
#1725=EDGE_CURVE('',#2071,#2072,#2464,.T.);
#1726=EDGE_CURVE('',#2073,#2074,#2465,.T.);
#1727=EDGE_CURVE('',#2075,#2074,#2466,.T.);
#1728=EDGE_CURVE('',#2076,#2075,#2467,.T.);
#1729=EDGE_CURVE('',#2076,#2073,#2468,.T.);
#1730=EDGE_CURVE('',#2074,#2077,#2469,.T.);
#1731=EDGE_CURVE('',#2078,#2077,#2470,.T.);
#1732=EDGE_CURVE('',#2075,#2078,#2471,.T.);
#1733=EDGE_CURVE('',#2077,#2079,#2472,.T.);
#1734=EDGE_CURVE('',#2080,#2079,#2473,.T.);
#1735=EDGE_CURVE('',#2078,#2080,#2474,.T.);
#1736=EDGE_CURVE('',#2079,#2073,#2475,.T.);
#1737=EDGE_CURVE('',#2080,#2076,#2476,.T.);
#1738=EDGE_CURVE('',#2072,#1976,#2477,.T.);
#1739=EDGE_CURVE('',#2081,#1747,#2478,.T.);
#1740=EDGE_CURVE('',#2082,#2081,#2479,.T.);
#1741=EDGE_CURVE('',#2082,#1749,#2480,.T.);
#1742=EDGE_CURVE('',#2083,#1748,#2481,.T.);
#1743=EDGE_CURVE('',#2081,#2083,#2482,.T.);
#1744=EDGE_CURVE('',#2084,#1750,#2483,.T.);
#1745=EDGE_CURVE('',#2083,#2084,#2484,.T.);
#1746=EDGE_CURVE('',#2084,#2082,#2485,.T.);
#1747=VERTEX_POINT('',#4979);
#1748=VERTEX_POINT('',#4980);
#1749=VERTEX_POINT('',#4982);
#1750=VERTEX_POINT('',#4984);
#1751=VERTEX_POINT('',#4987);
#1752=VERTEX_POINT('',#4988);
#1753=VERTEX_POINT('',#4990);
#1754=VERTEX_POINT('',#4992);
#1755=VERTEX_POINT('',#4994);
#1756=VERTEX_POINT('',#4996);
#1757=VERTEX_POINT('',#4998);
#1758=VERTEX_POINT('',#5000);
#1759=VERTEX_POINT('',#5002);
#1760=VERTEX_POINT('',#5004);
#1761=VERTEX_POINT('',#5006);
#1762=VERTEX_POINT('',#5008);
#1763=VERTEX_POINT('',#5010);
#1764=VERTEX_POINT('',#5012);
#1765=VERTEX_POINT('',#5014);
#1766=VERTEX_POINT('',#5016);
#1767=VERTEX_POINT('',#5018);
#1768=VERTEX_POINT('',#5020);
#1769=VERTEX_POINT('',#5022);
#1770=VERTEX_POINT('',#5024);
#1771=VERTEX_POINT('',#5026);
#1772=VERTEX_POINT('',#5028);
#1773=VERTEX_POINT('',#5030);
#1774=VERTEX_POINT('',#5032);
#1775=VERTEX_POINT('',#5034);
#1776=VERTEX_POINT('',#5036);
#1777=VERTEX_POINT('',#5038);
#1778=VERTEX_POINT('',#5040);
#1779=VERTEX_POINT('',#5042);
#1780=VERTEX_POINT('',#5044);
#1781=VERTEX_POINT('',#5046);
#1782=VERTEX_POINT('',#5048);
#1783=VERTEX_POINT('',#5050);
#1784=VERTEX_POINT('',#5052);
#1785=VERTEX_POINT('',#5054);
#1786=VERTEX_POINT('',#5056);
#1787=VERTEX_POINT('',#5058);
#1788=VERTEX_POINT('',#5060);
#1789=VERTEX_POINT('',#5062);
#1790=VERTEX_POINT('',#5064);
#1791=VERTEX_POINT('',#5066);
#1792=VERTEX_POINT('',#5068);
#1793=VERTEX_POINT('',#5070);
#1794=VERTEX_POINT('',#5072);
#1795=VERTEX_POINT('',#5074);
#1796=VERTEX_POINT('',#5076);
#1797=VERTEX_POINT('',#5078);
#1798=VERTEX_POINT('',#5080);
#1799=VERTEX_POINT('',#5082);
#1800=VERTEX_POINT('',#5084);
#1801=VERTEX_POINT('',#5086);
#1802=VERTEX_POINT('',#5088);
#1803=VERTEX_POINT('',#5090);
#1804=VERTEX_POINT('',#5092);
#1805=VERTEX_POINT('',#5094);
#1806=VERTEX_POINT('',#5096);
#1807=VERTEX_POINT('',#5098);
#1808=VERTEX_POINT('',#5100);
#1809=VERTEX_POINT('',#5102);
#1810=VERTEX_POINT('',#5104);
#1811=VERTEX_POINT('',#5106);
#1812=VERTEX_POINT('',#5108);
#1813=VERTEX_POINT('',#5110);
#1814=VERTEX_POINT('',#5112);
#1815=VERTEX_POINT('',#5114);
#1816=VERTEX_POINT('',#5116);
#1817=VERTEX_POINT('',#5118);
#1818=VERTEX_POINT('',#5120);
#1819=VERTEX_POINT('',#5122);
#1820=VERTEX_POINT('',#5124);
#1821=VERTEX_POINT('',#5126);
#1822=VERTEX_POINT('',#5128);
#1823=VERTEX_POINT('',#5130);
#1824=VERTEX_POINT('',#5132);
#1825=VERTEX_POINT('',#5134);
#1826=VERTEX_POINT('',#5136);
#1827=VERTEX_POINT('',#5138);
#1828=VERTEX_POINT('',#5140);
#1829=VERTEX_POINT('',#5142);
#1830=VERTEX_POINT('',#5144);
#1831=VERTEX_POINT('',#5146);
#1832=VERTEX_POINT('',#5148);
#1833=VERTEX_POINT('',#5150);
#1834=VERTEX_POINT('',#5152);
#1835=VERTEX_POINT('',#5154);
#1836=VERTEX_POINT('',#5156);
#1837=VERTEX_POINT('',#5158);
#1838=VERTEX_POINT('',#5160);
#1839=VERTEX_POINT('',#5162);
#1840=VERTEX_POINT('',#5164);
#1841=VERTEX_POINT('',#5166);
#1842=VERTEX_POINT('',#5168);
#1843=VERTEX_POINT('',#5170);
#1844=VERTEX_POINT('',#5172);
#1845=VERTEX_POINT('',#5174);
#1846=VERTEX_POINT('',#5176);
#1847=VERTEX_POINT('',#5178);
#1848=VERTEX_POINT('',#5180);
#1849=VERTEX_POINT('',#5183);
#1850=VERTEX_POINT('',#5184);
#1851=VERTEX_POINT('',#5186);
#1852=VERTEX_POINT('',#5188);
#1853=VERTEX_POINT('',#5191);
#1854=VERTEX_POINT('',#5192);
#1855=VERTEX_POINT('',#5194);
#1856=VERTEX_POINT('',#5196);
#1857=VERTEX_POINT('',#5200);
#1858=VERTEX_POINT('',#5202);
#1859=VERTEX_POINT('',#5204);
#1860=VERTEX_POINT('',#5206);
#1861=VERTEX_POINT('',#5208);
#1862=VERTEX_POINT('',#5209);
#1863=VERTEX_POINT('',#5211);
#1864=VERTEX_POINT('',#5213);
#1865=VERTEX_POINT('',#5216);
#1866=VERTEX_POINT('',#5218);
#1867=VERTEX_POINT('',#5220);
#1868=VERTEX_POINT('',#5222);
#1869=VERTEX_POINT('',#5224);
#1870=VERTEX_POINT('',#5226);
#1871=VERTEX_POINT('',#5228);
#1872=VERTEX_POINT('',#5230);
#1873=VERTEX_POINT('',#5232);
#1874=VERTEX_POINT('',#5234);
#1875=VERTEX_POINT('',#5237);
#1876=VERTEX_POINT('',#5238);
#1877=VERTEX_POINT('',#5240);
#1878=VERTEX_POINT('',#5242);
#1879=VERTEX_POINT('',#5244);
#1880=VERTEX_POINT('',#5246);
#1881=VERTEX_POINT('',#5248);
#1882=VERTEX_POINT('',#5250);
#1883=VERTEX_POINT('',#5254);
#1884=VERTEX_POINT('',#5256);
#1885=VERTEX_POINT('',#5260);
#1886=VERTEX_POINT('',#5262);
#1887=VERTEX_POINT('',#5266);
#1888=VERTEX_POINT('',#5268);
#1889=VERTEX_POINT('',#5272);
#1890=VERTEX_POINT('',#5274);
#1891=VERTEX_POINT('',#5276);
#1892=VERTEX_POINT('',#5278);
#1893=VERTEX_POINT('',#5280);
#1894=VERTEX_POINT('',#5281);
#1895=VERTEX_POINT('',#5283);
#1896=VERTEX_POINT('',#5285);
#1897=VERTEX_POINT('',#5287);
#1898=VERTEX_POINT('',#5289);
#1899=VERTEX_POINT('',#5291);
#1900=VERTEX_POINT('',#5293);
#1901=VERTEX_POINT('',#5295);
#1902=VERTEX_POINT('',#5297);
#1903=VERTEX_POINT('',#5299);
#1904=VERTEX_POINT('',#5301);
#1905=VERTEX_POINT('',#5303);
#1906=VERTEX_POINT('',#5305);
#1907=VERTEX_POINT('',#5307);
#1908=VERTEX_POINT('',#5309);
#1909=VERTEX_POINT('',#5313);
#1910=VERTEX_POINT('',#5315);
#1911=VERTEX_POINT('',#5319);
#1912=VERTEX_POINT('',#5320);
#1913=VERTEX_POINT('',#5326);
#1914=VERTEX_POINT('',#5328);
#1915=VERTEX_POINT('',#5330);
#1916=VERTEX_POINT('',#5332);
#1917=VERTEX_POINT('',#5337);
#1918=VERTEX_POINT('',#5342);
#1919=VERTEX_POINT('',#5344);
#1920=VERTEX_POINT('',#5348);
#1921=VERTEX_POINT('',#5349);
#1922=VERTEX_POINT('',#5354);
#1923=VERTEX_POINT('',#5355);
#1924=VERTEX_POINT('',#5366);
#1925=VERTEX_POINT('',#5373);
#1926=VERTEX_POINT('',#5375);
#1927=VERTEX_POINT('',#5377);
#1928=VERTEX_POINT('',#5379);
#1929=VERTEX_POINT('',#5381);
#1930=VERTEX_POINT('',#5383);
#1931=VERTEX_POINT('',#5387);
#1932=VERTEX_POINT('',#5388);
#1933=VERTEX_POINT('',#5390);
#1934=VERTEX_POINT('',#5392);
#1935=VERTEX_POINT('',#5401);
#1936=VERTEX_POINT('',#5402);
#1937=VERTEX_POINT('',#5417);
#1938=VERTEX_POINT('',#5419);
#1939=VERTEX_POINT('',#5423);
#1940=VERTEX_POINT('',#5425);
#1941=VERTEX_POINT('',#5429);
#1942=VERTEX_POINT('',#5431);
#1943=VERTEX_POINT('',#5435);
#1944=VERTEX_POINT('',#5437);
#1945=VERTEX_POINT('',#5489);
#1946=VERTEX_POINT('',#5493);
#1947=VERTEX_POINT('',#5497);
#1948=VERTEX_POINT('',#5501);
#1949=VERTEX_POINT('',#5505);
#1950=VERTEX_POINT('',#5506);
#1951=VERTEX_POINT('',#5508);
#1952=VERTEX_POINT('',#5510);
#1953=VERTEX_POINT('',#5514);
#1954=VERTEX_POINT('',#5515);
#1955=VERTEX_POINT('',#5517);
#1956=VERTEX_POINT('',#5519);
#1957=VERTEX_POINT('',#5523);
#1958=VERTEX_POINT('',#5524);
#1959=VERTEX_POINT('',#5526);
#1960=VERTEX_POINT('',#5528);
#1961=VERTEX_POINT('',#5530);
#1962=VERTEX_POINT('',#5532);
#1963=VERTEX_POINT('',#5536);
#1964=VERTEX_POINT('',#5537);
#1965=VERTEX_POINT('',#5539);
#1966=VERTEX_POINT('',#5541);
#1967=VERTEX_POINT('',#5551);
#1968=VERTEX_POINT('',#5559);
#1969=VERTEX_POINT('',#5574);
#1970=VERTEX_POINT('',#5582);
#1971=VERTEX_POINT('',#5803);
#1972=VERTEX_POINT('',#5807);
#1973=VERTEX_POINT('',#5811);
#1974=VERTEX_POINT('',#5815);
#1975=VERTEX_POINT('',#5819);
#1976=VERTEX_POINT('',#5821);
#1977=VERTEX_POINT('',#5825);
#1978=VERTEX_POINT('',#5829);
#1979=VERTEX_POINT('',#5833);
#1980=VERTEX_POINT('',#5837);
#1981=VERTEX_POINT('',#5841);
#1982=VERTEX_POINT('',#5845);
#1983=VERTEX_POINT('',#5849);
#1984=VERTEX_POINT('',#5853);
#1985=VERTEX_POINT('',#5857);
#1986=VERTEX_POINT('',#5861);
#1987=VERTEX_POINT('',#5865);
#1988=VERTEX_POINT('',#5869);
#1989=VERTEX_POINT('',#5873);
#1990=VERTEX_POINT('',#5877);
#1991=VERTEX_POINT('',#5881);
#1992=VERTEX_POINT('',#5885);
#1993=VERTEX_POINT('',#5889);
#1994=VERTEX_POINT('',#5893);
#1995=VERTEX_POINT('',#5897);
#1996=VERTEX_POINT('',#5901);
#1997=VERTEX_POINT('',#5905);
#1998=VERTEX_POINT('',#5909);
#1999=VERTEX_POINT('',#5913);
#2000=VERTEX_POINT('',#5917);
#2001=VERTEX_POINT('',#5921);
#2002=VERTEX_POINT('',#5925);
#2003=VERTEX_POINT('',#5929);
#2004=VERTEX_POINT('',#5933);
#2005=VERTEX_POINT('',#5937);
#2006=VERTEX_POINT('',#5941);
#2007=VERTEX_POINT('',#5945);
#2008=VERTEX_POINT('',#5949);
#2009=VERTEX_POINT('',#5953);
#2010=VERTEX_POINT('',#5957);
#2011=VERTEX_POINT('',#5961);
#2012=VERTEX_POINT('',#5965);
#2013=VERTEX_POINT('',#5969);
#2014=VERTEX_POINT('',#5973);
#2015=VERTEX_POINT('',#5977);
#2016=VERTEX_POINT('',#5981);
#2017=VERTEX_POINT('',#5985);
#2018=VERTEX_POINT('',#5989);
#2019=VERTEX_POINT('',#5993);
#2020=VERTEX_POINT('',#5997);
#2021=VERTEX_POINT('',#6001);
#2022=VERTEX_POINT('',#6005);
#2023=VERTEX_POINT('',#6009);
#2024=VERTEX_POINT('',#6013);
#2025=VERTEX_POINT('',#6017);
#2026=VERTEX_POINT('',#6021);
#2027=VERTEX_POINT('',#6025);
#2028=VERTEX_POINT('',#6029);
#2029=VERTEX_POINT('',#6033);
#2030=VERTEX_POINT('',#6037);
#2031=VERTEX_POINT('',#6041);
#2032=VERTEX_POINT('',#6045);
#2033=VERTEX_POINT('',#6049);
#2034=VERTEX_POINT('',#6053);
#2035=VERTEX_POINT('',#6057);
#2036=VERTEX_POINT('',#6061);
#2037=VERTEX_POINT('',#6065);
#2038=VERTEX_POINT('',#6069);
#2039=VERTEX_POINT('',#6073);
#2040=VERTEX_POINT('',#6077);
#2041=VERTEX_POINT('',#6081);
#2042=VERTEX_POINT('',#6085);
#2043=VERTEX_POINT('',#6089);
#2044=VERTEX_POINT('',#6093);
#2045=VERTEX_POINT('',#6097);
#2046=VERTEX_POINT('',#6101);
#2047=VERTEX_POINT('',#6105);
#2048=VERTEX_POINT('',#6109);
#2049=VERTEX_POINT('',#6113);
#2050=VERTEX_POINT('',#6117);
#2051=VERTEX_POINT('',#6121);
#2052=VERTEX_POINT('',#6125);
#2053=VERTEX_POINT('',#6129);
#2054=VERTEX_POINT('',#6133);
#2055=VERTEX_POINT('',#6137);
#2056=VERTEX_POINT('',#6141);
#2057=VERTEX_POINT('',#6145);
#2058=VERTEX_POINT('',#6149);
#2059=VERTEX_POINT('',#6153);
#2060=VERTEX_POINT('',#6157);
#2061=VERTEX_POINT('',#6161);
#2062=VERTEX_POINT('',#6165);
#2063=VERTEX_POINT('',#6169);
#2064=VERTEX_POINT('',#6173);
#2065=VERTEX_POINT('',#6177);
#2066=VERTEX_POINT('',#6181);
#2067=VERTEX_POINT('',#6185);
#2068=VERTEX_POINT('',#6189);
#2069=VERTEX_POINT('',#6193);
#2070=VERTEX_POINT('',#6197);
#2071=VERTEX_POINT('',#6201);
#2072=VERTEX_POINT('',#6205);
#2073=VERTEX_POINT('',#6209);
#2074=VERTEX_POINT('',#6210);
#2075=VERTEX_POINT('',#6212);
#2076=VERTEX_POINT('',#6214);
#2077=VERTEX_POINT('',#6218);
#2078=VERTEX_POINT('',#6220);
#2079=VERTEX_POINT('',#6224);
#2080=VERTEX_POINT('',#6226);
#2081=VERTEX_POINT('',#6237);
#2082=VERTEX_POINT('',#6239);
#2083=VERTEX_POINT('',#6243);
#2084=VERTEX_POINT('',#6247);
#2085=LINE('',#4978,#2486);
#2086=LINE('',#4981,#2487);
#2087=LINE('',#4983,#2488);
#2088=LINE('',#4985,#2489);
#2089=LINE('',#4986,#2490);
#2090=LINE('',#4989,#2491);
#2091=LINE('',#4991,#2492);
#2092=LINE('',#4993,#2493);
#2093=LINE('',#4995,#2494);
#2094=LINE('',#4997,#2495);
#2095=LINE('',#4999,#2496);
#2096=LINE('',#5001,#2497);
#2097=LINE('',#5003,#2498);
#2098=LINE('',#5005,#2499);
#2099=LINE('',#5007,#2500);
#2100=LINE('',#5009,#2501);
#2101=LINE('',#5011,#2502);
#2102=LINE('',#5013,#2503);
#2103=LINE('',#5015,#2504);
#2104=LINE('',#5017,#2505);
#2105=LINE('',#5019,#2506);
#2106=LINE('',#5021,#2507);
#2107=LINE('',#5023,#2508);
#2108=LINE('',#5025,#2509);
#2109=LINE('',#5027,#2510);
#2110=LINE('',#5029,#2511);
#2111=LINE('',#5031,#2512);
#2112=LINE('',#5033,#2513);
#2113=LINE('',#5035,#2514);
#2114=LINE('',#5037,#2515);
#2115=LINE('',#5039,#2516);
#2116=LINE('',#5041,#2517);
#2117=LINE('',#5043,#2518);
#2118=LINE('',#5045,#2519);
#2119=LINE('',#5047,#2520);
#2120=LINE('',#5049,#2521);
#2121=LINE('',#5051,#2522);
#2122=LINE('',#5053,#2523);
#2123=LINE('',#5055,#2524);
#2124=LINE('',#5057,#2525);
#2125=LINE('',#5059,#2526);
#2126=LINE('',#5061,#2527);
#2127=LINE('',#5063,#2528);
#2128=LINE('',#5065,#2529);
#2129=LINE('',#5067,#2530);
#2130=LINE('',#5069,#2531);
#2131=LINE('',#5071,#2532);
#2132=LINE('',#5073,#2533);
#2133=LINE('',#5075,#2534);
#2134=LINE('',#5077,#2535);
#2135=LINE('',#5079,#2536);
#2136=LINE('',#5081,#2537);
#2137=LINE('',#5083,#2538);
#2138=LINE('',#5085,#2539);
#2139=LINE('',#5087,#2540);
#2140=LINE('',#5089,#2541);
#2141=LINE('',#5091,#2542);
#2142=LINE('',#5093,#2543);
#2143=LINE('',#5095,#2544);
#2144=LINE('',#5097,#2545);
#2145=LINE('',#5099,#2546);
#2146=LINE('',#5101,#2547);
#2147=LINE('',#5103,#2548);
#2148=LINE('',#5105,#2549);
#2149=LINE('',#5107,#2550);
#2150=LINE('',#5109,#2551);
#2151=LINE('',#5111,#2552);
#2152=LINE('',#5113,#2553);
#2153=LINE('',#5115,#2554);
#2154=LINE('',#5117,#2555);
#2155=LINE('',#5119,#2556);
#2156=LINE('',#5121,#2557);
#2157=LINE('',#5123,#2558);
#2158=LINE('',#5125,#2559);
#2159=LINE('',#5127,#2560);
#2160=LINE('',#5129,#2561);
#2161=LINE('',#5131,#2562);
#2162=LINE('',#5133,#2563);
#2163=LINE('',#5135,#2564);
#2164=LINE('',#5137,#2565);
#2165=LINE('',#5139,#2566);
#2166=LINE('',#5141,#2567);
#2167=LINE('',#5143,#2568);
#2168=LINE('',#5145,#2569);
#2169=LINE('',#5147,#2570);
#2170=LINE('',#5149,#2571);
#2171=LINE('',#5151,#2572);
#2172=LINE('',#5153,#2573);
#2173=LINE('',#5155,#2574);
#2174=LINE('',#5157,#2575);
#2175=LINE('',#5159,#2576);
#2176=LINE('',#5161,#2577);
#2177=LINE('',#5163,#2578);
#2178=LINE('',#5165,#2579);
#2179=LINE('',#5167,#2580);
#2180=LINE('',#5169,#2581);
#2181=LINE('',#5171,#2582);
#2182=LINE('',#5173,#2583);
#2183=LINE('',#5175,#2584);
#2184=LINE('',#5177,#2585);
#2185=LINE('',#5179,#2586);
#2186=LINE('',#5181,#2587);
#2187=LINE('',#5182,#2588);
#2188=LINE('',#5185,#2589);
#2189=LINE('',#5187,#2590);
#2190=LINE('',#5189,#2591);
#2191=LINE('',#5190,#2592);
#2192=LINE('',#5193,#2593);
#2193=LINE('',#5195,#2594);
#2194=LINE('',#5197,#2595);
#2195=LINE('',#5207,#2596);
#2196=LINE('',#5221,#2597);
#2197=LINE('',#5229,#2598);
#2198=LINE('',#5236,#2599);
#2199=LINE('',#5241,#2600);
#2200=LINE('',#5245,#2601);
#2201=LINE('',#5249,#2602);
#2202=LINE('',#5253,#2603);
#2203=LINE('',#5255,#2604);
#2204=LINE('',#5257,#2605);
#2205=LINE('',#5259,#2606);
#2206=LINE('',#5261,#2607);
#2207=LINE('',#5263,#2608);
#2208=LINE('',#5265,#2609);
#2209=LINE('',#5267,#2610);
#2210=LINE('',#5269,#2611);
#2211=LINE('',#5279,#2612);
#2212=LINE('',#5288,#2613);
#2213=LINE('',#5296,#2614);
#2214=LINE('',#5304,#2615);
#2215=LINE('',#5312,#2616);
#2216=LINE('',#5314,#2617);
#2217=LINE('',#5316,#2618);
#2218=LINE('',#5318,#2619);
#2219=LINE('',#5327,#2620);
#2220=LINE('',#5329,#2621);
#2221=LINE('',#5331,#2622);
#2222=LINE('',#5338,#2623);
#2223=LINE('',#5339,#2624);
#2224=LINE('',#5341,#2625);
#2225=LINE('',#5343,#2626);
#2226=LINE('',#5345,#2627);
#2227=LINE('',#5347,#2628);
#2228=LINE('',#5350,#2629);
#2229=LINE('',#5351,#2630);
#2230=LINE('',#5353,#2631);
#2231=LINE('',#5374,#2632);
#2232=LINE('',#5376,#2633);
#2233=LINE('',#5378,#2634);
#2234=LINE('',#5380,#2635);
#2235=LINE('',#5382,#2636);
#2236=LINE('',#5384,#2637);
#2237=LINE('',#5386,#2638);
#2238=LINE('',#5389,#2639);
#2239=LINE('',#5391,#2640);
#2240=LINE('',#5393,#2641);
#2241=LINE('',#5395,#2642);
#2242=LINE('',#5396,#2643);
#2243=LINE('',#5398,#2644);
#2244=LINE('',#5400,#2645);
#2245=LINE('',#5404,#2646);
#2246=LINE('',#5416,#2647);
#2247=LINE('',#5420,#2648);
#2248=LINE('',#5422,#2649);
#2249=LINE('',#5426,#2650);
#2250=LINE('',#5428,#2651);
#2251=LINE('',#5432,#2652);
#2252=LINE('',#5434,#2653);
#2253=LINE('',#5438,#2654);
#2254=LINE('',#5504,#2655);
#2255=LINE('',#5507,#2656);
#2256=LINE('',#5509,#2657);
#2257=LINE('',#5511,#2658);
#2258=LINE('',#5513,#2659);
#2259=LINE('',#5516,#2660);
#2260=LINE('',#5518,#2661);
#2261=LINE('',#5520,#2662);
#2262=LINE('',#5522,#2663);
#2263=LINE('',#5527,#2664);
#2264=LINE('',#5531,#2665);
#2265=LINE('',#5533,#2666);
#2266=LINE('',#5535,#2667);
#2267=LINE('',#5538,#2668);
#2268=LINE('',#5540,#2669);
#2269=LINE('',#5542,#2670);
#2270=LINE('',#5818,#2671);
#2271=LINE('',#5820,#2672);
#2272=LINE('',#5822,#2673);
#2273=LINE('',#5824,#2674);
#2274=LINE('',#5826,#2675);
#2275=LINE('',#5828,#2676);
#2276=LINE('',#5830,#2677);
#2277=LINE('',#5832,#2678);
#2278=LINE('',#5834,#2679);
#2279=LINE('',#5836,#2680);
#2280=LINE('',#5838,#2681);
#2281=LINE('',#5840,#2682);
#2282=LINE('',#5842,#2683);
#2283=LINE('',#5844,#2684);
#2284=LINE('',#5846,#2685);
#2285=LINE('',#5848,#2686);
#2286=LINE('',#5850,#2687);
#2287=LINE('',#5852,#2688);
#2288=LINE('',#5854,#2689);
#2289=LINE('',#5856,#2690);
#2290=LINE('',#5858,#2691);
#2291=LINE('',#5860,#2692);
#2292=LINE('',#5862,#2693);
#2293=LINE('',#5864,#2694);
#2294=LINE('',#5866,#2695);
#2295=LINE('',#5868,#2696);
#2296=LINE('',#5870,#2697);
#2297=LINE('',#5872,#2698);
#2298=LINE('',#5874,#2699);
#2299=LINE('',#5876,#2700);
#2300=LINE('',#5878,#2701);
#2301=LINE('',#5880,#2702);
#2302=LINE('',#5882,#2703);
#2303=LINE('',#5884,#2704);
#2304=LINE('',#5886,#2705);
#2305=LINE('',#5888,#2706);
#2306=LINE('',#5890,#2707);
#2307=LINE('',#5892,#2708);
#2308=LINE('',#5894,#2709);
#2309=LINE('',#5896,#2710);
#2310=LINE('',#5898,#2711);
#2311=LINE('',#5900,#2712);
#2312=LINE('',#5902,#2713);
#2313=LINE('',#5904,#2714);
#2314=LINE('',#5906,#2715);
#2315=LINE('',#5908,#2716);
#2316=LINE('',#5910,#2717);
#2317=LINE('',#5912,#2718);
#2318=LINE('',#5914,#2719);
#2319=LINE('',#5916,#2720);
#2320=LINE('',#5918,#2721);
#2321=LINE('',#5920,#2722);
#2322=LINE('',#5922,#2723);
#2323=LINE('',#5924,#2724);
#2324=LINE('',#5926,#2725);
#2325=LINE('',#5928,#2726);
#2326=LINE('',#5930,#2727);
#2327=LINE('',#5932,#2728);
#2328=LINE('',#5934,#2729);
#2329=LINE('',#5936,#2730);
#2330=LINE('',#5938,#2731);
#2331=LINE('',#5940,#2732);
#2332=LINE('',#5942,#2733);
#2333=LINE('',#5944,#2734);
#2334=LINE('',#5946,#2735);
#2335=LINE('',#5948,#2736);
#2336=LINE('',#5950,#2737);
#2337=LINE('',#5952,#2738);
#2338=LINE('',#5954,#2739);
#2339=LINE('',#5956,#2740);
#2340=LINE('',#5958,#2741);
#2341=LINE('',#5960,#2742);
#2342=LINE('',#5962,#2743);
#2343=LINE('',#5964,#2744);
#2344=LINE('',#5966,#2745);
#2345=LINE('',#5968,#2746);
#2346=LINE('',#5970,#2747);
#2347=LINE('',#5972,#2748);
#2348=LINE('',#5974,#2749);
#2349=LINE('',#5976,#2750);
#2350=LINE('',#5978,#2751);
#2351=LINE('',#5980,#2752);
#2352=LINE('',#5982,#2753);
#2353=LINE('',#5984,#2754);
#2354=LINE('',#5986,#2755);
#2355=LINE('',#5988,#2756);
#2356=LINE('',#5990,#2757);
#2357=LINE('',#5992,#2758);
#2358=LINE('',#5994,#2759);
#2359=LINE('',#5996,#2760);
#2360=LINE('',#5998,#2761);
#2361=LINE('',#6000,#2762);
#2362=LINE('',#6002,#2763);
#2363=LINE('',#6004,#2764);
#2364=LINE('',#6006,#2765);
#2365=LINE('',#6008,#2766);
#2366=LINE('',#6010,#2767);
#2367=LINE('',#6012,#2768);
#2368=LINE('',#6014,#2769);
#2369=LINE('',#6016,#2770);
#2370=LINE('',#6018,#2771);
#2371=LINE('',#6020,#2772);
#2372=LINE('',#6022,#2773);
#2373=LINE('',#6024,#2774);
#2374=LINE('',#6026,#2775);
#2375=LINE('',#6028,#2776);
#2376=LINE('',#6030,#2777);
#2377=LINE('',#6032,#2778);
#2378=LINE('',#6034,#2779);
#2379=LINE('',#6036,#2780);
#2380=LINE('',#6038,#2781);
#2381=LINE('',#6040,#2782);
#2382=LINE('',#6042,#2783);
#2383=LINE('',#6044,#2784);
#2384=LINE('',#6046,#2785);
#2385=LINE('',#6048,#2786);
#2386=LINE('',#6050,#2787);
#2387=LINE('',#6052,#2788);
#2388=LINE('',#6054,#2789);
#2389=LINE('',#6056,#2790);
#2390=LINE('',#6058,#2791);
#2391=LINE('',#6060,#2792);
#2392=LINE('',#6062,#2793);
#2393=LINE('',#6064,#2794);
#2394=LINE('',#6066,#2795);
#2395=LINE('',#6068,#2796);
#2396=LINE('',#6070,#2797);
#2397=LINE('',#6072,#2798);
#2398=LINE('',#6074,#2799);
#2399=LINE('',#6076,#2800);
#2400=LINE('',#6078,#2801);
#2401=LINE('',#6080,#2802);
#2402=LINE('',#6082,#2803);
#2403=LINE('',#6084,#2804);
#2404=LINE('',#6086,#2805);
#2405=LINE('',#6088,#2806);
#2406=LINE('',#6090,#2807);
#2407=LINE('',#6092,#2808);
#2408=LINE('',#6094,#2809);
#2409=LINE('',#6096,#2810);
#2410=LINE('',#6098,#2811);
#2411=LINE('',#6100,#2812);
#2412=LINE('',#6102,#2813);
#2413=LINE('',#6104,#2814);
#2414=LINE('',#6106,#2815);
#2415=LINE('',#6108,#2816);
#2416=LINE('',#6110,#2817);
#2417=LINE('',#6112,#2818);
#2418=LINE('',#6114,#2819);
#2419=LINE('',#6116,#2820);
#2420=LINE('',#6118,#2821);
#2421=LINE('',#6120,#2822);
#2422=LINE('',#6122,#2823);
#2423=LINE('',#6124,#2824);
#2424=LINE('',#6126,#2825);
#2425=LINE('',#6128,#2826);
#2426=LINE('',#6130,#2827);
#2427=LINE('',#6132,#2828);
#2428=LINE('',#6134,#2829);
#2429=LINE('',#6136,#2830);
#2430=LINE('',#6138,#2831);
#2431=LINE('',#6140,#2832);
#2432=LINE('',#6142,#2833);
#2433=LINE('',#6144,#2834);
#2434=LINE('',#6146,#2835);
#2435=LINE('',#6148,#2836);
#2436=LINE('',#6150,#2837);
#2437=LINE('',#6152,#2838);
#2438=LINE('',#6154,#2839);
#2439=LINE('',#6156,#2840);
#2440=LINE('',#6158,#2841);
#2441=LINE('',#6160,#2842);
#2442=LINE('',#6162,#2843);
#2443=LINE('',#6164,#2844);
#2444=LINE('',#6166,#2845);
#2445=LINE('',#6168,#2846);
#2446=LINE('',#6170,#2847);
#2447=LINE('',#6172,#2848);
#2448=LINE('',#6174,#2849);
#2449=LINE('',#6176,#2850);
#2450=LINE('',#6178,#2851);
#2451=LINE('',#6180,#2852);
#2452=LINE('',#6182,#2853);
#2453=LINE('',#6184,#2854);
#2454=LINE('',#6186,#2855);
#2455=LINE('',#6188,#2856);
#2456=LINE('',#6190,#2857);
#2457=LINE('',#6192,#2858);
#2458=LINE('',#6194,#2859);
#2459=LINE('',#6196,#2860);
#2460=LINE('',#6198,#2861);
#2461=LINE('',#6200,#2862);
#2462=LINE('',#6202,#2863);
#2463=LINE('',#6204,#2864);
#2464=LINE('',#6206,#2865);
#2465=LINE('',#6208,#2866);
#2466=LINE('',#6211,#2867);
#2467=LINE('',#6213,#2868);
#2468=LINE('',#6215,#2869);
#2469=LINE('',#6217,#2870);
#2470=LINE('',#6219,#2871);
#2471=LINE('',#6221,#2872);
#2472=LINE('',#6223,#2873);
#2473=LINE('',#6225,#2874);
#2474=LINE('',#6227,#2875);
#2475=LINE('',#6229,#2876);
#2476=LINE('',#6230,#2877);
#2477=LINE('',#6232,#2878);
#2478=LINE('',#6236,#2879);
#2479=LINE('',#6238,#2880);
#2480=LINE('',#6240,#2881);
#2481=LINE('',#6242,#2882);
#2482=LINE('',#6244,#2883);
#2483=LINE('',#6246,#2884);
#2484=LINE('',#6248,#2885);
#2485=LINE('',#6250,#2886);
#2486=VECTOR('',#3983,1.);
#2487=VECTOR('',#3984,1.);
#2488=VECTOR('',#3985,1.);
#2489=VECTOR('',#3986,1.);
#2490=VECTOR('',#3987,1.);
#2491=VECTOR('',#3988,1.);
#2492=VECTOR('',#3989,1.);
#2493=VECTOR('',#3990,1.);
#2494=VECTOR('',#3991,1.);
#2495=VECTOR('',#3992,1.);
#2496=VECTOR('',#3993,1.);
#2497=VECTOR('',#3994,1.);
#2498=VECTOR('',#3995,1.);
#2499=VECTOR('',#3996,1.);
#2500=VECTOR('',#3997,1.);
#2501=VECTOR('',#3998,1.);
#2502=VECTOR('',#3999,1.);
#2503=VECTOR('',#4000,1.);
#2504=VECTOR('',#4001,1.);
#2505=VECTOR('',#4002,1.);
#2506=VECTOR('',#4003,1.);
#2507=VECTOR('',#4004,1.);
#2508=VECTOR('',#4005,1.);
#2509=VECTOR('',#4006,1.);
#2510=VECTOR('',#4007,1.);
#2511=VECTOR('',#4008,1.);
#2512=VECTOR('',#4009,1.);
#2513=VECTOR('',#4010,1.);
#2514=VECTOR('',#4011,1.);
#2515=VECTOR('',#4012,1.);
#2516=VECTOR('',#4013,1.);
#2517=VECTOR('',#4014,1.);
#2518=VECTOR('',#4015,1.);
#2519=VECTOR('',#4016,1.);
#2520=VECTOR('',#4017,1.);
#2521=VECTOR('',#4018,1.);
#2522=VECTOR('',#4019,1.);
#2523=VECTOR('',#4020,1.);
#2524=VECTOR('',#4021,1.);
#2525=VECTOR('',#4022,1.);
#2526=VECTOR('',#4023,1.);
#2527=VECTOR('',#4024,1.);
#2528=VECTOR('',#4025,1.);
#2529=VECTOR('',#4026,1.);
#2530=VECTOR('',#4027,1.);
#2531=VECTOR('',#4028,1.);
#2532=VECTOR('',#4029,1.);
#2533=VECTOR('',#4030,1.);
#2534=VECTOR('',#4031,1.);
#2535=VECTOR('',#4032,1.);
#2536=VECTOR('',#4033,1.);
#2537=VECTOR('',#4034,1.);
#2538=VECTOR('',#4035,1.);
#2539=VECTOR('',#4036,1.);
#2540=VECTOR('',#4037,1.);
#2541=VECTOR('',#4038,1.);
#2542=VECTOR('',#4039,1.);
#2543=VECTOR('',#4040,1.);
#2544=VECTOR('',#4041,1.);
#2545=VECTOR('',#4042,1.);
#2546=VECTOR('',#4043,1.);
#2547=VECTOR('',#4044,1.);
#2548=VECTOR('',#4045,1.);
#2549=VECTOR('',#4046,1.);
#2550=VECTOR('',#4047,1.);
#2551=VECTOR('',#4048,1.);
#2552=VECTOR('',#4049,1.);
#2553=VECTOR('',#4050,1.);
#2554=VECTOR('',#4051,1.);
#2555=VECTOR('',#4052,1.);
#2556=VECTOR('',#4053,1.);
#2557=VECTOR('',#4054,1.);
#2558=VECTOR('',#4055,1.);
#2559=VECTOR('',#4056,1.);
#2560=VECTOR('',#4057,1.);
#2561=VECTOR('',#4058,1.);
#2562=VECTOR('',#4059,1.);
#2563=VECTOR('',#4060,1.);
#2564=VECTOR('',#4061,1.);
#2565=VECTOR('',#4062,1.);
#2566=VECTOR('',#4063,1.);
#2567=VECTOR('',#4064,1.);
#2568=VECTOR('',#4065,1.);
#2569=VECTOR('',#4066,1.);
#2570=VECTOR('',#4067,1.);
#2571=VECTOR('',#4068,1.);
#2572=VECTOR('',#4069,1.);
#2573=VECTOR('',#4070,1.);
#2574=VECTOR('',#4071,1.);
#2575=VECTOR('',#4072,1.);
#2576=VECTOR('',#4073,1.);
#2577=VECTOR('',#4074,1.);
#2578=VECTOR('',#4075,1.);
#2579=VECTOR('',#4076,1.);
#2580=VECTOR('',#4077,1.);
#2581=VECTOR('',#4078,1.);
#2582=VECTOR('',#4079,1.);
#2583=VECTOR('',#4080,1.);
#2584=VECTOR('',#4081,1.);
#2585=VECTOR('',#4082,1.);
#2586=VECTOR('',#4083,1.);
#2587=VECTOR('',#4084,1.);
#2588=VECTOR('',#4085,1.);
#2589=VECTOR('',#4086,1.);
#2590=VECTOR('',#4087,1.);
#2591=VECTOR('',#4088,1.);
#2592=VECTOR('',#4089,1.);
#2593=VECTOR('',#4090,1.);
#2594=VECTOR('',#4091,1.);
#2595=VECTOR('',#4092,1.);
#2596=VECTOR('',#4103,1.);
#2597=VECTOR('',#4116,1.);
#2598=VECTOR('',#4123,1.);
#2599=VECTOR('',#4130,1.);
#2600=VECTOR('',#4133,1.);
#2601=VECTOR('',#4136,1.);
#2602=VECTOR('',#4139,1.);
#2603=VECTOR('',#4144,1.);
#2604=VECTOR('',#4145,1.);
#2605=VECTOR('',#4146,1.);
#2606=VECTOR('',#4149,1.);
#2607=VECTOR('',#4150,1.);
#2608=VECTOR('',#4151,1.);
#2609=VECTOR('',#4154,1.);
#2610=VECTOR('',#4155,1.);
#2611=VECTOR('',#4156,1.);
#2612=VECTOR('',#4167,1.);
#2613=VECTOR('',#4174,1.);
#2614=VECTOR('',#4181,1.);
#2615=VECTOR('',#4188,1.);
#2616=VECTOR('',#4197,1.);
#2617=VECTOR('',#4198,1.);
#2618=VECTOR('',#4199,1.);
#2619=VECTOR('',#4202,1.);
#2620=VECTOR('',#4203,1.);
#2621=VECTOR('',#4204,1.);
#2622=VECTOR('',#4205,1.);
#2623=VECTOR('',#4206,1.);
#2624=VECTOR('',#4207,1.);
#2625=VECTOR('',#4210,1.);
#2626=VECTOR('',#4211,1.);
#2627=VECTOR('',#4212,1.);
#2628=VECTOR('',#4215,1.);
#2629=VECTOR('',#4216,1.);
#2630=VECTOR('',#4217,1.);
#2631=VECTOR('',#4220,1.);
#2632=VECTOR('',#4229,1.);
#2633=VECTOR('',#4230,1.);
#2634=VECTOR('',#4231,1.);
#2635=VECTOR('',#4232,1.);
#2636=VECTOR('',#4233,1.);
#2637=VECTOR('',#4234,1.);
#2638=VECTOR('',#4237,1.);
#2639=VECTOR('',#4238,1.);
#2640=VECTOR('',#4239,1.);
#2641=VECTOR('',#4240,1.);
#2642=VECTOR('',#4243,1.);
#2643=VECTOR('',#4244,1.);
#2644=VECTOR('',#4247,1.);
#2645=VECTOR('',#4250,1.);
#2646=VECTOR('',#4253,1.);
#2647=VECTOR('',#4268,1.);
#2648=VECTOR('',#4271,1.);
#2649=VECTOR('',#4274,1.);
#2650=VECTOR('',#4277,1.);
#2651=VECTOR('',#4280,1.);
#2652=VECTOR('',#4283,1.);
#2653=VECTOR('',#4286,1.);
#2654=VECTOR('',#4289,1.);
#2655=VECTOR('',#4412,1.);
#2656=VECTOR('',#4413,1.);
#2657=VECTOR('',#4414,1.);
#2658=VECTOR('',#4415,1.);
#2659=VECTOR('',#4418,1.);
#2660=VECTOR('',#4419,1.);
#2661=VECTOR('',#4420,1.);
#2662=VECTOR('',#4421,1.);
#2663=VECTOR('',#4424,1.);
#2664=VECTOR('',#4427,1.);
#2665=VECTOR('',#4430,1.);
#2666=VECTOR('',#4431,1.);
#2667=VECTOR('',#4434,1.);
#2668=VECTOR('',#4435,1.);
#2669=VECTOR('',#4436,1.);
#2670=VECTOR('',#4437,1.);
#2671=VECTOR('',#4544,1.);
#2672=VECTOR('',#4545,1.);
#2673=VECTOR('',#4546,1.);
#2674=VECTOR('',#4549,1.);
#2675=VECTOR('',#4550,1.);
#2676=VECTOR('',#4553,1.);
#2677=VECTOR('',#4554,1.);
#2678=VECTOR('',#4557,1.);
#2679=VECTOR('',#4558,1.);
#2680=VECTOR('',#4561,1.);
#2681=VECTOR('',#4562,1.);
#2682=VECTOR('',#4565,1.);
#2683=VECTOR('',#4566,1.);
#2684=VECTOR('',#4569,1.);
#2685=VECTOR('',#4570,1.);
#2686=VECTOR('',#4573,1.);
#2687=VECTOR('',#4574,1.);
#2688=VECTOR('',#4577,1.);
#2689=VECTOR('',#4578,1.);
#2690=VECTOR('',#4581,1.);
#2691=VECTOR('',#4582,1.);
#2692=VECTOR('',#4585,1.);
#2693=VECTOR('',#4586,1.);
#2694=VECTOR('',#4589,1.);
#2695=VECTOR('',#4590,1.);
#2696=VECTOR('',#4593,1.);
#2697=VECTOR('',#4594,1.);
#2698=VECTOR('',#4597,1.);
#2699=VECTOR('',#4598,1.);
#2700=VECTOR('',#4601,1.);
#2701=VECTOR('',#4602,1.);
#2702=VECTOR('',#4605,1.);
#2703=VECTOR('',#4606,1.);
#2704=VECTOR('',#4609,1.);
#2705=VECTOR('',#4610,1.);
#2706=VECTOR('',#4613,1.);
#2707=VECTOR('',#4614,1.);
#2708=VECTOR('',#4617,1.);
#2709=VECTOR('',#4618,1.);
#2710=VECTOR('',#4621,1.);
#2711=VECTOR('',#4622,1.);
#2712=VECTOR('',#4625,1.);
#2713=VECTOR('',#4626,1.);
#2714=VECTOR('',#4629,1.);
#2715=VECTOR('',#4630,1.);
#2716=VECTOR('',#4633,1.);
#2717=VECTOR('',#4634,1.);
#2718=VECTOR('',#4637,1.);
#2719=VECTOR('',#4638,1.);
#2720=VECTOR('',#4641,1.);
#2721=VECTOR('',#4642,1.);
#2722=VECTOR('',#4645,1.);
#2723=VECTOR('',#4646,1.);
#2724=VECTOR('',#4649,1.);
#2725=VECTOR('',#4650,1.);
#2726=VECTOR('',#4653,1.);
#2727=VECTOR('',#4654,1.);
#2728=VECTOR('',#4657,1.);
#2729=VECTOR('',#4658,1.);
#2730=VECTOR('',#4661,1.);
#2731=VECTOR('',#4662,1.);
#2732=VECTOR('',#4665,1.);
#2733=VECTOR('',#4666,1.);
#2734=VECTOR('',#4669,1.);
#2735=VECTOR('',#4670,1.);
#2736=VECTOR('',#4673,1.);
#2737=VECTOR('',#4674,1.);
#2738=VECTOR('',#4677,1.);
#2739=VECTOR('',#4678,1.);
#2740=VECTOR('',#4681,1.);
#2741=VECTOR('',#4682,1.);
#2742=VECTOR('',#4685,1.);
#2743=VECTOR('',#4686,1.);
#2744=VECTOR('',#4689,1.);
#2745=VECTOR('',#4690,1.);
#2746=VECTOR('',#4693,1.);
#2747=VECTOR('',#4694,1.);
#2748=VECTOR('',#4697,1.);
#2749=VECTOR('',#4698,1.);
#2750=VECTOR('',#4701,1.);
#2751=VECTOR('',#4702,1.);
#2752=VECTOR('',#4705,1.);
#2753=VECTOR('',#4706,1.);
#2754=VECTOR('',#4709,1.);
#2755=VECTOR('',#4710,1.);
#2756=VECTOR('',#4713,1.);
#2757=VECTOR('',#4714,1.);
#2758=VECTOR('',#4717,1.);
#2759=VECTOR('',#4718,1.);
#2760=VECTOR('',#4721,1.);
#2761=VECTOR('',#4722,1.);
#2762=VECTOR('',#4725,1.);
#2763=VECTOR('',#4726,1.);
#2764=VECTOR('',#4729,1.);
#2765=VECTOR('',#4730,1.);
#2766=VECTOR('',#4733,1.);
#2767=VECTOR('',#4734,1.);
#2768=VECTOR('',#4737,1.);
#2769=VECTOR('',#4738,1.);
#2770=VECTOR('',#4741,1.);
#2771=VECTOR('',#4742,1.);
#2772=VECTOR('',#4745,1.);
#2773=VECTOR('',#4746,1.);
#2774=VECTOR('',#4749,1.);
#2775=VECTOR('',#4750,1.);
#2776=VECTOR('',#4753,1.);
#2777=VECTOR('',#4754,1.);
#2778=VECTOR('',#4757,1.);
#2779=VECTOR('',#4758,1.);
#2780=VECTOR('',#4761,1.);
#2781=VECTOR('',#4762,1.);
#2782=VECTOR('',#4765,1.);
#2783=VECTOR('',#4766,1.);
#2784=VECTOR('',#4769,1.);
#2785=VECTOR('',#4770,1.);
#2786=VECTOR('',#4773,1.);
#2787=VECTOR('',#4774,1.);
#2788=VECTOR('',#4777,1.);
#2789=VECTOR('',#4778,1.);
#2790=VECTOR('',#4781,1.);
#2791=VECTOR('',#4782,1.);
#2792=VECTOR('',#4785,1.);
#2793=VECTOR('',#4786,1.);
#2794=VECTOR('',#4789,1.);
#2795=VECTOR('',#4790,1.);
#2796=VECTOR('',#4793,1.);
#2797=VECTOR('',#4794,1.);
#2798=VECTOR('',#4797,1.);
#2799=VECTOR('',#4798,1.);
#2800=VECTOR('',#4801,1.);
#2801=VECTOR('',#4802,1.);
#2802=VECTOR('',#4805,1.);
#2803=VECTOR('',#4806,1.);
#2804=VECTOR('',#4809,1.);
#2805=VECTOR('',#4810,1.);
#2806=VECTOR('',#4813,1.);
#2807=VECTOR('',#4814,1.);
#2808=VECTOR('',#4817,1.);
#2809=VECTOR('',#4818,1.);
#2810=VECTOR('',#4821,1.);
#2811=VECTOR('',#4822,1.);
#2812=VECTOR('',#4825,1.);
#2813=VECTOR('',#4826,1.);
#2814=VECTOR('',#4829,1.);
#2815=VECTOR('',#4830,1.);
#2816=VECTOR('',#4833,1.);
#2817=VECTOR('',#4834,1.);
#2818=VECTOR('',#4837,1.);
#2819=VECTOR('',#4838,1.);
#2820=VECTOR('',#4841,1.);
#2821=VECTOR('',#4842,1.);
#2822=VECTOR('',#4845,1.);
#2823=VECTOR('',#4846,1.);
#2824=VECTOR('',#4849,1.);
#2825=VECTOR('',#4850,1.);
#2826=VECTOR('',#4853,1.);
#2827=VECTOR('',#4854,1.);
#2828=VECTOR('',#4857,1.);
#2829=VECTOR('',#4858,1.);
#2830=VECTOR('',#4861,1.);
#2831=VECTOR('',#4862,1.);
#2832=VECTOR('',#4865,1.);
#2833=VECTOR('',#4866,1.);
#2834=VECTOR('',#4869,1.);
#2835=VECTOR('',#4870,1.);
#2836=VECTOR('',#4873,1.);
#2837=VECTOR('',#4874,1.);
#2838=VECTOR('',#4877,1.);
#2839=VECTOR('',#4878,1.);
#2840=VECTOR('',#4881,1.);
#2841=VECTOR('',#4882,1.);
#2842=VECTOR('',#4885,1.);
#2843=VECTOR('',#4886,1.);
#2844=VECTOR('',#4889,1.);
#2845=VECTOR('',#4890,1.);
#2846=VECTOR('',#4893,1.);
#2847=VECTOR('',#4894,1.);
#2848=VECTOR('',#4897,1.);
#2849=VECTOR('',#4898,1.);
#2850=VECTOR('',#4901,1.);
#2851=VECTOR('',#4902,1.);
#2852=VECTOR('',#4905,1.);
#2853=VECTOR('',#4906,1.);
#2854=VECTOR('',#4909,1.);
#2855=VECTOR('',#4910,1.);
#2856=VECTOR('',#4913,1.);
#2857=VECTOR('',#4914,1.);
#2858=VECTOR('',#4917,1.);
#2859=VECTOR('',#4918,1.);
#2860=VECTOR('',#4921,1.);
#2861=VECTOR('',#4922,1.);
#2862=VECTOR('',#4925,1.);
#2863=VECTOR('',#4926,1.);
#2864=VECTOR('',#4929,1.);
#2865=VECTOR('',#4930,1.);
#2866=VECTOR('',#4933,1.);
#2867=VECTOR('',#4934,1.);
#2868=VECTOR('',#4935,1.);
#2869=VECTOR('',#4936,1.);
#2870=VECTOR('',#4939,1.);
#2871=VECTOR('',#4940,1.);
#2872=VECTOR('',#4941,1.);
#2873=VECTOR('',#4944,1.);
#2874=VECTOR('',#4945,1.);
#2875=VECTOR('',#4946,1.);
#2876=VECTOR('',#4949,1.);
#2877=VECTOR('',#4950,1.);
#2878=VECTOR('',#4953,1.);
#2879=VECTOR('',#4960,1.);
#2880=VECTOR('',#4961,1.);
#2881=VECTOR('',#4962,1.);
#2882=VECTOR('',#4965,1.);
#2883=VECTOR('',#4966,1.);
#2884=VECTOR('',#4969,1.);
#2885=VECTOR('',#4970,1.);
#2886=VECTOR('',#4973,1.);
#2887=EDGE_LOOP('',(#193,#194,#195,#196));
#2888=EDGE_LOOP('',(#197,#198,#199,#200,#201,#202,#203,#204,#205,#206,#207,
#208,#209,#210,#211,#212,#213,#214,#215,#216,#217,#218,#219,#220,#221,#222,
#223,#224,#225,#226,#227,#228,#229,#230,#231,#232,#233,#234,#235,#236,#237,
#238,#239,#240,#241,#242,#243,#244,#245,#246,#247,#248,#249,#250,#251,#252,
#253,#254,#255,#256,#257,#258,#259,#260,#261,#262,#263,#264,#265,#266,#267,
#268,#269,#270,#271,#272,#273,#274,#275,#276,#277,#278,#279,#280,#281,#282,
#283,#284,#285,#286,#287,#288,#289,#290,#291,#292,#293,#294));
#2889=EDGE_LOOP('',(#295,#296,#297,#298));
#2890=EDGE_LOOP('',(#299,#300,#301,#302));
#2891=EDGE_LOOP('',(#303));
#2892=EDGE_LOOP('',(#304));
#2893=EDGE_LOOP('',(#305));
#2894=EDGE_LOOP('',(#306));
#2895=EDGE_LOOP('',(#307,#308,#309,#310,#311,#312,#313,#314,#315,#316,#317,
#318,#319,#320,#321,#322));
#2896=EDGE_LOOP('',(#323,#324,#325,#326,#327,#328,#329,#330));
#2897=EDGE_LOOP('',(#331,#332,#333,#334));
#2898=EDGE_LOOP('',(#335,#336,#337,#338));
#2899=EDGE_LOOP('',(#339,#340,#341,#342));
#2900=EDGE_LOOP('',(#343));
#2901=EDGE_LOOP('',(#344));
#2902=EDGE_LOOP('',(#345));
#2903=EDGE_LOOP('',(#346));
#2904=EDGE_LOOP('',(#347,#348,#349,#350,#351,#352,#353,#354,#355,#356,#357,
#358,#359,#360,#361,#362));
#2905=EDGE_LOOP('',(#363,#364,#365,#366));
#2906=EDGE_LOOP('',(#367,#368,#369,#370,#371,#372,#373,#374,#375));
#2907=EDGE_LOOP('',(#376,#377,#378,#379));
#2908=EDGE_LOOP('',(#380,#381,#382,#383));
#2909=EDGE_LOOP('',(#384,#385,#386,#387,#388,#389,#390,#391,#392,#393,#394,
#395,#396,#397,#398,#399,#400));
#2910=EDGE_LOOP('',(#401,#402,#403,#404));
#2911=EDGE_LOOP('',(#405,#406,#407,#408));
#2912=EDGE_LOOP('',(#409,#410,#411,#412));
#2913=EDGE_LOOP('',(#413,#414,#415,#416,#417,#418,#419,#420));
#2914=EDGE_LOOP('',(#421,#422,#423,#424));
#2915=EDGE_LOOP('',(#425,#426,#427,#428));
#2916=EDGE_LOOP('',(#429,#430,#431,#432));
#2917=EDGE_LOOP('',(#433,#434,#435,#436,#437));
#2918=EDGE_LOOP('',(#438,#439,#440,#441));
#2919=EDGE_LOOP('',(#442,#443,#444,#445));
#2920=EDGE_LOOP('',(#446,#447,#448,#449));
#2921=EDGE_LOOP('',(#450,#451,#452,#453));
#2922=EDGE_LOOP('',(#454,#455,#456,#457));
#2923=EDGE_LOOP('',(#458,#459,#460,#461));
#2924=EDGE_LOOP('',(#462,#463,#464,#465));
#2925=EDGE_LOOP('',(#466,#467,#468,#469));
#2926=EDGE_LOOP('',(#470,#471,#472,#473));
#2927=EDGE_LOOP('',(#474,#475,#476,#477));
#2928=EDGE_LOOP('',(#478,#479,#480,#481));
#2929=EDGE_LOOP('',(#482,#483,#484,#485));
#2930=EDGE_LOOP('',(#486,#487,#488,#489));
#2931=EDGE_LOOP('',(#490,#491,#492,#493));
#2932=EDGE_LOOP('',(#494,#495,#496,#497));
#2933=EDGE_LOOP('',(#498,#499,#500,#501));
#2934=EDGE_LOOP('',(#502,#503,#504,#505));
#2935=EDGE_LOOP('',(#506,#507,#508,#509));
#2936=EDGE_LOOP('',(#510,#511,#512,#513));
#2937=EDGE_LOOP('',(#514,#515,#516,#517));
#2938=EDGE_LOOP('',(#518,#519,#520,#521));
#2939=EDGE_LOOP('',(#522,#523,#524,#525));
#2940=EDGE_LOOP('',(#526,#527,#528,#529));
#2941=EDGE_LOOP('',(#530,#531,#532,#533));
#2942=EDGE_LOOP('',(#534,#535,#536,#537));
#2943=EDGE_LOOP('',(#538,#539,#540,#541));
#2944=EDGE_LOOP('',(#542,#543,#544,#545));
#2945=EDGE_LOOP('',(#546,#547,#548,#549));
#2946=EDGE_LOOP('',(#550,#551,#552,#553));
#2947=EDGE_LOOP('',(#554));
#2948=EDGE_LOOP('',(#555));
#2949=EDGE_LOOP('',(#556));
#2950=EDGE_LOOP('',(#557));
#2951=EDGE_LOOP('',(#558));
#2952=EDGE_LOOP('',(#559));
#2953=EDGE_LOOP('',(#560));
#2954=EDGE_LOOP('',(#561));
#2955=EDGE_LOOP('',(#562));
#2956=EDGE_LOOP('',(#563));
#2957=EDGE_LOOP('',(#564));
#2958=EDGE_LOOP('',(#565));
#2959=EDGE_LOOP('',(#566,#567,#568,#569));
#2960=EDGE_LOOP('',(#570,#571,#572,#573));
#2961=EDGE_LOOP('',(#574,#575,#576,#577,#578,#579));
#2962=EDGE_LOOP('',(#580,#581,#582,#583));
#2963=EDGE_LOOP('',(#584,#585,#586,#587));
#2964=EDGE_LOOP('',(#588,#589,#590,#591,#592));
#2965=EDGE_LOOP('',(#593,#594,#595,#596));
#2966=EDGE_LOOP('',(#597,#598,#599,#600,#601));
#2967=EDGE_LOOP('',(#602,#603,#604,#605));
#2968=EDGE_LOOP('',(#606,#607,#608,#609));
#2969=EDGE_LOOP('',(#610,#611,#612,#613));
#2970=EDGE_LOOP('',(#614,#615,#616,#617));
#2971=EDGE_LOOP('',(#618,#619,#620,#621));
#2972=EDGE_LOOP('',(#622,#623,#624,#625,#626,#627));
#2973=EDGE_LOOP('',(#628,#629,#630));
#2974=EDGE_LOOP('',(#631,#632,#633,#634));
#2975=EDGE_LOOP('',(#635,#636,#637));
#2976=EDGE_LOOP('',(#638,#639,#640));
#2977=EDGE_LOOP('',(#641,#642,#643,#644));
#2978=EDGE_LOOP('',(#645,#646,#647,#648,#649,#650));
#2979=EDGE_LOOP('',(#651,#652,#653,#654));
#2980=EDGE_LOOP('',(#655,#656,#657));
#2981=EDGE_LOOP('',(#658,#659,#660,#661));
#2982=EDGE_LOOP('',(#662,#663,#664,#665));
#2983=EDGE_LOOP('',(#666,#667,#668,#669,#670,#671,#672));
#2984=EDGE_LOOP('',(#673,#674,#675));
#2985=EDGE_LOOP('',(#676,#677,#678,#679));
#2986=EDGE_LOOP('',(#680,#681,#682));
#2987=EDGE_LOOP('',(#683));
#2988=EDGE_LOOP('',(#684));
#2989=EDGE_LOOP('',(#685));
#2990=EDGE_LOOP('',(#686));
#2991=EDGE_LOOP('',(#687));
#2992=EDGE_LOOP('',(#688));
#2993=EDGE_LOOP('',(#689));
#2994=EDGE_LOOP('',(#690));
#2995=EDGE_LOOP('',(#691));
#2996=EDGE_LOOP('',(#692));
#2997=EDGE_LOOP('',(#693));
#2998=EDGE_LOOP('',(#694));
#2999=EDGE_LOOP('',(#695,#696,#697,#698));
#3000=EDGE_LOOP('',(#699,#700,#701,#702));
#3001=EDGE_LOOP('',(#703,#704,#705,#706));
#3002=EDGE_LOOP('',(#707,#708,#709,#710));
#3003=EDGE_LOOP('',(#711,#712,#713,#714));
#3004=EDGE_LOOP('',(#715,#716,#717,#718));
#3005=EDGE_LOOP('',(#719,#720,#721,#722));
#3006=EDGE_LOOP('',(#723,#724,#725,#726));
#3007=EDGE_LOOP('',(#727,#728,#729,#730));
#3008=EDGE_LOOP('',(#731,#732,#733,#734));
#3009=EDGE_LOOP('',(#735,#736,#737,#738));
#3010=EDGE_LOOP('',(#739,#740,#741,#742));
#3011=EDGE_LOOP('',(#743,#744,#745,#746));
#3012=EDGE_LOOP('',(#747,#748,#749,#750));
#3013=EDGE_LOOP('',(#751,#752,#753,#754));
#3014=EDGE_LOOP('',(#755,#756,#757,#758));
#3015=EDGE_LOOP('',(#759,#760,#761,#762));
#3016=EDGE_LOOP('',(#763,#764,#765,#766));
#3017=EDGE_LOOP('',(#767,#768,#769,#770));
#3018=EDGE_LOOP('',(#771,#772,#773,#774));
#3019=EDGE_LOOP('',(#775,#776,#777,#778));
#3020=EDGE_LOOP('',(#779,#780,#781,#782));
#3021=EDGE_LOOP('',(#783,#784,#785,#786));
#3022=EDGE_LOOP('',(#787,#788,#789,#790));
#3023=EDGE_LOOP('',(#791,#792,#793,#794));
#3024=EDGE_LOOP('',(#795,#796,#797,#798));
#3025=EDGE_LOOP('',(#799,#800,#801,#802));
#3026=EDGE_LOOP('',(#803,#804,#805,#806));
#3027=EDGE_LOOP('',(#807,#808,#809,#810));
#3028=EDGE_LOOP('',(#811,#812,#813,#814));
#3029=EDGE_LOOP('',(#815,#816,#817,#818));
#3030=EDGE_LOOP('',(#819,#820,#821,#822));
#3031=EDGE_LOOP('',(#823,#824,#825,#826));
#3032=EDGE_LOOP('',(#827,#828,#829,#830));
#3033=EDGE_LOOP('',(#831,#832,#833,#834));
#3034=EDGE_LOOP('',(#835,#836,#837,#838));
#3035=EDGE_LOOP('',(#839,#840,#841,#842));
#3036=EDGE_LOOP('',(#843,#844,#845,#846));
#3037=EDGE_LOOP('',(#847,#848,#849,#850));
#3038=EDGE_LOOP('',(#851,#852,#853,#854));
#3039=EDGE_LOOP('',(#855,#856,#857,#858));
#3040=EDGE_LOOP('',(#859,#860,#861,#862));
#3041=EDGE_LOOP('',(#863,#864,#865,#866));
#3042=EDGE_LOOP('',(#867,#868,#869,#870));
#3043=EDGE_LOOP('',(#871,#872,#873,#874));
#3044=EDGE_LOOP('',(#875,#876,#877,#878));
#3045=EDGE_LOOP('',(#879,#880,#881,#882));
#3046=EDGE_LOOP('',(#883,#884,#885,#886));
#3047=EDGE_LOOP('',(#887,#888,#889,#890));
#3048=EDGE_LOOP('',(#891,#892,#893,#894));
#3049=EDGE_LOOP('',(#895,#896,#897,#898));
#3050=EDGE_LOOP('',(#899,#900,#901,#902));
#3051=EDGE_LOOP('',(#903,#904,#905,#906));
#3052=EDGE_LOOP('',(#907,#908,#909,#910));
#3053=EDGE_LOOP('',(#911,#912,#913,#914));
#3054=EDGE_LOOP('',(#915,#916,#917,#918));
#3055=EDGE_LOOP('',(#919,#920,#921,#922));
#3056=EDGE_LOOP('',(#923,#924,#925,#926));
#3057=EDGE_LOOP('',(#927,#928,#929,#930));
#3058=EDGE_LOOP('',(#931,#932,#933,#934));
#3059=EDGE_LOOP('',(#935,#936,#937,#938));
#3060=EDGE_LOOP('',(#939,#940,#941,#942));
#3061=EDGE_LOOP('',(#943,#944,#945,#946));
#3062=EDGE_LOOP('',(#947,#948,#949,#950));
#3063=EDGE_LOOP('',(#951,#952,#953,#954));
#3064=EDGE_LOOP('',(#955,#956,#957,#958));
#3065=EDGE_LOOP('',(#959,#960,#961,#962));
#3066=EDGE_LOOP('',(#963,#964,#965,#966));
#3067=EDGE_LOOP('',(#967,#968,#969,#970));
#3068=EDGE_LOOP('',(#971,#972,#973,#974));
#3069=EDGE_LOOP('',(#975,#976,#977,#978));
#3070=EDGE_LOOP('',(#979,#980,#981,#982));
#3071=EDGE_LOOP('',(#983,#984,#985,#986));
#3072=EDGE_LOOP('',(#987,#988,#989,#990));
#3073=EDGE_LOOP('',(#991,#992,#993,#994));
#3074=EDGE_LOOP('',(#995,#996,#997,#998));
#3075=EDGE_LOOP('',(#999,#1000,#1001,#1002));
#3076=EDGE_LOOP('',(#1003,#1004,#1005,#1006));
#3077=EDGE_LOOP('',(#1007,#1008,#1009,#1010));
#3078=EDGE_LOOP('',(#1011,#1012,#1013,#1014));
#3079=EDGE_LOOP('',(#1015,#1016,#1017,#1018));
#3080=EDGE_LOOP('',(#1019,#1020,#1021,#1022));
#3081=EDGE_LOOP('',(#1023,#1024,#1025,#1026));
#3082=EDGE_LOOP('',(#1027,#1028,#1029,#1030));
#3083=EDGE_LOOP('',(#1031,#1032,#1033,#1034));
#3084=EDGE_LOOP('',(#1035,#1036,#1037,#1038));
#3085=EDGE_LOOP('',(#1039,#1040,#1041,#1042));
#3086=EDGE_LOOP('',(#1043,#1044,#1045,#1046));
#3087=EDGE_LOOP('',(#1047,#1048,#1049,#1050));
#3088=EDGE_LOOP('',(#1051,#1052,#1053,#1054));
#3089=EDGE_LOOP('',(#1055,#1056,#1057,#1058));
#3090=EDGE_LOOP('',(#1059,#1060,#1061,#1062));
#3091=EDGE_LOOP('',(#1063,#1064,#1065,#1066));
#3092=EDGE_LOOP('',(#1067,#1068,#1069,#1070));
#3093=EDGE_LOOP('',(#1071,#1072,#1073,#1074));
#3094=EDGE_LOOP('',(#1075,#1076,#1077,#1078));
#3095=EDGE_LOOP('',(#1079,#1080,#1081,#1082));
#3096=EDGE_LOOP('',(#1083,#1084,#1085,#1086));
#3097=EDGE_LOOP('',(#1087,#1088,#1089,#1090));
#3098=EDGE_LOOP('',(#1091,#1092,#1093,#1094));
#3099=EDGE_LOOP('',(#1095,#1096,#1097,#1098));
#3100=EDGE_LOOP('',(#1099,#1100,#1101,#1102));
#3101=EDGE_LOOP('',(#1103,#1104,#1105,#1106));
#3102=EDGE_LOOP('',(#1107,#1108,#1109,#1110,#1111,#1112,#1113,#1114,#1115,
#1116,#1117,#1118,#1119,#1120,#1121,#1122,#1123,#1124,#1125,#1126,#1127,
#1128,#1129,#1130,#1131,#1132,#1133,#1134,#1135,#1136,#1137,#1138,#1139,
#1140,#1141,#1142,#1143,#1144,#1145,#1146,#1147,#1148,#1149,#1150,#1151,
#1152,#1153,#1154,#1155,#1156,#1157,#1158,#1159,#1160,#1161,#1162,#1163,
#1164,#1165,#1166,#1167,#1168,#1169,#1170,#1171,#1172,#1173,#1174,#1175,
#1176,#1177,#1178,#1179,#1180,#1181,#1182,#1183,#1184,#1185,#1186,#1187,
#1188,#1189,#1190,#1191,#1192,#1193,#1194,#1195,#1196,#1197,#1198,#1199,
#1200,#1201,#1202,#1203,#1204));
#3103=EDGE_LOOP('',(#1205,#1206,#1207,#1208));
#3104=EDGE_LOOP('',(#1209,#1210,#1211,#1212));
#3105=EDGE_LOOP('',(#1213,#1214,#1215,#1216));
#3106=EDGE_LOOP('',(#1217,#1218,#1219,#1220));
#3107=EDGE_LOOP('',(#1221,#1222,#1223,#1224));
#3108=EDGE_LOOP('',(#1225,#1226,#1227,#1228));
#3109=FACE_BOUND('',#2887,.T.);
#3110=FACE_BOUND('',#2888,.T.);
#3111=FACE_BOUND('',#2889,.T.);
#3112=FACE_BOUND('',#2890,.T.);
#3113=FACE_BOUND('',#2891,.T.);
#3114=FACE_BOUND('',#2892,.T.);
#3115=FACE_BOUND('',#2893,.T.);
#3116=FACE_BOUND('',#2894,.T.);
#3117=FACE_BOUND('',#2895,.T.);
#3118=FACE_BOUND('',#2896,.T.);
#3119=FACE_BOUND('',#2897,.T.);
#3120=FACE_BOUND('',#2898,.T.);
#3121=FACE_BOUND('',#2899,.T.);
#3122=FACE_BOUND('',#2900,.T.);
#3123=FACE_BOUND('',#2901,.T.);
#3124=FACE_BOUND('',#2902,.T.);
#3125=FACE_BOUND('',#2903,.T.);
#3126=FACE_BOUND('',#2904,.T.);
#3127=FACE_BOUND('',#2905,.T.);
#3128=FACE_BOUND('',#2906,.T.);
#3129=FACE_BOUND('',#2907,.T.);
#3130=FACE_BOUND('',#2908,.T.);
#3131=FACE_BOUND('',#2909,.T.);
#3132=FACE_BOUND('',#2910,.T.);
#3133=FACE_BOUND('',#2911,.T.);
#3134=FACE_BOUND('',#2912,.T.);
#3135=FACE_BOUND('',#2913,.T.);
#3136=FACE_BOUND('',#2914,.T.);
#3137=FACE_BOUND('',#2915,.T.);
#3138=FACE_BOUND('',#2916,.T.);
#3139=FACE_BOUND('',#2917,.T.);
#3140=FACE_BOUND('',#2918,.T.);
#3141=FACE_BOUND('',#2919,.T.);
#3142=FACE_BOUND('',#2920,.T.);
#3143=FACE_BOUND('',#2921,.T.);
#3144=FACE_BOUND('',#2922,.T.);
#3145=FACE_BOUND('',#2923,.T.);
#3146=FACE_BOUND('',#2924,.T.);
#3147=FACE_BOUND('',#2925,.T.);
#3148=FACE_BOUND('',#2926,.T.);
#3149=FACE_BOUND('',#2927,.T.);
#3150=FACE_BOUND('',#2928,.T.);
#3151=FACE_BOUND('',#2929,.T.);
#3152=FACE_BOUND('',#2930,.T.);
#3153=FACE_BOUND('',#2931,.T.);
#3154=FACE_BOUND('',#2932,.T.);
#3155=FACE_BOUND('',#2933,.T.);
#3156=FACE_BOUND('',#2934,.T.);
#3157=FACE_BOUND('',#2935,.T.);
#3158=FACE_BOUND('',#2936,.T.);
#3159=FACE_BOUND('',#2937,.T.);
#3160=FACE_BOUND('',#2938,.T.);
#3161=FACE_BOUND('',#2939,.T.);
#3162=FACE_BOUND('',#2940,.T.);
#3163=FACE_BOUND('',#2941,.T.);
#3164=FACE_BOUND('',#2942,.T.);
#3165=FACE_BOUND('',#2943,.T.);
#3166=FACE_BOUND('',#2944,.T.);
#3167=FACE_BOUND('',#2945,.T.);
#3168=FACE_BOUND('',#2946,.T.);
#3169=FACE_BOUND('',#2947,.T.);
#3170=FACE_BOUND('',#2948,.T.);
#3171=FACE_BOUND('',#2949,.T.);
#3172=FACE_BOUND('',#2950,.T.);
#3173=FACE_BOUND('',#2951,.T.);
#3174=FACE_BOUND('',#2952,.T.);
#3175=FACE_BOUND('',#2953,.T.);
#3176=FACE_BOUND('',#2954,.T.);
#3177=FACE_BOUND('',#2955,.T.);
#3178=FACE_BOUND('',#2956,.T.);
#3179=FACE_BOUND('',#2957,.T.);
#3180=FACE_BOUND('',#2958,.T.);
#3181=FACE_BOUND('',#2959,.T.);
#3182=FACE_BOUND('',#2960,.T.);
#3183=FACE_BOUND('',#2961,.T.);
#3184=FACE_BOUND('',#2962,.T.);
#3185=FACE_BOUND('',#2963,.T.);
#3186=FACE_BOUND('',#2964,.T.);
#3187=FACE_BOUND('',#2965,.T.);
#3188=FACE_BOUND('',#2966,.T.);
#3189=FACE_BOUND('',#2967,.T.);
#3190=FACE_BOUND('',#2968,.T.);
#3191=FACE_BOUND('',#2969,.T.);
#3192=FACE_BOUND('',#2970,.T.);
#3193=FACE_BOUND('',#2971,.T.);
#3194=FACE_BOUND('',#2972,.T.);
#3195=FACE_BOUND('',#2973,.T.);
#3196=FACE_BOUND('',#2974,.T.);
#3197=FACE_BOUND('',#2975,.T.);
#3198=FACE_BOUND('',#2976,.T.);
#3199=FACE_BOUND('',#2977,.T.);
#3200=FACE_BOUND('',#2978,.T.);
#3201=FACE_BOUND('',#2979,.T.);
#3202=FACE_BOUND('',#2980,.T.);
#3203=FACE_BOUND('',#2981,.T.);
#3204=FACE_BOUND('',#2982,.T.);
#3205=FACE_BOUND('',#2983,.T.);
#3206=FACE_BOUND('',#2984,.T.);
#3207=FACE_BOUND('',#2985,.T.);
#3208=FACE_BOUND('',#2986,.T.);
#3209=FACE_BOUND('',#2987,.T.);
#3210=FACE_BOUND('',#2988,.T.);
#3211=FACE_BOUND('',#2989,.T.);
#3212=FACE_BOUND('',#2990,.T.);
#3213=FACE_BOUND('',#2991,.T.);
#3214=FACE_BOUND('',#2992,.T.);
#3215=FACE_BOUND('',#2993,.T.);
#3216=FACE_BOUND('',#2994,.T.);
#3217=FACE_BOUND('',#2995,.T.);
#3218=FACE_BOUND('',#2996,.T.);
#3219=FACE_BOUND('',#2997,.T.);
#3220=FACE_BOUND('',#2998,.T.);
#3221=FACE_BOUND('',#2999,.T.);
#3222=FACE_BOUND('',#3000,.T.);
#3223=FACE_BOUND('',#3001,.T.);
#3224=FACE_BOUND('',#3002,.T.);
#3225=FACE_BOUND('',#3003,.T.);
#3226=FACE_BOUND('',#3004,.T.);
#3227=FACE_BOUND('',#3005,.T.);
#3228=FACE_BOUND('',#3006,.T.);
#3229=FACE_BOUND('',#3007,.T.);
#3230=FACE_BOUND('',#3008,.T.);
#3231=FACE_BOUND('',#3009,.T.);
#3232=FACE_BOUND('',#3010,.T.);
#3233=FACE_BOUND('',#3011,.T.);
#3234=FACE_BOUND('',#3012,.T.);
#3235=FACE_BOUND('',#3013,.T.);
#3236=FACE_BOUND('',#3014,.T.);
#3237=FACE_BOUND('',#3015,.T.);
#3238=FACE_BOUND('',#3016,.T.);
#3239=FACE_BOUND('',#3017,.T.);
#3240=FACE_BOUND('',#3018,.T.);
#3241=FACE_BOUND('',#3019,.T.);
#3242=FACE_BOUND('',#3020,.T.);
#3243=FACE_BOUND('',#3021,.T.);
#3244=FACE_BOUND('',#3022,.T.);
#3245=FACE_BOUND('',#3023,.T.);
#3246=FACE_BOUND('',#3024,.T.);
#3247=FACE_BOUND('',#3025,.T.);
#3248=FACE_BOUND('',#3026,.T.);
#3249=FACE_BOUND('',#3027,.T.);
#3250=FACE_BOUND('',#3028,.T.);
#3251=FACE_BOUND('',#3029,.T.);
#3252=FACE_BOUND('',#3030,.T.);
#3253=FACE_BOUND('',#3031,.T.);
#3254=FACE_BOUND('',#3032,.T.);
#3255=FACE_BOUND('',#3033,.T.);
#3256=FACE_BOUND('',#3034,.T.);
#3257=FACE_BOUND('',#3035,.T.);
#3258=FACE_BOUND('',#3036,.T.);
#3259=FACE_BOUND('',#3037,.T.);
#3260=FACE_BOUND('',#3038,.T.);
#3261=FACE_BOUND('',#3039,.T.);
#3262=FACE_BOUND('',#3040,.T.);
#3263=FACE_BOUND('',#3041,.T.);
#3264=FACE_BOUND('',#3042,.T.);
#3265=FACE_BOUND('',#3043,.T.);
#3266=FACE_BOUND('',#3044,.T.);
#3267=FACE_BOUND('',#3045,.T.);
#3268=FACE_BOUND('',#3046,.T.);
#3269=FACE_BOUND('',#3047,.T.);
#3270=FACE_BOUND('',#3048,.T.);
#3271=FACE_BOUND('',#3049,.T.);
#3272=FACE_BOUND('',#3050,.T.);
#3273=FACE_BOUND('',#3051,.T.);
#3274=FACE_BOUND('',#3052,.T.);
#3275=FACE_BOUND('',#3053,.T.);
#3276=FACE_BOUND('',#3054,.T.);
#3277=FACE_BOUND('',#3055,.T.);
#3278=FACE_BOUND('',#3056,.T.);
#3279=FACE_BOUND('',#3057,.T.);
#3280=FACE_BOUND('',#3058,.T.);
#3281=FACE_BOUND('',#3059,.T.);
#3282=FACE_BOUND('',#3060,.T.);
#3283=FACE_BOUND('',#3061,.T.);
#3284=FACE_BOUND('',#3062,.T.);
#3285=FACE_BOUND('',#3063,.T.);
#3286=FACE_BOUND('',#3064,.T.);
#3287=FACE_BOUND('',#3065,.T.);
#3288=FACE_BOUND('',#3066,.T.);
#3289=FACE_BOUND('',#3067,.T.);
#3290=FACE_BOUND('',#3068,.T.);
#3291=FACE_BOUND('',#3069,.T.);
#3292=FACE_BOUND('',#3070,.T.);
#3293=FACE_BOUND('',#3071,.T.);
#3294=FACE_BOUND('',#3072,.T.);
#3295=FACE_BOUND('',#3073,.T.);
#3296=FACE_BOUND('',#3074,.T.);
#3297=FACE_BOUND('',#3075,.T.);
#3298=FACE_BOUND('',#3076,.T.);
#3299=FACE_BOUND('',#3077,.T.);
#3300=FACE_BOUND('',#3078,.T.);
#3301=FACE_BOUND('',#3079,.T.);
#3302=FACE_BOUND('',#3080,.T.);
#3303=FACE_BOUND('',#3081,.T.);
#3304=FACE_BOUND('',#3082,.T.);
#3305=FACE_BOUND('',#3083,.T.);
#3306=FACE_BOUND('',#3084,.T.);
#3307=FACE_BOUND('',#3085,.T.);
#3308=FACE_BOUND('',#3086,.T.);
#3309=FACE_BOUND('',#3087,.T.);
#3310=FACE_BOUND('',#3088,.T.);
#3311=FACE_BOUND('',#3089,.T.);
#3312=FACE_BOUND('',#3090,.T.);
#3313=FACE_BOUND('',#3091,.T.);
#3314=FACE_BOUND('',#3092,.T.);
#3315=FACE_BOUND('',#3093,.T.);
#3316=FACE_BOUND('',#3094,.T.);
#3317=FACE_BOUND('',#3095,.T.);
#3318=FACE_BOUND('',#3096,.T.);
#3319=FACE_BOUND('',#3097,.T.);
#3320=FACE_BOUND('',#3098,.T.);
#3321=FACE_BOUND('',#3099,.T.);
#3322=FACE_BOUND('',#3100,.T.);
#3323=FACE_BOUND('',#3101,.T.);
#3324=FACE_BOUND('',#3102,.T.);
#3325=FACE_BOUND('',#3103,.T.);
#3326=FACE_BOUND('',#3104,.T.);
#3327=FACE_BOUND('',#3105,.T.);
#3328=FACE_BOUND('',#3106,.T.);
#3329=FACE_BOUND('',#3107,.T.);
#3330=FACE_BOUND('',#3108,.T.);
#3331=PLANE('',#3682);
#3332=PLANE('',#3683);
#3333=PLANE('',#3704);
#3334=PLANE('',#3705);
#3335=PLANE('',#3706);
#3336=PLANE('',#3707);
#3337=PLANE('',#3724);
#3338=PLANE('',#3725);
#3339=PLANE('',#3726);
#3340=PLANE('',#3727);
#3341=PLANE('',#3728);
#3342=PLANE('',#3733);
#3343=PLANE('',#3734);
#3344=PLANE('',#3735);
#3345=PLANE('',#3736);
#3346=PLANE('',#3739);
#3347=PLANE('',#3802);
#3348=PLANE('',#3805);
#3349=PLANE('',#3808);
#3350=PLANE('',#3811);
#3351=PLANE('',#3812);
#3352=PLANE('',#3813);
#3353=PLANE('',#3814);
#3354=PLANE('',#3817);
#3355=PLANE('',#3860);
#3356=PLANE('',#3863);
#3357=PLANE('',#3866);
#3358=PLANE('',#3869);
#3359=PLANE('',#3870);
#3360=PLANE('',#3871);
#3361=PLANE('',#3872);
#3362=PLANE('',#3873);
#3363=PLANE('',#3874);
#3364=PLANE('',#3875);
#3365=PLANE('',#3876);
#3366=PLANE('',#3877);
#3367=PLANE('',#3878);
#3368=PLANE('',#3879);
#3369=PLANE('',#3880);
#3370=PLANE('',#3881);
#3371=PLANE('',#3882);
#3372=PLANE('',#3883);
#3373=PLANE('',#3884);
#3374=PLANE('',#3885);
#3375=PLANE('',#3886);
#3376=PLANE('',#3887);
#3377=PLANE('',#3888);
#3378=PLANE('',#3889);
#3379=PLANE('',#3890);
#3380=PLANE('',#3891);
#3381=PLANE('',#3892);
#3382=PLANE('',#3893);
#3383=PLANE('',#3894);
#3384=PLANE('',#3895);
#3385=PLANE('',#3896);
#3386=PLANE('',#3897);
#3387=PLANE('',#3898);
#3388=PLANE('',#3899);
#3389=PLANE('',#3900);
#3390=PLANE('',#3901);
#3391=PLANE('',#3902);
#3392=PLANE('',#3903);
#3393=PLANE('',#3904);
#3394=PLANE('',#3905);
#3395=PLANE('',#3906);
#3396=PLANE('',#3907);
#3397=PLANE('',#3908);
#3398=PLANE('',#3909);
#3399=PLANE('',#3910);
#3400=PLANE('',#3911);
#3401=PLANE('',#3912);
#3402=PLANE('',#3913);
#3403=PLANE('',#3914);
#3404=PLANE('',#3915);
#3405=PLANE('',#3916);
#3406=PLANE('',#3917);
#3407=PLANE('',#3918);
#3408=PLANE('',#3919);
#3409=PLANE('',#3920);
#3410=PLANE('',#3921);
#3411=PLANE('',#3922);
#3412=PLANE('',#3923);
#3413=PLANE('',#3924);
#3414=PLANE('',#3925);
#3415=PLANE('',#3926);
#3416=PLANE('',#3927);
#3417=PLANE('',#3928);
#3418=PLANE('',#3929);
#3419=PLANE('',#3930);
#3420=PLANE('',#3931);
#3421=PLANE('',#3932);
#3422=PLANE('',#3933);
#3423=PLANE('',#3934);
#3424=PLANE('',#3935);
#3425=PLANE('',#3936);
#3426=PLANE('',#3937);
#3427=PLANE('',#3938);
#3428=PLANE('',#3939);
#3429=PLANE('',#3940);
#3430=PLANE('',#3941);
#3431=PLANE('',#3942);
#3432=PLANE('',#3943);
#3433=PLANE('',#3944);
#3434=PLANE('',#3945);
#3435=PLANE('',#3946);
#3436=PLANE('',#3947);
#3437=PLANE('',#3948);
#3438=PLANE('',#3949);
#3439=PLANE('',#3950);
#3440=PLANE('',#3951);
#3441=PLANE('',#3952);
#3442=PLANE('',#3953);
#3443=PLANE('',#3954);
#3444=PLANE('',#3955);
#3445=PLANE('',#3956);
#3446=PLANE('',#3957);
#3447=PLANE('',#3958);
#3448=PLANE('',#3959);
#3449=PLANE('',#3960);
#3450=PLANE('',#3961);
#3451=PLANE('',#3962);
#3452=PLANE('',#3963);
#3453=PLANE('',#3964);
#3454=PLANE('',#3965);
#3455=PLANE('',#3966);
#3456=PLANE('',#3967);
#3457=PLANE('',#3968);
#3458=PLANE('',#3969);
#3459=PLANE('',#3970);
#3460=PLANE('',#3971);
#3461=PLANE('',#3972);
#3462=PLANE('',#3973);
#3463=PLANE('',#3974);
#3464=PLANE('',#3975);
#3465=PLANE('',#3976);
#3466=PLANE('',#3977);
#3467=PLANE('',#3978);
#3468=ADVANCED_FACE('',(#3109,#3110,#3111,#3112),#3331,.F.);
#3469=ADVANCED_FACE('',(#3113,#3114,#3115,#3116,#3117,#3118),#3332,.T.);
#3470=ADVANCED_FACE('',(#3119),#3333,.T.);
#3471=ADVANCED_FACE('',(#3120),#3334,.F.);
#3472=ADVANCED_FACE('',(#3121),#3335,.T.);
#3473=ADVANCED_FACE('',(#3122,#3123,#3124,#3125,#3126),#3336,.F.);
#3474=ADVANCED_FACE('',(#3127),#3337,.T.);
#3475=ADVANCED_FACE('',(#3128),#3338,.F.);
#3476=ADVANCED_FACE('',(#3129),#3339,.F.);
#3477=ADVANCED_FACE('',(#3130),#3340,.T.);
#3478=ADVANCED_FACE('',(#3131),#3341,.T.);
#3479=ADVANCED_FACE('',(#3132),#3342,.T.);
#3480=ADVANCED_FACE('',(#3133),#3343,.T.);
#3481=ADVANCED_FACE('',(#3134),#3344,.F.);
#3482=ADVANCED_FACE('',(#3135),#3345,.F.);
#3483=ADVANCED_FACE('',(#3136),#3346,.T.);
#3484=ADVANCED_FACE('',(#3137),#46,.F.);
#3485=ADVANCED_FACE('',(#3138),#47,.F.);
#3486=ADVANCED_FACE('',(#3139),#48,.F.);
#3487=ADVANCED_FACE('',(#3140),#49,.F.);
#3488=ADVANCED_FACE('',(#3141),#50,.T.);
#3489=ADVANCED_FACE('',(#3142),#51,.T.);
#3490=ADVANCED_FACE('',(#3143),#52,.T.);
#3491=ADVANCED_FACE('',(#3144),#53,.T.);
#3492=ADVANCED_FACE('',(#3145),#54,.F.);
#3493=ADVANCED_FACE('',(#3146),#55,.F.);
#3494=ADVANCED_FACE('',(#3147),#56,.F.);
#3495=ADVANCED_FACE('',(#3148),#57,.F.);
#3496=ADVANCED_FACE('',(#3149),#58,.F.);
#3497=ADVANCED_FACE('',(#3150),#59,.F.);
#3498=ADVANCED_FACE('',(#3151),#60,.F.);
#3499=ADVANCED_FACE('',(#3152),#61,.F.);
#3500=ADVANCED_FACE('',(#3153),#32,.T.);
#3501=ADVANCED_FACE('',(#3154),#33,.T.);
#3502=ADVANCED_FACE('',(#3155),#62,.T.);
#3503=ADVANCED_FACE('',(#3156),#34,.T.);
#3504=ADVANCED_FACE('',(#3157),#35,.T.);
#3505=ADVANCED_FACE('',(#3158),#63,.T.);
#3506=ADVANCED_FACE('',(#3159),#36,.T.);
#3507=ADVANCED_FACE('',(#3160),#37,.T.);
#3508=ADVANCED_FACE('',(#3161),#38,.T.);
#3509=ADVANCED_FACE('',(#3162),#39,.T.);
#3510=ADVANCED_FACE('',(#3163),#64,.T.);
#3511=ADVANCED_FACE('',(#3164),#40,.T.);
#3512=ADVANCED_FACE('',(#3165),#41,.T.);
#3513=ADVANCED_FACE('',(#3166),#65,.T.);
#3514=ADVANCED_FACE('',(#3167),#42,.T.);
#3515=ADVANCED_FACE('',(#3168),#43,.T.);
#3516=ADVANCED_FACE('',(#3169,#3170),#66,.F.);
#3517=ADVANCED_FACE('',(#3171),#3347,.T.);
#3518=ADVANCED_FACE('',(#3172,#3173),#67,.F.);
#3519=ADVANCED_FACE('',(#3174),#3348,.T.);
#3520=ADVANCED_FACE('',(#3175,#3176),#68,.F.);
#3521=ADVANCED_FACE('',(#3177),#3349,.T.);
#3522=ADVANCED_FACE('',(#3178,#3179),#69,.F.);
#3523=ADVANCED_FACE('',(#3180),#3350,.T.);
#3524=ADVANCED_FACE('',(#3181),#3351,.T.);
#3525=ADVANCED_FACE('',(#3182),#3352,.F.);
#3526=ADVANCED_FACE('',(#3183),#3353,.F.);
#3527=ADVANCED_FACE('',(#3184),#3354,.T.);
#3528=ADVANCED_FACE('',(#3185),#70,.T.);
#3529=ADVANCED_FACE('',(#3186),#71,.T.);
#3530=ADVANCED_FACE('',(#3187),#72,.T.);
#3531=ADVANCED_FACE('',(#3188),#73,.T.);
#3532=ADVANCED_FACE('',(#3189),#74,.T.);
#3533=ADVANCED_FACE('',(#3190),#75,.T.);
#3534=ADVANCED_FACE('',(#3191),#76,.T.);
#3535=ADVANCED_FACE('',(#3192),#77,.T.);
#3536=ADVANCED_FACE('',(#3193),#78,.T.);
#3537=ADVANCED_FACE('',(#3194),#79,.T.);
#3538=ADVANCED_FACE('',(#3195),#12,.F.);
#3539=ADVANCED_FACE('',(#3196),#80,.F.);
#3540=ADVANCED_FACE('',(#3197),#13,.F.);
#3541=ADVANCED_FACE('',(#3198),#14,.F.);
#3542=ADVANCED_FACE('',(#3199),#81,.F.);
#3543=ADVANCED_FACE('',(#3200),#15,.F.);
#3544=ADVANCED_FACE('',(#3201),#44,.F.);
#3545=ADVANCED_FACE('',(#3202),#16,.F.);
#3546=ADVANCED_FACE('',(#3203),#82,.F.);
#3547=ADVANCED_FACE('',(#3204),#45,.F.);
#3548=ADVANCED_FACE('',(#3205),#17,.F.);
#3549=ADVANCED_FACE('',(#3206),#18,.F.);
#3550=ADVANCED_FACE('',(#3207),#83,.F.);
#3551=ADVANCED_FACE('',(#3208),#19,.F.);
#3552=ADVANCED_FACE('',(#3209,#3210),#84,.F.);
#3553=ADVANCED_FACE('',(#3211),#3355,.T.);
#3554=ADVANCED_FACE('',(#3212,#3213),#85,.F.);
#3555=ADVANCED_FACE('',(#3214),#3356,.T.);
#3556=ADVANCED_FACE('',(#3215,#3216),#86,.F.);
#3557=ADVANCED_FACE('',(#3217),#3357,.T.);
#3558=ADVANCED_FACE('',(#3218,#3219),#87,.F.);
#3559=ADVANCED_FACE('',(#3220),#3358,.T.);
#3560=ADVANCED_FACE('',(#3221),#3359,.F.);
#3561=ADVANCED_FACE('',(#3222),#3360,.F.);
#3562=ADVANCED_FACE('',(#3223),#3361,.F.);
#3563=ADVANCED_FACE('',(#3224),#3362,.F.);
#3564=ADVANCED_FACE('',(#3225),#3363,.F.);
#3565=ADVANCED_FACE('',(#3226),#3364,.F.);
#3566=ADVANCED_FACE('',(#3227),#3365,.F.);
#3567=ADVANCED_FACE('',(#3228),#3366,.F.);
#3568=ADVANCED_FACE('',(#3229),#3367,.F.);
#3569=ADVANCED_FACE('',(#3230),#3368,.F.);
#3570=ADVANCED_FACE('',(#3231),#3369,.F.);
#3571=ADVANCED_FACE('',(#3232),#3370,.F.);
#3572=ADVANCED_FACE('',(#3233),#3371,.F.);
#3573=ADVANCED_FACE('',(#3234),#3372,.F.);
#3574=ADVANCED_FACE('',(#3235),#3373,.F.);
#3575=ADVANCED_FACE('',(#3236),#3374,.F.);
#3576=ADVANCED_FACE('',(#3237),#3375,.F.);
#3577=ADVANCED_FACE('',(#3238),#3376,.F.);
#3578=ADVANCED_FACE('',(#3239),#3377,.F.);
#3579=ADVANCED_FACE('',(#3240),#3378,.F.);
#3580=ADVANCED_FACE('',(#3241),#3379,.F.);
#3581=ADVANCED_FACE('',(#3242),#3380,.F.);
#3582=ADVANCED_FACE('',(#3243),#3381,.F.);
#3583=ADVANCED_FACE('',(#3244),#3382,.F.);
#3584=ADVANCED_FACE('',(#3245),#3383,.F.);
#3585=ADVANCED_FACE('',(#3246),#3384,.F.);
#3586=ADVANCED_FACE('',(#3247),#3385,.F.);
#3587=ADVANCED_FACE('',(#3248),#3386,.F.);
#3588=ADVANCED_FACE('',(#3249),#3387,.F.);
#3589=ADVANCED_FACE('',(#3250),#3388,.F.);
#3590=ADVANCED_FACE('',(#3251),#3389,.F.);
#3591=ADVANCED_FACE('',(#3252),#3390,.F.);
#3592=ADVANCED_FACE('',(#3253),#3391,.F.);
#3593=ADVANCED_FACE('',(#3254),#3392,.F.);
#3594=ADVANCED_FACE('',(#3255),#3393,.F.);
#3595=ADVANCED_FACE('',(#3256),#3394,.F.);
#3596=ADVANCED_FACE('',(#3257),#3395,.F.);
#3597=ADVANCED_FACE('',(#3258),#3396,.F.);
#3598=ADVANCED_FACE('',(#3259),#3397,.F.);
#3599=ADVANCED_FACE('',(#3260),#3398,.F.);
#3600=ADVANCED_FACE('',(#3261),#3399,.F.);
#3601=ADVANCED_FACE('',(#3262),#3400,.F.);
#3602=ADVANCED_FACE('',(#3263),#3401,.F.);
#3603=ADVANCED_FACE('',(#3264),#3402,.F.);
#3604=ADVANCED_FACE('',(#3265),#3403,.F.);
#3605=ADVANCED_FACE('',(#3266),#3404,.F.);
#3606=ADVANCED_FACE('',(#3267),#3405,.F.);
#3607=ADVANCED_FACE('',(#3268),#3406,.F.);
#3608=ADVANCED_FACE('',(#3269),#3407,.F.);
#3609=ADVANCED_FACE('',(#3270),#3408,.F.);
#3610=ADVANCED_FACE('',(#3271),#3409,.F.);
#3611=ADVANCED_FACE('',(#3272),#3410,.F.);
#3612=ADVANCED_FACE('',(#3273),#3411,.F.);
#3613=ADVANCED_FACE('',(#3274),#3412,.F.);
#3614=ADVANCED_FACE('',(#3275),#3413,.F.);
#3615=ADVANCED_FACE('',(#3276),#3414,.F.);
#3616=ADVANCED_FACE('',(#3277),#3415,.F.);
#3617=ADVANCED_FACE('',(#3278),#3416,.F.);
#3618=ADVANCED_FACE('',(#3279),#3417,.F.);
#3619=ADVANCED_FACE('',(#3280),#3418,.F.);
#3620=ADVANCED_FACE('',(#3281),#3419,.F.);
#3621=ADVANCED_FACE('',(#3282),#3420,.F.);
#3622=ADVANCED_FACE('',(#3283),#3421,.F.);
#3623=ADVANCED_FACE('',(#3284),#3422,.F.);
#3624=ADVANCED_FACE('',(#3285),#3423,.F.);
#3625=ADVANCED_FACE('',(#3286),#3424,.F.);
#3626=ADVANCED_FACE('',(#3287),#3425,.F.);
#3627=ADVANCED_FACE('',(#3288),#3426,.F.);
#3628=ADVANCED_FACE('',(#3289),#3427,.F.);
#3629=ADVANCED_FACE('',(#3290),#3428,.F.);
#3630=ADVANCED_FACE('',(#3291),#3429,.F.);
#3631=ADVANCED_FACE('',(#3292),#3430,.F.);
#3632=ADVANCED_FACE('',(#3293),#3431,.F.);
#3633=ADVANCED_FACE('',(#3294),#3432,.F.);
#3634=ADVANCED_FACE('',(#3295),#3433,.F.);
#3635=ADVANCED_FACE('',(#3296),#3434,.F.);
#3636=ADVANCED_FACE('',(#3297),#3435,.F.);
#3637=ADVANCED_FACE('',(#3298),#3436,.F.);
#3638=ADVANCED_FACE('',(#3299),#3437,.F.);
#3639=ADVANCED_FACE('',(#3300),#3438,.F.);
#3640=ADVANCED_FACE('',(#3301),#3439,.F.);
#3641=ADVANCED_FACE('',(#3302),#3440,.F.);
#3642=ADVANCED_FACE('',(#3303),#3441,.F.);
#3643=ADVANCED_FACE('',(#3304),#3442,.F.);
#3644=ADVANCED_FACE('',(#3305),#3443,.F.);
#3645=ADVANCED_FACE('',(#3306),#3444,.F.);
#3646=ADVANCED_FACE('',(#3307),#3445,.F.);
#3647=ADVANCED_FACE('',(#3308),#3446,.F.);
#3648=ADVANCED_FACE('',(#3309),#3447,.F.);
#3649=ADVANCED_FACE('',(#3310),#3448,.F.);
#3650=ADVANCED_FACE('',(#3311),#3449,.F.);
#3651=ADVANCED_FACE('',(#3312),#3450,.F.);
#3652=ADVANCED_FACE('',(#3313),#3451,.F.);
#3653=ADVANCED_FACE('',(#3314),#3452,.F.);
#3654=ADVANCED_FACE('',(#3315),#3453,.F.);
#3655=ADVANCED_FACE('',(#3316),#3454,.F.);
#3656=ADVANCED_FACE('',(#3317),#3455,.F.);
#3657=ADVANCED_FACE('',(#3318),#3456,.F.);
#3658=ADVANCED_FACE('',(#3319),#3457,.F.);
#3659=ADVANCED_FACE('',(#3320),#3458,.F.);
#3660=ADVANCED_FACE('',(#3321),#3459,.F.);
#3661=ADVANCED_FACE('',(#3322),#3460,.F.);
#3662=ADVANCED_FACE('',(#3323,#3324),#3461,.T.);
#3663=ADVANCED_FACE('',(#3325),#3462,.F.);
#3664=ADVANCED_FACE('',(#3326),#3463,.F.);
#3665=ADVANCED_FACE('',(#3327),#3464,.F.);
#3666=ADVANCED_FACE('',(#3328),#3465,.F.);
#3667=ADVANCED_FACE('',(#3329),#3466,.F.);
#3668=ADVANCED_FACE('',(#3330),#3467,.T.);
#3669=CLOSED_SHELL('',(#3468,#3469,#3470,#3471,#3472,#3473,#3474,#3475,
#3476,#3477,#3478,#3479,#3480,#3481,#3482,#3483,#3484,#3485,#3486,#3487,
#3488,#3489,#3490,#3491,#3492,#3493,#3494,#3495,#3496,#3497,#3498,#3499,
#3500,#3501,#3502,#3503,#3504,#3505,#3506,#3507,#3508,#3509,#3510,#3511,
#3512,#3513,#3514,#3515,#3516,#3517,#3518,#3519,#3520,#3521,#3522,#3523,
#3524,#3525,#3526,#3527,#3528,#3529,#3530,#3531,#3532,#3533,#3534,#3535,
#3536,#3537,#3538,#3539,#3540,#3541,#3542,#3543,#3544,#3545,#3546,#3547,
#3548,#3549,#3550,#3551,#3552,#3553,#3554,#3555,#3556,#3557,#3558,#3559,
#3560,#3561,#3562,#3563,#3564,#3565,#3566,#3567,#3568,#3569,#3570,#3571,
#3572,#3573,#3574,#3575,#3576,#3577,#3578,#3579,#3580,#3581,#3582,#3583,
#3584,#3585,#3586,#3587,#3588,#3589,#3590,#3591,#3592,#3593,#3594,#3595,
#3596,#3597,#3598,#3599,#3600,#3601,#3602,#3603,#3604,#3605,#3606,#3607,
#3608,#3609,#3610,#3611,#3612,#3613,#3614,#3615,#3616,#3617,#3618,#3619,
#3620,#3621,#3622,#3623,#3624,#3625,#3626,#3627,#3628,#3629,#3630,#3631,
#3632,#3633,#3634,#3635,#3636,#3637,#3638,#3639,#3640,#3641,#3642,#3643,
#3644,#3645,#3646,#3647,#3648,#3649,#3650,#3651,#3652,#3653,#3654,#3655,
#3656,#3657,#3658,#3659,#3660,#3661,#3662,#3663,#3664,#3665,#3666,#3667,
#3668));
#3670=STYLED_ITEM('',(#3671),#3678);
#3671=PRESENTATION_STYLE_ASSIGNMENT((#3672));
#3672=SURFACE_STYLE_USAGE(.BOTH.,#3673);
#3673=SURFACE_SIDE_STYLE('',(#3674));
#3674=SURFACE_STYLE_FILL_AREA(#3675);
#3675=FILL_AREA_STYLE('',(#3676));
#3676=FILL_AREA_STYLE_COLOUR('',#3677);
#3677=COLOUR_RGB('',0.380392156862745,0.0470588235294118,0.435294117647059);
#3678=MANIFOLD_SOLID_BREP('Part 1',#3669);
#3679=SHAPE_DEFINITION_REPRESENTATION(#6258,#3680);
#3680=SHAPE_REPRESENTATION('Part 1',(#3681),#6253);
#3681=AXIS2_PLACEMENT_3D('',#4976,#3979,#3980);
#3682=AXIS2_PLACEMENT_3D('',#4977,#3981,#3982);
#3683=AXIS2_PLACEMENT_3D('',#5198,#4093,#4094);
#3684=AXIS2_PLACEMENT_3D('',#5199,#4095,#4096);
#3685=AXIS2_PLACEMENT_3D('',#5201,#4097,#4098);
#3686=AXIS2_PLACEMENT_3D('',#5203,#4099,#4100);
#3687=AXIS2_PLACEMENT_3D('',#5205,#4101,#4102);
#3688=AXIS2_PLACEMENT_3D('',#5210,#4104,#4105);
#3689=AXIS2_PLACEMENT_3D('',#5212,#4106,#4107);
#3690=AXIS2_PLACEMENT_3D('',#5214,#4108,#4109);
#3691=AXIS2_PLACEMENT_3D('',#5215,#4110,#4111);
#3692=AXIS2_PLACEMENT_3D('',#5217,#4112,#4113);
#3693=AXIS2_PLACEMENT_3D('',#5219,#4114,#4115);
#3694=AXIS2_PLACEMENT_3D('',#5223,#4117,#4118);
#3695=AXIS2_PLACEMENT_3D('',#5225,#4119,#4120);
#3696=AXIS2_PLACEMENT_3D('',#5227,#4121,#4122);
#3697=AXIS2_PLACEMENT_3D('',#5231,#4124,#4125);
#3698=AXIS2_PLACEMENT_3D('',#5233,#4126,#4127);
#3699=AXIS2_PLACEMENT_3D('',#5235,#4128,#4129);
#3700=AXIS2_PLACEMENT_3D('',#5239,#4131,#4132);
#3701=AXIS2_PLACEMENT_3D('',#5243,#4134,#4135);
#3702=AXIS2_PLACEMENT_3D('',#5247,#4137,#4138);
#3703=AXIS2_PLACEMENT_3D('',#5251,#4140,#4141);
#3704=AXIS2_PLACEMENT_3D('',#5252,#4142,#4143);
#3705=AXIS2_PLACEMENT_3D('',#5258,#4147,#4148);
#3706=AXIS2_PLACEMENT_3D('',#5264,#4152,#4153);
#3707=AXIS2_PLACEMENT_3D('',#5270,#4157,#4158);
#3708=AXIS2_PLACEMENT_3D('',#5271,#4159,#4160);
#3709=AXIS2_PLACEMENT_3D('',#5273,#4161,#4162);
#3710=AXIS2_PLACEMENT_3D('',#5275,#4163,#4164);
#3711=AXIS2_PLACEMENT_3D('',#5277,#4165,#4166);
#3712=AXIS2_PLACEMENT_3D('',#5282,#4168,#4169);
#3713=AXIS2_PLACEMENT_3D('',#5284,#4170,#4171);
#3714=AXIS2_PLACEMENT_3D('',#5286,#4172,#4173);
#3715=AXIS2_PLACEMENT_3D('',#5290,#4175,#4176);
#3716=AXIS2_PLACEMENT_3D('',#5292,#4177,#4178);
#3717=AXIS2_PLACEMENT_3D('',#5294,#4179,#4180);
#3718=AXIS2_PLACEMENT_3D('',#5298,#4182,#4183);
#3719=AXIS2_PLACEMENT_3D('',#5300,#4184,#4185);
#3720=AXIS2_PLACEMENT_3D('',#5302,#4186,#4187);
#3721=AXIS2_PLACEMENT_3D('',#5306,#4189,#4190);
#3722=AXIS2_PLACEMENT_3D('',#5308,#4191,#4192);
#3723=AXIS2_PLACEMENT_3D('',#5310,#4193,#4194);
#3724=AXIS2_PLACEMENT_3D('',#5311,#4195,#4196);
#3725=AXIS2_PLACEMENT_3D('',#5317,#4200,#4201);
#3726=AXIS2_PLACEMENT_3D('',#5340,#4208,#4209);
#3727=AXIS2_PLACEMENT_3D('',#5346,#4213,#4214);
#3728=AXIS2_PLACEMENT_3D('',#5352,#4218,#4219);
#3729=AXIS2_PLACEMENT_3D('',#5362,#4221,#4222);
#3730=AXIS2_PLACEMENT_3D('',#5363,#4223,#4224);
#3731=AXIS2_PLACEMENT_3D('',#5364,#4225,#4226);
#3732=AXIS2_PLACEMENT_3D('',#5365,#4227,#4228);
#3733=AXIS2_PLACEMENT_3D('',#5385,#4235,#4236);
#3734=AXIS2_PLACEMENT_3D('',#5394,#4241,#4242);
#3735=AXIS2_PLACEMENT_3D('',#5397,#4245,#4246);
#3736=AXIS2_PLACEMENT_3D('',#5399,#4248,#4249);
#3737=AXIS2_PLACEMENT_3D('',#5403,#4251,#4252);
#3738=AXIS2_PLACEMENT_3D('',#5405,#4254,#4255);
#3739=AXIS2_PLACEMENT_3D('',#5406,#4256,#4257);
#3740=AXIS2_PLACEMENT_3D('',#5407,#4258,#4259);
#3741=AXIS2_PLACEMENT_3D('',#5408,#4260,#4261);
#3742=AXIS2_PLACEMENT_3D('',#5409,#4262,#4263);
#3743=AXIS2_PLACEMENT_3D('',#5414,#4264,#4265);
#3744=AXIS2_PLACEMENT_3D('',#5415,#4266,#4267);
#3745=AXIS2_PLACEMENT_3D('',#5418,#4269,#4270);
#3746=AXIS2_PLACEMENT_3D('',#5421,#4272,#4273);
#3747=AXIS2_PLACEMENT_3D('',#5424,#4275,#4276);
#3748=AXIS2_PLACEMENT_3D('',#5427,#4278,#4279);
#3749=AXIS2_PLACEMENT_3D('',#5430,#4281,#4282);
#3750=AXIS2_PLACEMENT_3D('',#5433,#4284,#4285);
#3751=AXIS2_PLACEMENT_3D('',#5436,#4287,#4288);
#3752=AXIS2_PLACEMENT_3D('',#5439,#4290,#4291);
#3753=AXIS2_PLACEMENT_3D('',#5440,#4292,#4293);
#3754=AXIS2_PLACEMENT_3D('',#5441,#4294,#4295);
#3755=AXIS2_PLACEMENT_3D('',#5442,#4296,#4297);
#3756=AXIS2_PLACEMENT_3D('',#5443,#4298,#4299);
#3757=AXIS2_PLACEMENT_3D('',#5444,#4300,#4301);
#3758=AXIS2_PLACEMENT_3D('',#5445,#4302,#4303);
#3759=AXIS2_PLACEMENT_3D('',#5446,#4304,#4305);
#3760=AXIS2_PLACEMENT_3D('',#5447,#4306,#4307);
#3761=AXIS2_PLACEMENT_3D('',#5448,#4308,#4309);
#3762=AXIS2_PLACEMENT_3D('',#5449,#4310,#4311);
#3763=AXIS2_PLACEMENT_3D('',#5450,#4312,#4313);
#3764=AXIS2_PLACEMENT_3D('',#5451,#4314,#4315);
#3765=AXIS2_PLACEMENT_3D('',#5452,#4316,#4317);
#3766=AXIS2_PLACEMENT_3D('',#5453,#4318,#4319);
#3767=AXIS2_PLACEMENT_3D('',#5454,#4320,#4321);
#3768=AXIS2_PLACEMENT_3D('',#5455,#4322,#4323);
#3769=AXIS2_PLACEMENT_3D('',#5456,#4324,#4325);
#3770=AXIS2_PLACEMENT_3D('',#5457,#4326,#4327);
#3771=AXIS2_PLACEMENT_3D('',#5458,#4328,#4329);
#3772=AXIS2_PLACEMENT_3D('',#5459,#4330,#4331);
#3773=AXIS2_PLACEMENT_3D('',#5460,#4332,#4333);
#3774=AXIS2_PLACEMENT_3D('',#5461,#4334,#4335);
#3775=AXIS2_PLACEMENT_3D('',#5462,#4336,#4337);
#3776=AXIS2_PLACEMENT_3D('',#5463,#4338,#4339);
#3777=AXIS2_PLACEMENT_3D('',#5464,#4340,#4341);
#3778=AXIS2_PLACEMENT_3D('',#5465,#4342,#4343);
#3779=AXIS2_PLACEMENT_3D('',#5466,#4344,#4345);
#3780=AXIS2_PLACEMENT_3D('',#5467,#4346,#4347);
#3781=AXIS2_PLACEMENT_3D('',#5468,#4348,#4349);
#3782=AXIS2_PLACEMENT_3D('',#5469,#4350,#4351);
#3783=AXIS2_PLACEMENT_3D('',#5470,#4352,#4353);
#3784=AXIS2_PLACEMENT_3D('',#5471,#4354,#4355);
#3785=AXIS2_PLACEMENT_3D('',#5472,#4356,#4357);
#3786=AXIS2_PLACEMENT_3D('',#5473,#4358,#4359);
#3787=AXIS2_PLACEMENT_3D('',#5474,#4360,#4361);
#3788=AXIS2_PLACEMENT_3D('',#5475,#4362,#4363);
#3789=AXIS2_PLACEMENT_3D('',#5476,#4364,#4365);
#3790=AXIS2_PLACEMENT_3D('',#5477,#4366,#4367);
#3791=AXIS2_PLACEMENT_3D('',#5478,#4368,#4369);
#3792=AXIS2_PLACEMENT_3D('',#5479,#4370,#4371);
#3793=AXIS2_PLACEMENT_3D('',#5480,#4372,#4373);
#3794=AXIS2_PLACEMENT_3D('',#5481,#4374,#4375);
#3795=AXIS2_PLACEMENT_3D('',#5482,#4376,#4377);
#3796=AXIS2_PLACEMENT_3D('',#5483,#4378,#4379);
#3797=AXIS2_PLACEMENT_3D('',#5484,#4380,#4381);
#3798=AXIS2_PLACEMENT_3D('',#5485,#4382,#4383);
#3799=AXIS2_PLACEMENT_3D('',#5486,#4384,#4385);
#3800=AXIS2_PLACEMENT_3D('',#5487,#4386,#4387);
#3801=AXIS2_PLACEMENT_3D('',#5488,#4388,#4389);
#3802=AXIS2_PLACEMENT_3D('',#5490,#4390,#4391);
#3803=AXIS2_PLACEMENT_3D('',#5491,#4392,#4393);
#3804=AXIS2_PLACEMENT_3D('',#5492,#4394,#4395);
#3805=AXIS2_PLACEMENT_3D('',#5494,#4396,#4397);
#3806=AXIS2_PLACEMENT_3D('',#5495,#4398,#4399);
#3807=AXIS2_PLACEMENT_3D('',#5496,#4400,#4401);
#3808=AXIS2_PLACEMENT_3D('',#5498,#4402,#4403);
#3809=AXIS2_PLACEMENT_3D('',#5499,#4404,#4405);
#3810=AXIS2_PLACEMENT_3D('',#5500,#4406,#4407);
#3811=AXIS2_PLACEMENT_3D('',#5502,#4408,#4409);
#3812=AXIS2_PLACEMENT_3D('',#5503,#4410,#4411);
#3813=AXIS2_PLACEMENT_3D('',#5512,#4416,#4417);
#3814=AXIS2_PLACEMENT_3D('',#5521,#4422,#4423);
#3815=AXIS2_PLACEMENT_3D('',#5525,#4425,#4426);
#3816=AXIS2_PLACEMENT_3D('',#5529,#4428,#4429);
#3817=AXIS2_PLACEMENT_3D('',#5534,#4432,#4433);
#3818=AXIS2_PLACEMENT_3D('',#5543,#4438,#4439);
#3819=AXIS2_PLACEMENT_3D('',#5557,#4440,#4441);
#3820=AXIS2_PLACEMENT_3D('',#5558,#4442,#4443);
#3821=AXIS2_PLACEMENT_3D('',#5564,#4444,#4445);
#3822=AXIS2_PLACEMENT_3D('',#5565,#4446,#4447);
#3823=AXIS2_PLACEMENT_3D('',#5566,#4448,#4449);
#3824=AXIS2_PLACEMENT_3D('',#5567,#4450,#4451);
#3825=AXIS2_PLACEMENT_3D('',#5568,#4452,#4453);
#3826=AXIS2_PLACEMENT_3D('',#5569,#4454,#4455);
#3827=AXIS2_PLACEMENT_3D('',#5575,#4456,#4457);
#3828=AXIS2_PLACEMENT_3D('',#5576,#4458,#4459);
#3829=AXIS2_PLACEMENT_3D('',#5590,#4460,#4461);
#3830=AXIS2_PLACEMENT_3D('',#5591,#4462,#4463);
#3831=AXIS2_PLACEMENT_3D('',#5592,#4464,#4465);
#3832=AXIS2_PLACEMENT_3D('',#5593,#4466,#4467);
#3833=AXIS2_PLACEMENT_3D('',#5594,#4468,#4469);
#3834=AXIS2_PLACEMENT_3D('',#5595,#4470,#4471);
#3835=AXIS2_PLACEMENT_3D('',#5596,#4472,#4473);
#3836=AXIS2_PLACEMENT_3D('',#5597,#4474,#4475);
#3837=AXIS2_PLACEMENT_3D('',#5598,#4476,#4477);
#3838=AXIS2_PLACEMENT_3D('',#5599,#4478,#4479);
#3839=AXIS2_PLACEMENT_3D('',#5600,#4480,#4481);
#3840=AXIS2_PLACEMENT_3D('',#5601,#4482,#4483);
#3841=AXIS2_PLACEMENT_3D('',#5602,#4484,#4485);
#3842=AXIS2_PLACEMENT_3D('',#5632,#4486,#4487);
#3843=AXIS2_PLACEMENT_3D('',#5633,#4488,#4489);
#3844=AXIS2_PLACEMENT_3D('',#5634,#4490,#4491);
#3845=AXIS2_PLACEMENT_3D('',#5677,#4492,#4493);
#3846=AXIS2_PLACEMENT_3D('',#5678,#4494,#4495);
#3847=AXIS2_PLACEMENT_3D('',#5679,#4496,#4497);
#3848=AXIS2_PLACEMENT_3D('',#5704,#4498,#4499);
#3849=AXIS2_PLACEMENT_3D('',#5705,#4500,#4501);
#3850=AXIS2_PLACEMENT_3D('',#5727,#4502,#4503);
#3851=AXIS2_PLACEMENT_3D('',#5728,#4504,#4505);
#3852=AXIS2_PLACEMENT_3D('',#5729,#4506,#4507);
#3853=AXIS2_PLACEMENT_3D('',#5730,#4508,#4509);
#3854=AXIS2_PLACEMENT_3D('',#5731,#4510,#4511);
#3855=AXIS2_PLACEMENT_3D('',#5777,#4512,#4513);
#3856=AXIS2_PLACEMENT_3D('',#5778,#4514,#4515);
#3857=AXIS2_PLACEMENT_3D('',#5779,#4516,#4517);
#3858=AXIS2_PLACEMENT_3D('',#5801,#4518,#4519);
#3859=AXIS2_PLACEMENT_3D('',#5802,#4520,#4521);
#3860=AXIS2_PLACEMENT_3D('',#5804,#4522,#4523);
#3861=AXIS2_PLACEMENT_3D('',#5805,#4524,#4525);
#3862=AXIS2_PLACEMENT_3D('',#5806,#4526,#4527);
#3863=AXIS2_PLACEMENT_3D('',#5808,#4528,#4529);
#3864=AXIS2_PLACEMENT_3D('',#5809,#4530,#4531);
#3865=AXIS2_PLACEMENT_3D('',#5810,#4532,#4533);
#3866=AXIS2_PLACEMENT_3D('',#5812,#4534,#4535);
#3867=AXIS2_PLACEMENT_3D('',#5813,#4536,#4537);
#3868=AXIS2_PLACEMENT_3D('',#5814,#4538,#4539);
#3869=AXIS2_PLACEMENT_3D('',#5816,#4540,#4541);
#3870=AXIS2_PLACEMENT_3D('',#5817,#4542,#4543);
#3871=AXIS2_PLACEMENT_3D('',#5823,#4547,#4548);
#3872=AXIS2_PLACEMENT_3D('',#5827,#4551,#4552);
#3873=AXIS2_PLACEMENT_3D('',#5831,#4555,#4556);
#3874=AXIS2_PLACEMENT_3D('',#5835,#4559,#4560);
#3875=AXIS2_PLACEMENT_3D('',#5839,#4563,#4564);
#3876=AXIS2_PLACEMENT_3D('',#5843,#4567,#4568);
#3877=AXIS2_PLACEMENT_3D('',#5847,#4571,#4572);
#3878=AXIS2_PLACEMENT_3D('',#5851,#4575,#4576);
#3879=AXIS2_PLACEMENT_3D('',#5855,#4579,#4580);
#3880=AXIS2_PLACEMENT_3D('',#5859,#4583,#4584);
#3881=AXIS2_PLACEMENT_3D('',#5863,#4587,#4588);
#3882=AXIS2_PLACEMENT_3D('',#5867,#4591,#4592);
#3883=AXIS2_PLACEMENT_3D('',#5871,#4595,#4596);
#3884=AXIS2_PLACEMENT_3D('',#5875,#4599,#4600);
#3885=AXIS2_PLACEMENT_3D('',#5879,#4603,#4604);
#3886=AXIS2_PLACEMENT_3D('',#5883,#4607,#4608);
#3887=AXIS2_PLACEMENT_3D('',#5887,#4611,#4612);
#3888=AXIS2_PLACEMENT_3D('',#5891,#4615,#4616);
#3889=AXIS2_PLACEMENT_3D('',#5895,#4619,#4620);
#3890=AXIS2_PLACEMENT_3D('',#5899,#4623,#4624);
#3891=AXIS2_PLACEMENT_3D('',#5903,#4627,#4628);
#3892=AXIS2_PLACEMENT_3D('',#5907,#4631,#4632);
#3893=AXIS2_PLACEMENT_3D('',#5911,#4635,#4636);
#3894=AXIS2_PLACEMENT_3D('',#5915,#4639,#4640);
#3895=AXIS2_PLACEMENT_3D('',#5919,#4643,#4644);
#3896=AXIS2_PLACEMENT_3D('',#5923,#4647,#4648);
#3897=AXIS2_PLACEMENT_3D('',#5927,#4651,#4652);
#3898=AXIS2_PLACEMENT_3D('',#5931,#4655,#4656);
#3899=AXIS2_PLACEMENT_3D('',#5935,#4659,#4660);
#3900=AXIS2_PLACEMENT_3D('',#5939,#4663,#4664);
#3901=AXIS2_PLACEMENT_3D('',#5943,#4667,#4668);
#3902=AXIS2_PLACEMENT_3D('',#5947,#4671,#4672);
#3903=AXIS2_PLACEMENT_3D('',#5951,#4675,#4676);
#3904=AXIS2_PLACEMENT_3D('',#5955,#4679,#4680);
#3905=AXIS2_PLACEMENT_3D('',#5959,#4683,#4684);
#3906=AXIS2_PLACEMENT_3D('',#5963,#4687,#4688);
#3907=AXIS2_PLACEMENT_3D('',#5967,#4691,#4692);
#3908=AXIS2_PLACEMENT_3D('',#5971,#4695,#4696);
#3909=AXIS2_PLACEMENT_3D('',#5975,#4699,#4700);
#3910=AXIS2_PLACEMENT_3D('',#5979,#4703,#4704);
#3911=AXIS2_PLACEMENT_3D('',#5983,#4707,#4708);
#3912=AXIS2_PLACEMENT_3D('',#5987,#4711,#4712);
#3913=AXIS2_PLACEMENT_3D('',#5991,#4715,#4716);
#3914=AXIS2_PLACEMENT_3D('',#5995,#4719,#4720);
#3915=AXIS2_PLACEMENT_3D('',#5999,#4723,#4724);
#3916=AXIS2_PLACEMENT_3D('',#6003,#4727,#4728);
#3917=AXIS2_PLACEMENT_3D('',#6007,#4731,#4732);
#3918=AXIS2_PLACEMENT_3D('',#6011,#4735,#4736);
#3919=AXIS2_PLACEMENT_3D('',#6015,#4739,#4740);
#3920=AXIS2_PLACEMENT_3D('',#6019,#4743,#4744);
#3921=AXIS2_PLACEMENT_3D('',#6023,#4747,#4748);
#3922=AXIS2_PLACEMENT_3D('',#6027,#4751,#4752);
#3923=AXIS2_PLACEMENT_3D('',#6031,#4755,#4756);
#3924=AXIS2_PLACEMENT_3D('',#6035,#4759,#4760);
#3925=AXIS2_PLACEMENT_3D('',#6039,#4763,#4764);
#3926=AXIS2_PLACEMENT_3D('',#6043,#4767,#4768);
#3927=AXIS2_PLACEMENT_3D('',#6047,#4771,#4772);
#3928=AXIS2_PLACEMENT_3D('',#6051,#4775,#4776);
#3929=AXIS2_PLACEMENT_3D('',#6055,#4779,#4780);
#3930=AXIS2_PLACEMENT_3D('',#6059,#4783,#4784);
#3931=AXIS2_PLACEMENT_3D('',#6063,#4787,#4788);
#3932=AXIS2_PLACEMENT_3D('',#6067,#4791,#4792);
#3933=AXIS2_PLACEMENT_3D('',#6071,#4795,#4796);
#3934=AXIS2_PLACEMENT_3D('',#6075,#4799,#4800);
#3935=AXIS2_PLACEMENT_3D('',#6079,#4803,#4804);
#3936=AXIS2_PLACEMENT_3D('',#6083,#4807,#4808);
#3937=AXIS2_PLACEMENT_3D('',#6087,#4811,#4812);
#3938=AXIS2_PLACEMENT_3D('',#6091,#4815,#4816);
#3939=AXIS2_PLACEMENT_3D('',#6095,#4819,#4820);
#3940=AXIS2_PLACEMENT_3D('',#6099,#4823,#4824);
#3941=AXIS2_PLACEMENT_3D('',#6103,#4827,#4828);
#3942=AXIS2_PLACEMENT_3D('',#6107,#4831,#4832);
#3943=AXIS2_PLACEMENT_3D('',#6111,#4835,#4836);
#3944=AXIS2_PLACEMENT_3D('',#6115,#4839,#4840);
#3945=AXIS2_PLACEMENT_3D('',#6119,#4843,#4844);
#3946=AXIS2_PLACEMENT_3D('',#6123,#4847,#4848);
#3947=AXIS2_PLACEMENT_3D('',#6127,#4851,#4852);
#3948=AXIS2_PLACEMENT_3D('',#6131,#4855,#4856);
#3949=AXIS2_PLACEMENT_3D('',#6135,#4859,#4860);
#3950=AXIS2_PLACEMENT_3D('',#6139,#4863,#4864);
#3951=AXIS2_PLACEMENT_3D('',#6143,#4867,#4868);
#3952=AXIS2_PLACEMENT_3D('',#6147,#4871,#4872);
#3953=AXIS2_PLACEMENT_3D('',#6151,#4875,#4876);
#3954=AXIS2_PLACEMENT_3D('',#6155,#4879,#4880);
#3955=AXIS2_PLACEMENT_3D('',#6159,#4883,#4884);
#3956=AXIS2_PLACEMENT_3D('',#6163,#4887,#4888);
#3957=AXIS2_PLACEMENT_3D('',#6167,#4891,#4892);
#3958=AXIS2_PLACEMENT_3D('',#6171,#4895,#4896);
#3959=AXIS2_PLACEMENT_3D('',#6175,#4899,#4900);
#3960=AXIS2_PLACEMENT_3D('',#6179,#4903,#4904);
#3961=AXIS2_PLACEMENT_3D('',#6183,#4907,#4908);
#3962=AXIS2_PLACEMENT_3D('',#6187,#4911,#4912);
#3963=AXIS2_PLACEMENT_3D('',#6191,#4915,#4916);
#3964=AXIS2_PLACEMENT_3D('',#6195,#4919,#4920);
#3965=AXIS2_PLACEMENT_3D('',#6199,#4923,#4924);
#3966=AXIS2_PLACEMENT_3D('',#6203,#4927,#4928);
#3967=AXIS2_PLACEMENT_3D('',#6207,#4931,#4932);
#3968=AXIS2_PLACEMENT_3D('',#6216,#4937,#4938);
#3969=AXIS2_PLACEMENT_3D('',#6222,#4942,#4943);
#3970=AXIS2_PLACEMENT_3D('',#6228,#4947,#4948);
#3971=AXIS2_PLACEMENT_3D('',#6231,#4951,#4952);
#3972=AXIS2_PLACEMENT_3D('',#6233,#4954,#4955);
#3973=AXIS2_PLACEMENT_3D('',#6234,#4956,#4957);
#3974=AXIS2_PLACEMENT_3D('',#6235,#4958,#4959);
#3975=AXIS2_PLACEMENT_3D('',#6241,#4963,#4964);
#3976=AXIS2_PLACEMENT_3D('',#6245,#4967,#4968);
#3977=AXIS2_PLACEMENT_3D('',#6249,#4971,#4972);
#3978=AXIS2_PLACEMENT_3D('',#6251,#4974,#4975);
#3979=DIRECTION('',(0.,0.,1.));
#3980=DIRECTION('',(1.,0.,0.));
#3981=DIRECTION('',(1.,0.,0.));
#3982=DIRECTION('',(0.,0.,-1.));
#3983=DIRECTION('',(0.,-1.,0.));
#3984=DIRECTION('',(0.,0.,-1.));
#3985=DIRECTION('',(0.,1.,0.));
#3986=DIRECTION('',(0.,0.,1.));
#3987=DIRECTION('',(0.,-1.,0.));
#3988=DIRECTION('',(0.,0.,-1.));
#3989=DIRECTION('',(0.,1.,0.));
#3990=DIRECTION('',(0.,0.,1.));
#3991=DIRECTION('',(0.,0.0332436045407552,0.999447278628112));
#3992=DIRECTION('',(0.,0.14880374462945,0.988866748143679));
#3993=DIRECTION('',(0.,0.424562113914059,0.905398813467759));
#3994=DIRECTION('',(0.,0.988415160113015,0.151774409103652));
#3995=DIRECTION('',(0.,0.396850435808603,-0.917883288658488));
#3996=DIRECTION('',(0.,0.545248086244147,-0.838274730889042));
#3997=DIRECTION('',(0.,0.929554916917128,-0.368683680728062));
#3998=DIRECTION('',(0.,0.940517009131463,-0.339746604890186));
#3999=DIRECTION('',(0.,0.307819754400567,-0.951444690352926));
#4000=DIRECTION('',(0.,0.311492009446677,-0.950248771665016));
#4001=DIRECTION('',(0.,0.950248771665018,-0.311492009446672));
#4002=DIRECTION('',(0.,0.311492009446669,-0.950248771665018));
#4003=DIRECTION('',(0.,0.950248771665018,-0.311492009446671));
#4004=DIRECTION('',(0.,0.980956563947537,0.194227237143097));
#4005=DIRECTION('',(0.,0.504809781348173,0.86323060919734));
#4006=DIRECTION('',(0.,0.0452818010334181,0.998974253169305));
#4007=DIRECTION('',(0.,-0.0452818010334181,0.998974253169305));
#4008=DIRECTION('',(0.,-0.504809781348173,0.86323060919734));
#4009=DIRECTION('',(0.,-0.980956563947539,0.194227237143088));
#4010=DIRECTION('',(0.,-0.950248771665016,0.311492009446677));
#4011=DIRECTION('',(0.,-0.311492009446676,0.950248771665016));
#4012=DIRECTION('',(0.,-0.950248771665015,0.311492009446678));
#4013=DIRECTION('',(0.,-0.311492009446676,0.950248771665016));
#4014=DIRECTION('',(0.,-0.146351169276114,0.989232700253845));
#4015=DIRECTION('',(0.,-0.657958905953995,0.753053834779308));
#4016=DIRECTION('',(0.,-0.990080810289491,0.140499071514742));
#4017=DIRECTION('',(0.,-1.,0.));
#4018=DIRECTION('',(0.,0.,1.));
#4019=DIRECTION('',(0.,1.,0.));
#4020=DIRECTION('',(0.,0.991207632540738,0.132315642283842));
#4021=DIRECTION('',(0.,0.803221905937993,0.59567992229161));
#4022=DIRECTION('',(0.,0.286230819380513,0.958160695309905));
#4023=DIRECTION('',(0.,0.481722356468352,0.876323896329763));
#4024=DIRECTION('',(0.,0.956417001831377,0.292004312652879));
#4025=DIRECTION('',(0.,0.956417001831377,-0.292004312652879));
#4026=DIRECTION('',(0.,0.481722356468345,-0.876323896329767));
#4027=DIRECTION('',(0.,0.956417001831377,-0.292004312652877));
#4028=DIRECTION('',(0.,0.950248771665018,0.311492009446672));
#4029=DIRECTION('',(0.,0.311492009446676,0.950248771665016));
#4030=DIRECTION('',(0.,0.170219410814717,0.98540618639315));
#4031=DIRECTION('',(0.,0.801577371776779,0.597891057848695));
#4032=DIRECTION('',(0.,0.997899403523409,0.0647825628361827));
#4033=DIRECTION('',(0.,0.801577371776775,0.5978910578487));
#4034=DIRECTION('',(0.,0.170219410814717,0.98540618639315));
#4035=DIRECTION('',(0.,0.311492009446676,0.950248771665016));
#4036=DIRECTION('',(0.,0.950248771665018,0.311492009446672));
#4037=DIRECTION('',(0.,0.988556770416413,0.150849301171306));
#4038=DIRECTION('',(0.,0.718971740142657,0.695039305993726));
#4039=DIRECTION('',(0.,0.116288555482535,0.993215471015119));
#4040=DIRECTION('',(0.,0.,1.));
#4041=DIRECTION('',(0.,-1.,0.));
#4042=DIRECTION('',(0.,-0.997070260168657,0.0764911516922503));
#4043=DIRECTION('',(0.,-0.854212185955688,0.519924553531381));
#4044=DIRECTION('',(0.,-0.433942058942868,0.900940780229436));
#4045=DIRECTION('',(0.,-0.827660161032607,0.561229594586279));
#4046=DIRECTION('',(0.,-0.973162238921064,0.230120091991425));
#4047=DIRECTION('',(0.,-0.994490585476363,0.104825929038959));
#4048=DIRECTION('',(0.,-0.999602407669459,0.0281962157287446));
#4049=DIRECTION('',(0.,-0.999602407669458,-0.0281962157287446));
#4050=DIRECTION('',(0.,-0.994490585476363,-0.104825929038959));
#4051=DIRECTION('',(0.,-0.973162238921064,-0.230120091991426));
#4052=DIRECTION('',(0.,-0.827660161032609,-0.561229594586277));
#4053=DIRECTION('',(0.,-0.433942058942866,-0.900940780229437));
#4054=DIRECTION('',(0.,-0.854212185955688,-0.51992455353138));
#4055=DIRECTION('',(0.,-0.997070260168657,-0.0764911516922503));
#4056=DIRECTION('',(0.,-1.,0.));
#4057=DIRECTION('',(0.,0.,-1.));
#4058=DIRECTION('',(0.,0.116288555482538,-0.993215471015119));
#4059=DIRECTION('',(0.,0.718971740142657,-0.695039305993726));
#4060=DIRECTION('',(0.,0.988556770416413,-0.150849301171306));
#4061=DIRECTION('',(0.,0.950248771665018,-0.311492009446671));
#4062=DIRECTION('',(0.,0.311492009446677,-0.950248771665016));
#4063=DIRECTION('',(0.,0.170219410814724,-0.985406186393148));
#4064=DIRECTION('',(0.,0.801577371776778,-0.597891057848697));
#4065=DIRECTION('',(0.,0.997899403523409,-0.0647825628361828));
#4066=DIRECTION('',(0.,1.,0.));
#4067=DIRECTION('',(0.,0.,-1.));
#4068=DIRECTION('',(0.,0.027056960879463,-0.999633893416969));
#4069=DIRECTION('',(0.,0.211450509262566,-0.977388705752528));
#4070=DIRECTION('',(0.,0.537042950024616,-0.843554900305166));
#4071=DIRECTION('',(0.,0.86813809476871,-0.496322726067781));
#4072=DIRECTION('',(0.,0.981658316143187,-0.190648761724074));
#4073=DIRECTION('',(0.,0.999705851513135,-0.0242530503318204));
#4074=DIRECTION('',(0.,1.,0.));
#4075=DIRECTION('',(0.,0.,1.));
#4076=DIRECTION('',(0.,1.,0.));
#4077=DIRECTION('',(0.,0.,-1.));
#4078=DIRECTION('',(0.,0.99904432960518,0.0437084372145289));
#4079=DIRECTION('',(0.,0.999999559942294,-0.000938144561831446));
#4080=DIRECTION('',(0.,0.914974682861724,-0.40351125104771));
#4081=DIRECTION('',(0.,0.265138706591609,-0.964210281145627));
#4082=DIRECTION('',(0.,-0.288104027712314,-0.957599117175837));
#4083=DIRECTION('',(0.,-0.903673903113191,-0.42822129423018));
#4084=DIRECTION('',(0.,-0.998883057463915,-0.0472507937662501));
#4085=DIRECTION('',(0.,-1.,0.));
#4086=DIRECTION('',(0.,0.,-1.));
#4087=DIRECTION('',(0.,-1.,0.));
#4088=DIRECTION('',(0.,0.,-1.));
#4089=DIRECTION('',(0.,0.,1.));
#4090=DIRECTION('',(0.,-1.,0.));
#4091=DIRECTION('',(0.,0.,1.));
#4092=DIRECTION('',(0.,-1.,0.));
#4093=DIRECTION('',(0.,0.,1.));
#4094=DIRECTION('',(1.,0.,0.));
#4095=DIRECTION('',(0.,0.,1.));
#4096=DIRECTION('',(1.,0.,0.));
#4097=DIRECTION('',(0.,0.,1.));
#4098=DIRECTION('',(1.,0.,0.));
#4099=DIRECTION('',(0.,0.,1.));
#4100=DIRECTION('',(1.,0.,0.));
#4101=DIRECTION('',(0.,0.,1.));
#4102=DIRECTION('',(1.,0.,0.));
#4103=DIRECTION('',(1.,0.,0.));
#4104=DIRECTION('',(0.,0.,1.));
#4105=DIRECTION('',(1.,0.,0.));
#4106=DIRECTION('',(0.,0.,1.));
#4107=DIRECTION('',(1.,0.,0.));
#4108=DIRECTION('',(0.,0.,1.));
#4109=DIRECTION('',(1.,0.,0.));
#4110=DIRECTION('',(0.,0.,1.));
#4111=DIRECTION('',(1.,0.,0.));
#4112=DIRECTION('',(0.,0.,1.));
#4113=DIRECTION('',(1.,0.,0.));
#4114=DIRECTION('',(0.,0.,1.));
#4115=DIRECTION('',(1.,0.,0.));
#4116=DIRECTION('',(1.,0.,0.));
#4117=DIRECTION('',(0.,0.,1.));
#4118=DIRECTION('',(1.,0.,0.));
#4119=DIRECTION('',(0.,0.,1.));
#4120=DIRECTION('',(1.,0.,0.));
#4121=DIRECTION('',(0.,0.,1.));
#4122=DIRECTION('',(1.,0.,0.));
#4123=DIRECTION('',(0.,-1.,0.));
#4124=DIRECTION('',(0.,0.,1.));
#4125=DIRECTION('',(1.,0.,0.));
#4126=DIRECTION('',(0.,0.,1.));
#4127=DIRECTION('',(1.,0.,0.));
#4128=DIRECTION('',(0.,0.,1.));
#4129=DIRECTION('',(1.,0.,0.));
#4130=DIRECTION('',(0.,-1.,0.));
#4131=DIRECTION('',(0.,0.,1.));
#4132=DIRECTION('',(1.,0.,0.));
#4133=DIRECTION('',(1.,0.,0.));
#4134=DIRECTION('',(0.,0.,1.));
#4135=DIRECTION('',(1.,0.,0.));
#4136=DIRECTION('',(0.,-1.,0.));
#4137=DIRECTION('',(0.,0.,1.));
#4138=DIRECTION('',(1.,0.,0.));
#4139=DIRECTION('',(1.,0.,0.));
#4140=DIRECTION('',(0.,0.,1.));
#4141=DIRECTION('',(1.,0.,0.));
#4142=DIRECTION('',(0.,1.,0.));
#4143=DIRECTION('',(0.,0.,1.));
#4144=DIRECTION('',(0.,0.,-1.));
#4145=DIRECTION('',(1.,0.,0.));
#4146=DIRECTION('',(0.,0.,-1.));
#4147=DIRECTION('',(0.,1.,0.));
#4148=DIRECTION('',(0.,0.,1.));
#4149=DIRECTION('',(0.,0.,1.));
#4150=DIRECTION('',(1.,0.,0.));
#4151=DIRECTION('',(0.,0.,1.));
#4152=DIRECTION('',(1.,0.,0.));
#4153=DIRECTION('',(0.,0.,-1.));
#4154=DIRECTION('',(0.,0.,-1.));
#4155=DIRECTION('',(0.,-1.,0.));
#4156=DIRECTION('',(0.,0.,-1.));
#4157=DIRECTION('',(0.,0.,1.));
#4158=DIRECTION('',(1.,0.,0.));
#4159=DIRECTION('',(0.,0.,-1.));
#4160=DIRECTION('',(-1.,0.,0.));
#4161=DIRECTION('',(0.,0.,-1.));
#4162=DIRECTION('',(-1.,0.,0.));
#4163=DIRECTION('',(0.,0.,-1.));
#4164=DIRECTION('',(-1.,0.,0.));
#4165=DIRECTION('',(0.,0.,-1.));
#4166=DIRECTION('',(-1.,0.,0.));
#4167=DIRECTION('',(1.,0.,0.));
#4168=DIRECTION('',(0.,0.,1.));
#4169=DIRECTION('',(1.,0.,0.));
#4170=DIRECTION('',(0.,0.,1.));
#4171=DIRECTION('',(1.,0.,0.));
#4172=DIRECTION('',(0.,0.,1.));
#4173=DIRECTION('',(1.,0.,0.));
#4174=DIRECTION('',(0.,-1.,0.));
#4175=DIRECTION('',(0.,0.,1.));
#4176=DIRECTION('',(1.,0.,0.));
#4177=DIRECTION('',(0.,0.,1.));
#4178=DIRECTION('',(1.,0.,0.));
#4179=DIRECTION('',(0.,0.,1.));
#4180=DIRECTION('',(1.,0.,0.));
#4181=DIRECTION('',(1.,0.,0.));
#4182=DIRECTION('',(0.,0.,1.));
#4183=DIRECTION('',(1.,0.,0.));
#4184=DIRECTION('',(0.,0.,1.));
#4185=DIRECTION('',(1.,0.,0.));
#4186=DIRECTION('',(0.,0.,1.));
#4187=DIRECTION('',(1.,0.,0.));
#4188=DIRECTION('',(0.,-1.,0.));
#4189=DIRECTION('',(0.,0.,1.));
#4190=DIRECTION('',(1.,0.,0.));
#4191=DIRECTION('',(0.,0.,1.));
#4192=DIRECTION('',(1.,0.,0.));
#4193=DIRECTION('',(0.,0.,1.));
#4194=DIRECTION('',(1.,0.,0.));
#4195=DIRECTION('',(0.,-1.,0.));
#4196=DIRECTION('',(0.,0.,-1.));
#4197=DIRECTION('',(0.,0.,1.));
#4198=DIRECTION('',(1.,0.,0.));
#4199=DIRECTION('',(0.,0.,1.));
#4200=DIRECTION('',(-1.,0.,0.));
#4201=DIRECTION('',(0.,0.,1.));
#4202=DIRECTION('',(0.,-1.,0.));
#4203=DIRECTION('',(0.,0.,-1.));
#4204=DIRECTION('',(0.,-1.,0.));
#4205=DIRECTION('',(0.,0.,-1.));
#4206=DIRECTION('',(0.,0.,1.));
#4207=DIRECTION('',(0.,0.,1.));
#4208=DIRECTION('',(0.,-1.,0.));
#4209=DIRECTION('',(0.,0.,-1.));
#4210=DIRECTION('',(0.,0.,1.));
#4211=DIRECTION('',(1.,0.,0.));
#4212=DIRECTION('',(0.,0.,1.));
#4213=DIRECTION('',(-1.,0.,0.));
#4214=DIRECTION('',(0.,0.,1.));
#4215=DIRECTION('',(0.,-1.,0.));
#4216=DIRECTION('',(0.,0.,1.));
#4217=DIRECTION('',(0.,0.,1.));
#4218=DIRECTION('',(0.,0.,1.));
#4219=DIRECTION('',(1.,0.,0.));
#4220=DIRECTION('',(-1.,0.,0.));
#4221=DIRECTION('',(0.,0.,1.));
#4222=DIRECTION('',(1.,0.,0.));
#4223=DIRECTION('',(0.,0.,1.));
#4224=DIRECTION('',(1.,0.,0.));
#4225=DIRECTION('',(0.,0.,1.));
#4226=DIRECTION('',(1.,0.,0.));
#4227=DIRECTION('',(0.,0.,1.));
#4228=DIRECTION('',(1.,0.,0.));
#4229=DIRECTION('',(-1.,0.,0.));
#4230=DIRECTION('',(-2.21913292017641E-16,1.,0.));
#4231=DIRECTION('',(1.,0.,0.));
#4232=DIRECTION('',(0.,1.,0.));
#4233=DIRECTION('',(1.,0.,0.));
#4234=DIRECTION('',(-2.21913292017641E-16,1.,0.));
#4235=DIRECTION('',(0.,0.,1.));
#4236=DIRECTION('',(1.,0.,0.));
#4237=DIRECTION('',(-2.21913292017641E-16,1.,0.));
#4238=DIRECTION('',(1.,0.,0.));
#4239=DIRECTION('',(0.,1.,0.));
#4240=DIRECTION('',(1.,0.,0.));
#4241=DIRECTION('',(-1.,0.,0.));
#4242=DIRECTION('',(0.,0.,1.));
#4243=DIRECTION('',(0.,0.,-1.));
#4244=DIRECTION('',(0.,0.,-1.));
#4245=DIRECTION('',(0.,1.,0.));
#4246=DIRECTION('',(0.,0.,1.));
#4247=DIRECTION('',(0.,0.,-1.));
#4248=DIRECTION('',(-1.,-2.21913292017641E-16,0.));
#4249=DIRECTION('',(2.21913292017641E-16,-1.,0.));
#4250=DIRECTION('',(2.21913292017641E-16,-1.,0.));
#4251=DIRECTION('',(-1.,-2.21913292017641E-16,0.));
#4252=DIRECTION('',(2.21913292017641E-16,-1.,0.));
#4253=DIRECTION('',(0.,0.,-1.));
#4254=DIRECTION('',(-1.,-2.21913292017641E-16,0.));
#4255=DIRECTION('',(2.21913292017641E-16,-1.,0.));
#4256=DIRECTION('',(0.,1.,0.));
#4257=DIRECTION('',(0.,0.,1.));
#4258=DIRECTION('',(0.,0.,1.));
#4259=DIRECTION('',(1.,0.,0.));
#4260=DIRECTION('',(0.,0.,-1.));
#4261=DIRECTION('',(-1.,0.,0.));
#4262=DIRECTION('',(0.,0.,1.));
#4263=DIRECTION('',(1.,0.,0.));
#4264=DIRECTION('',(0.,0.,-1.));
#4265=DIRECTION('',(-1.,0.,0.));
#4266=DIRECTION('',(0.,0.,1.));
#4267=DIRECTION('',(1.,0.,0.));
#4268=DIRECTION('',(0.,0.,1.));
#4269=DIRECTION('',(0.,0.,1.));
#4270=DIRECTION('',(1.,0.,0.));
#4271=DIRECTION('',(0.,0.,1.));
#4272=DIRECTION('',(0.,0.,1.));
#4273=DIRECTION('',(1.,0.,0.));
#4274=DIRECTION('',(0.,0.,1.));
#4275=DIRECTION('',(0.,0.,1.));
#4276=DIRECTION('',(1.,0.,0.));
#4277=DIRECTION('',(0.,0.,1.));
#4278=DIRECTION('',(0.,0.,1.));
#4279=DIRECTION('',(1.,0.,0.));
#4280=DIRECTION('',(0.,0.,1.));
#4281=DIRECTION('',(0.,0.,1.));
#4282=DIRECTION('',(1.,0.,0.));
#4283=DIRECTION('',(0.,0.,1.));
#4284=DIRECTION('',(0.,0.,1.));
#4285=DIRECTION('',(1.,0.,0.));
#4286=DIRECTION('',(0.,0.,1.));
#4287=DIRECTION('',(0.,0.,1.));
#4288=DIRECTION('',(1.,0.,0.));
#4289=DIRECTION('',(0.,0.,1.));
#4290=DIRECTION('',(0.,0.,1.));
#4291=DIRECTION('',(1.,0.,0.));
#4292=DIRECTION('',(0.,0.,1.));
#4293=DIRECTION('',(1.,0.,0.));
#4294=DIRECTION('',(0.,0.,1.));
#4295=DIRECTION('',(1.,0.,0.));
#4296=DIRECTION('',(0.,0.,1.));
#4297=DIRECTION('',(1.,0.,0.));
#4298=DIRECTION('',(0.,0.,1.));
#4299=DIRECTION('',(1.,0.,0.));
#4300=DIRECTION('',(0.,0.,1.));
#4301=DIRECTION('',(1.,0.,0.));
#4302=DIRECTION('',(0.,0.,1.));
#4303=DIRECTION('',(1.,0.,0.));
#4304=DIRECTION('',(0.,0.,1.));
#4305=DIRECTION('',(1.,0.,0.));
#4306=DIRECTION('',(0.,0.,1.));
#4307=DIRECTION('',(1.,0.,0.));
#4308=DIRECTION('',(0.,0.,1.));
#4309=DIRECTION('',(1.,0.,0.));
#4310=DIRECTION('',(0.,0.,1.));
#4311=DIRECTION('',(1.,0.,0.));
#4312=DIRECTION('',(0.,0.,1.));
#4313=DIRECTION('',(1.,0.,0.));
#4314=DIRECTION('',(0.,0.,1.));
#4315=DIRECTION('',(1.,0.,0.));
#4316=DIRECTION('',(0.,0.,1.));
#4317=DIRECTION('',(1.,0.,0.));
#4318=DIRECTION('',(0.,0.,1.));
#4319=DIRECTION('',(1.,0.,0.));
#4320=DIRECTION('',(0.,0.,1.));
#4321=DIRECTION('',(1.,0.,0.));
#4322=DIRECTION('',(0.,0.,1.));
#4323=DIRECTION('',(1.,0.,0.));
#4324=DIRECTION('',(-1.,0.,0.));
#4325=DIRECTION('',(0.,0.,1.));
#4326=DIRECTION('',(0.545169950069495,0.838325548663062,0.));
#4327=DIRECTION('',(-0.838325548663063,0.545169950069495,0.));
#4328=DIRECTION('',(0.,0.,1.));
#4329=DIRECTION('',(1.,0.,0.));
#4330=DIRECTION('',(-0.838325548663072,-0.54516995006948,0.));
#4331=DIRECTION('',(0.54516995006948,-0.838325548663072,0.));
#4332=DIRECTION('',(-1.,0.,0.));
#4333=DIRECTION('',(0.,0.,1.));
#4334=DIRECTION('',(-1.,0.,0.));
#4335=DIRECTION('',(0.,0.,1.));
#4336=DIRECTION('',(0.,0.,1.));
#4337=DIRECTION('',(1.,0.,0.));
#4338=DIRECTION('',(0.,-1.,0.));
#4339=DIRECTION('',(0.,0.,-1.));
#4340=DIRECTION('',(0.,0.,1.));
#4341=DIRECTION('',(1.,0.,0.));
#4342=DIRECTION('',(-0.545169950069489,0.838325548663066,0.));
#4343=DIRECTION('',(-0.838325548663066,-0.545169950069489,0.));
#4344=DIRECTION('',(0.,1.,0.));
#4345=DIRECTION('',(0.,0.,1.));
#4346=DIRECTION('',(0.,-1.,0.));
#4347=DIRECTION('',(0.,0.,-1.));
#4348=DIRECTION('',(0.,0.,1.));
#4349=DIRECTION('',(1.,0.,0.));
#4350=DIRECTION('',(0.838325548663068,-0.545169950069487,7.70849026067313E-15));
#4351=DIRECTION('',(0.545169950069487,0.838325548663068,0.));
#4352=DIRECTION('',(0.,0.,1.));
#4353=DIRECTION('',(1.,0.,0.));
#4354=DIRECTION('',(0.838325548663071,-0.545169950069482,0.));
#4355=DIRECTION('',(0.545169950069482,0.838325548663071,0.));
#4356=DIRECTION('',(0.,0.,1.));
#4357=DIRECTION('',(1.,0.,0.));
#4358=DIRECTION('',(0.,-1.,0.));
#4359=DIRECTION('',(0.,0.,-1.));
#4360=DIRECTION('',(0.,0.,1.));
#4361=DIRECTION('',(1.,0.,0.));
#4362=DIRECTION('',(-0.545169950069495,0.838325548663062,0.));
#4363=DIRECTION('',(-0.838325548663063,-0.545169950069495,0.));
#4364=DIRECTION('',(0.,-1.,0.));
#4365=DIRECTION('',(0.,0.,-1.));
#4366=DIRECTION('',(0.,-1.,0.));
#4367=DIRECTION('',(0.,0.,-1.));
#4368=DIRECTION('',(0.,0.,1.));
#4369=DIRECTION('',(1.,0.,0.));
#4370=DIRECTION('',(-1.,0.,0.));
#4371=DIRECTION('',(0.,0.,1.));
#4372=DIRECTION('',(0.,0.,1.));
#4373=DIRECTION('',(1.,0.,0.));
#4374=DIRECTION('',(-0.838325548663064,-0.545169950069492,5.81705203910782E-15));
#4375=DIRECTION('',(0.545169950069492,-0.838325548663064,0.));
#4376=DIRECTION('',(1.,0.,0.));
#4377=DIRECTION('',(0.,0.,-1.));
#4378=DIRECTION('',(-1.,0.,0.));
#4379=DIRECTION('',(0.,0.,1.));
#4380=DIRECTION('',(0.,0.,1.));
#4381=DIRECTION('',(1.,0.,0.));
#4382=DIRECTION('',(0.545169950069487,0.838325548663068,9.59992848223841E-15));
#4383=DIRECTION('',(-0.838325548663068,0.545169950069487,0.));
#4384=DIRECTION('',(0.,0.,1.));
#4385=DIRECTION('',(1.,0.,0.));
#4386=DIRECTION('',(0.,0.,1.));
#4387=DIRECTION('',(1.,0.,0.));
#4388=DIRECTION('',(0.,0.,1.));
#4389=DIRECTION('',(1.,0.,0.));
#4390=DIRECTION('',(0.,0.,1.));
#4391=DIRECTION('',(1.,0.,0.));
#4392=DIRECTION('',(0.,0.,1.));
#4393=DIRECTION('',(1.,0.,0.));
#4394=DIRECTION('',(0.,0.,1.));
#4395=DIRECTION('',(1.,0.,0.));
#4396=DIRECTION('',(0.,0.,1.));
#4397=DIRECTION('',(1.,0.,0.));
#4398=DIRECTION('',(0.,0.,1.));
#4399=DIRECTION('',(1.,0.,0.));
#4400=DIRECTION('',(0.,0.,1.));
#4401=DIRECTION('',(1.,0.,0.));
#4402=DIRECTION('',(0.,0.,1.));
#4403=DIRECTION('',(1.,0.,0.));
#4404=DIRECTION('',(0.,0.,1.));
#4405=DIRECTION('',(1.,0.,0.));
#4406=DIRECTION('',(0.,0.,1.));
#4407=DIRECTION('',(1.,0.,0.));
#4408=DIRECTION('',(0.,0.,1.));
#4409=DIRECTION('',(1.,0.,0.));
#4410=DIRECTION('',(0.,0.,-1.));
#4411=DIRECTION('',(-1.,0.,0.));
#4412=DIRECTION('',(0.,-1.,0.));
#4413=DIRECTION('',(-1.,0.,0.));
#4414=DIRECTION('',(0.,-1.,0.));
#4415=DIRECTION('',(-1.,0.,0.));
#4416=DIRECTION('',(0.,1.,0.));
#4417=DIRECTION('',(0.,0.,1.));
#4418=DIRECTION('',(0.,0.,-1.));
#4419=DIRECTION('',(-1.,0.,0.));
#4420=DIRECTION('',(0.,0.,-1.));
#4421=DIRECTION('',(-1.,0.,0.));
#4422=DIRECTION('',(0.,0.,-1.));
#4423=DIRECTION('',(-1.,0.,0.));
#4424=DIRECTION('',(-1.,0.,0.));
#4425=DIRECTION('',(0.,0.,-1.));
#4426=DIRECTION('',(-1.,0.,0.));
#4427=DIRECTION('',(2.21913292017641E-16,-1.,0.));
#4428=DIRECTION('',(0.,0.,-1.));
#4429=DIRECTION('',(-1.,0.,0.));
#4430=DIRECTION('',(-1.,0.,0.));
#4431=DIRECTION('',(0.,-1.,0.));
#4432=DIRECTION('',(0.,1.,0.));
#4433=DIRECTION('',(0.,0.,1.));
#4434=DIRECTION('',(0.,0.,-1.));
#4435=DIRECTION('',(-1.,0.,0.));
#4436=DIRECTION('',(0.,0.,-1.));
#4437=DIRECTION('',(-1.,0.,0.));
#4438=DIRECTION('',(1.,0.,0.));
#4439=DIRECTION('',(0.,0.,-1.));
#4440=DIRECTION('',(0.,0.,-1.));
#4441=DIRECTION('',(-1.,0.,0.));
#4442=DIRECTION('',(0.,0.,-1.));
#4443=DIRECTION('',(-1.,0.,0.));
#4444=DIRECTION('',(0.,-0.948683298050513,0.316227766016838));
#4445=DIRECTION('',(0.,0.316227766016838,0.948683298050514));
#4446=DIRECTION('',(0.,1.,0.));
#4447=DIRECTION('',(0.,0.,1.));
#4448=DIRECTION('',(0.,-0.316227766016838,-0.948683298050513));
#4449=DIRECTION('',(0.,-0.948683298050514,0.316227766016838));
#4450=DIRECTION('',(0.,-0.316227766016838,0.948683298050513));
#4451=DIRECTION('',(0.,0.948683298050514,0.316227766016838));
#4452=DIRECTION('',(0.,0.,1.));
#4453=DIRECTION('',(1.,0.,0.));
#4454=DIRECTION('',(0.,-0.948683298050513,-0.316227766016838));
#4455=DIRECTION('',(0.,-0.316227766016838,0.948683298050514));
#4456=DIRECTION('',(0.,0.,-1.));
#4457=DIRECTION('',(-1.,0.,0.));
#4458=DIRECTION('',(-1.,0.,0.));
#4459=DIRECTION('',(0.,0.,1.));
#4460=DIRECTION('',(0.,0.,1.));
#4461=DIRECTION('',(1.,0.,0.));
#4462=DIRECTION('',(0.,-0.948683298050513,-0.316227766016838));
#4463=DIRECTION('',(0.,0.316227766016838,-0.948683298050514));
#4464=DIRECTION('',(0.,0.948683298050513,-0.316227766016838));
#4465=DIRECTION('',(0.,-0.316227766016838,-0.948683298050514));
#4466=DIRECTION('',(0.,1.,0.));
#4467=DIRECTION('',(0.,0.,1.));
#4468=DIRECTION('',(0.,-0.316227766016838,-0.948683298050514));
#4469=DIRECTION('',(0.,0.948683298050514,-0.316227766016838));
#4470=DIRECTION('',(0.,-0.316227766016838,0.948683298050514));
#4471=DIRECTION('',(0.,-0.948683298050514,-0.316227766016838));
#4472=DIRECTION('',(0.,-1.,0.));
#4473=DIRECTION('',(0.,0.,-1.));
#4474=DIRECTION('',(0.,0.316227766016838,-0.948683298050513));
#4475=DIRECTION('',(0.,-0.948683298050514,-0.316227766016838));
#4476=DIRECTION('',(0.,0.316227766016838,0.948683298050513));
#4477=DIRECTION('',(0.,0.948683298050514,-0.316227766016838));
#4478=DIRECTION('',(0.,0.,-1.));
#4479=DIRECTION('',(-1.,0.,0.));
#4480=DIRECTION('',(0.,0.948683298050513,0.316227766016838));
#4481=DIRECTION('',(0.,0.316227766016838,-0.948683298050514));
#4482=DIRECTION('',(0.,-0.948683298050513,0.316227766016838));
#4483=DIRECTION('',(0.,-0.316227766016838,-0.948683298050514));
#4484=DIRECTION('',(2.21913292017641E-16,-1.,0.));
#4485=DIRECTION('',(1.,2.21913292017641E-16,0.));
#4486=DIRECTION('',(-1.,0.,0.));
#4487=DIRECTION('',(0.,0.,1.));
#4488=DIRECTION('',(1.,0.,0.));
#4489=DIRECTION('',(0.,0.,-1.));
#4490=DIRECTION('',(-1.,0.,0.));
#4491=DIRECTION('',(0.,0.,1.));
#4492=DIRECTION('',(-1.,0.,0.));
#4493=DIRECTION('',(0.,0.,1.));
#4494=DIRECTION('',(-1.,0.,0.));
#4495=DIRECTION('',(0.,0.,1.));
#4496=DIRECTION('',(-1.,0.,0.));
#4497=DIRECTION('',(0.,0.,1.));
#4498=DIRECTION('',(0.552790716262238,-0.833320120970496,0.));
#4499=DIRECTION('',(0.833320120970496,0.552790716262238,0.));
#4500=DIRECTION('',(0.,0.,-1.));
#4501=DIRECTION('',(-1.,0.,0.));
#4502=DIRECTION('',(-1.,0.,0.));
#4503=DIRECTION('',(0.,0.,1.));
#4504=DIRECTION('',(1.,0.,0.));
#4505=DIRECTION('',(0.,0.,-1.));
#4506=DIRECTION('',(-1.,0.,0.));
#4507=DIRECTION('',(0.,0.,1.));
#4508=DIRECTION('',(0.,0.,-1.));
#4509=DIRECTION('',(-1.,0.,0.));
#4510=DIRECTION('',(-0.552790716262238,-0.833320120970496,0.));
#4511=DIRECTION('',(0.833320120970496,-0.552790716262238,0.));
#4512=DIRECTION('',(-1.,0.,0.));
#4513=DIRECTION('',(0.,0.,1.));
#4514=DIRECTION('',(-1.,0.,0.));
#4515=DIRECTION('',(0.,0.,1.));
#4516=DIRECTION('',(-1.,0.,0.));
#4517=DIRECTION('',(0.,0.,1.));
#4518=DIRECTION('',(0.,0.,-1.));
#4519=DIRECTION('',(-1.,0.,0.));
#4520=DIRECTION('',(0.,0.,-1.));
#4521=DIRECTION('',(-1.,0.,0.));
#4522=DIRECTION('',(0.,0.,-1.));
#4523=DIRECTION('',(1.,0.,0.));
#4524=DIRECTION('',(0.,0.,-1.));
#4525=DIRECTION('',(-1.,0.,0.));
#4526=DIRECTION('',(0.,0.,-1.));
#4527=DIRECTION('',(-1.,0.,0.));
#4528=DIRECTION('',(0.,0.,-1.));
#4529=DIRECTION('',(1.,0.,0.));
#4530=DIRECTION('',(0.,0.,-1.));
#4531=DIRECTION('',(-1.,0.,0.));
#4532=DIRECTION('',(0.,0.,-1.));
#4533=DIRECTION('',(-1.,0.,0.));
#4534=DIRECTION('',(0.,0.,-1.));
#4535=DIRECTION('',(1.,0.,0.));
#4536=DIRECTION('',(0.,0.,-1.));
#4537=DIRECTION('',(-1.,0.,0.));
#4538=DIRECTION('',(0.,0.,-1.));
#4539=DIRECTION('',(-1.,0.,0.));
#4540=DIRECTION('',(0.,0.,-1.));
#4541=DIRECTION('',(1.,0.,0.));
#4542=DIRECTION('',(0.,1.,0.));
#4543=DIRECTION('',(0.,0.,1.));
#4544=DIRECTION('',(-1.,0.,0.));
#4545=DIRECTION('',(0.,0.,-1.));
#4546=DIRECTION('',(-1.,0.,0.));
#4547=DIRECTION('',(0.,0.,-1.));
#4548=DIRECTION('',(-1.,0.,0.));
#4549=DIRECTION('',(-1.,0.,0.));
#4550=DIRECTION('',(0.,-1.,0.));
#4551=DIRECTION('',(0.,0.0472507937662501,-0.998883057463915));
#4552=DIRECTION('',(0.,0.998883057463915,0.0472507937662501));
#4553=DIRECTION('',(-1.,0.,0.));
#4554=DIRECTION('',(0.,-0.998883057463915,-0.0472507937662501));
#4555=DIRECTION('',(0.,0.42822129423018,-0.903673903113191));
#4556=DIRECTION('',(0.,0.903673903113191,0.42822129423018));
#4557=DIRECTION('',(-1.,0.,0.));
#4558=DIRECTION('',(0.,-0.903673903113191,-0.42822129423018));
#4559=DIRECTION('',(0.,0.957599117175837,-0.288104027712314));
#4560=DIRECTION('',(0.,0.288104027712314,0.957599117175837));
#4561=DIRECTION('',(-1.,0.,0.));
#4562=DIRECTION('',(0.,-0.288104027712314,-0.957599117175837));
#4563=DIRECTION('',(0.,0.964210281145627,0.265138706591609));
#4564=DIRECTION('',(0.,-0.265138706591609,0.964210281145627));
#4565=DIRECTION('',(-1.,0.,0.));
#4566=DIRECTION('',(0.,0.265138706591609,-0.964210281145627));
#4567=DIRECTION('',(0.,0.40351125104771,0.914974682861724));
#4568=DIRECTION('',(0.,-0.914974682861724,0.40351125104771));
#4569=DIRECTION('',(-1.,0.,0.));
#4570=DIRECTION('',(0.,0.914974682861724,-0.40351125104771));
#4571=DIRECTION('',(0.,0.000938144561831446,0.999999559942294));
#4572=DIRECTION('',(0.,-0.999999559942294,0.000938144561831446));
#4573=DIRECTION('',(-1.,0.,0.));
#4574=DIRECTION('',(0.,0.999999559942294,-0.000938144561831446));
#4575=DIRECTION('',(0.,-0.0437084372145289,0.99904432960518));
#4576=DIRECTION('',(0.,-0.99904432960518,-0.0437084372145289));
#4577=DIRECTION('',(-1.,0.,0.));
#4578=DIRECTION('',(0.,0.99904432960518,0.0437084372145289));
#4579=DIRECTION('',(0.,1.,0.));
#4580=DIRECTION('',(0.,0.,1.));
#4581=DIRECTION('',(-1.,0.,0.));
#4582=DIRECTION('',(0.,0.,-1.));
#4583=DIRECTION('',(0.,0.,1.));
#4584=DIRECTION('',(1.,0.,0.));
#4585=DIRECTION('',(-1.,0.,0.));
#4586=DIRECTION('',(0.,1.,0.));
#4587=DIRECTION('',(0.,-1.,0.));
#4588=DIRECTION('',(0.,0.,-1.));
#4589=DIRECTION('',(-1.,0.,0.));
#4590=DIRECTION('',(0.,0.,1.));
#4591=DIRECTION('',(0.,0.,1.));
#4592=DIRECTION('',(1.,0.,0.));
#4593=DIRECTION('',(-1.,0.,0.));
#4594=DIRECTION('',(0.,1.,0.));
#4595=DIRECTION('',(0.,0.0242530503318204,0.999705851513135));
#4596=DIRECTION('',(0.,-0.999705851513135,0.0242530503318204));
#4597=DIRECTION('',(-1.,0.,0.));
#4598=DIRECTION('',(0.,0.999705851513135,-0.0242530503318204));
#4599=DIRECTION('',(0.,0.190648761724074,0.981658316143187));
#4600=DIRECTION('',(0.,-0.981658316143187,0.190648761724074));
#4601=DIRECTION('',(-1.,0.,0.));
#4602=DIRECTION('',(0.,0.981658316143187,-0.190648761724074));
#4603=DIRECTION('',(0.,0.496322726067781,0.86813809476871));
#4604=DIRECTION('',(0.,-0.86813809476871,0.496322726067781));
#4605=DIRECTION('',(-1.,0.,0.));
#4606=DIRECTION('',(0.,0.86813809476871,-0.496322726067781));
#4607=DIRECTION('',(0.,0.843554900305166,0.537042950024616));
#4608=DIRECTION('',(0.,-0.537042950024616,0.843554900305166));
#4609=DIRECTION('',(-1.,0.,0.));
#4610=DIRECTION('',(0.,0.537042950024616,-0.843554900305166));
#4611=DIRECTION('',(0.,0.977388705752528,0.211450509262566));
#4612=DIRECTION('',(0.,-0.211450509262566,0.977388705752528));
#4613=DIRECTION('',(-1.,0.,0.));
#4614=DIRECTION('',(0.,0.211450509262566,-0.977388705752528));
#4615=DIRECTION('',(0.,0.999633893416969,0.027056960879463));
#4616=DIRECTION('',(0.,-0.027056960879463,0.999633893416969));
#4617=DIRECTION('',(-1.,0.,0.));
#4618=DIRECTION('',(0.,0.027056960879463,-0.999633893416969));
#4619=DIRECTION('',(0.,1.,0.));
#4620=DIRECTION('',(0.,0.,1.));
#4621=DIRECTION('',(-1.,0.,0.));
#4622=DIRECTION('',(0.,0.,-1.));
#4623=DIRECTION('',(0.,0.,1.));
#4624=DIRECTION('',(1.,0.,0.));
#4625=DIRECTION('',(-1.,0.,0.));
#4626=DIRECTION('',(0.,1.,0.));
#4627=DIRECTION('',(0.,0.0647825628361828,0.997899403523409));
#4628=DIRECTION('',(0.,-0.997899403523409,0.0647825628361828));
#4629=DIRECTION('',(-1.,0.,0.));
#4630=DIRECTION('',(0.,0.997899403523409,-0.0647825628361828));
#4631=DIRECTION('',(0.,0.597891057848697,0.801577371776778));
#4632=DIRECTION('',(0.,-0.801577371776778,0.597891057848697));
#4633=DIRECTION('',(-1.,0.,0.));
#4634=DIRECTION('',(0.,0.801577371776778,-0.597891057848697));
#4635=DIRECTION('',(0.,0.985406186393148,0.170219410814724));
#4636=DIRECTION('',(0.,-0.170219410814724,0.985406186393148));
#4637=DIRECTION('',(-1.,0.,0.));
#4638=DIRECTION('',(0.,0.170219410814724,-0.985406186393148));
#4639=DIRECTION('',(0.,0.950248771665016,0.311492009446677));
#4640=DIRECTION('',(0.,-0.311492009446677,0.950248771665016));
#4641=DIRECTION('',(-1.,0.,0.));
#4642=DIRECTION('',(0.,0.311492009446677,-0.950248771665016));
#4643=DIRECTION('',(0.,0.311492009446671,0.950248771665018));
#4644=DIRECTION('',(0.,-0.950248771665018,0.311492009446671));
#4645=DIRECTION('',(-1.,0.,0.));
#4646=DIRECTION('',(0.,0.950248771665018,-0.311492009446671));
#4647=DIRECTION('',(0.,0.150849301171306,0.988556770416413));
#4648=DIRECTION('',(0.,-0.988556770416413,0.150849301171306));
#4649=DIRECTION('',(-1.,0.,0.));
#4650=DIRECTION('',(0.,0.988556770416413,-0.150849301171306));
#4651=DIRECTION('',(0.,0.695039305993725,0.718971740142657));
#4652=DIRECTION('',(0.,-0.718971740142657,0.695039305993725));
#4653=DIRECTION('',(-1.,0.,0.));
#4654=DIRECTION('',(0.,0.718971740142657,-0.695039305993726));
#4655=DIRECTION('',(0.,0.993215471015119,0.116288555482538));
#4656=DIRECTION('',(0.,-0.116288555482538,0.993215471015119));
#4657=DIRECTION('',(-1.,0.,0.));
#4658=DIRECTION('',(0.,0.116288555482538,-0.993215471015119));
#4659=DIRECTION('',(0.,1.,0.));
#4660=DIRECTION('',(0.,0.,1.));
#4661=DIRECTION('',(-1.,0.,0.));
#4662=DIRECTION('',(0.,0.,-1.));
#4663=DIRECTION('',(0.,0.,-1.));
#4664=DIRECTION('',(-1.,0.,0.));
#4665=DIRECTION('',(-1.,0.,0.));
#4666=DIRECTION('',(0.,-1.,0.));
#4667=DIRECTION('',(0.,0.0764911516922503,-0.997070260168657));
#4668=DIRECTION('',(0.,0.997070260168657,0.0764911516922503));
#4669=DIRECTION('',(-1.,0.,0.));
#4670=DIRECTION('',(0.,-0.997070260168657,-0.0764911516922503));
#4671=DIRECTION('',(0.,0.51992455353138,-0.854212185955688));
#4672=DIRECTION('',(0.,0.854212185955688,0.51992455353138));
#4673=DIRECTION('',(-1.,0.,0.));
#4674=DIRECTION('',(0.,-0.854212185955688,-0.51992455353138));
#4675=DIRECTION('',(0.,0.900940780229437,-0.433942058942866));
#4676=DIRECTION('',(0.,0.433942058942866,0.900940780229437));
#4677=DIRECTION('',(-1.,0.,0.));
#4678=DIRECTION('',(0.,-0.433942058942866,-0.900940780229437));
#4679=DIRECTION('',(0.,0.561229594586277,-0.827660161032609));
#4680=DIRECTION('',(0.,0.827660161032609,0.561229594586277));
#4681=DIRECTION('',(-1.,0.,0.));
#4682=DIRECTION('',(0.,-0.827660161032609,-0.561229594586277));
#4683=DIRECTION('',(0.,0.230120091991426,-0.973162238921064));
#4684=DIRECTION('',(0.,0.973162238921064,0.230120091991426));
#4685=DIRECTION('',(-1.,0.,0.));
#4686=DIRECTION('',(0.,-0.973162238921064,-0.230120091991426));
#4687=DIRECTION('',(0.,0.104825929038959,-0.994490585476363));
#4688=DIRECTION('',(0.,0.994490585476363,0.104825929038959));
#4689=DIRECTION('',(-1.,0.,0.));
#4690=DIRECTION('',(0.,-0.994490585476363,-0.104825929038959));
#4691=DIRECTION('',(0.,0.0281962157287446,-0.999602407669459));
#4692=DIRECTION('',(0.,0.999602407669459,0.0281962157287446));
#4693=DIRECTION('',(-1.,0.,0.));
#4694=DIRECTION('',(0.,-0.999602407669458,-0.0281962157287446));
#4695=DIRECTION('',(0.,-0.0281962157287446,-0.999602407669458));
#4696=DIRECTION('',(0.,0.999602407669458,-0.0281962157287446));
#4697=DIRECTION('',(-1.,0.,0.));
#4698=DIRECTION('',(0.,-0.999602407669459,0.0281962157287446));
#4699=DIRECTION('',(0.,-0.104825929038959,-0.994490585476363));
#4700=DIRECTION('',(0.,0.994490585476363,-0.104825929038959));
#4701=DIRECTION('',(-1.,0.,0.));
#4702=DIRECTION('',(0.,-0.994490585476363,0.104825929038959));
#4703=DIRECTION('',(0.,-0.230120091991425,-0.973162238921064));
#4704=DIRECTION('',(0.,0.973162238921064,-0.230120091991425));
#4705=DIRECTION('',(-1.,0.,0.));
#4706=DIRECTION('',(0.,-0.973162238921064,0.230120091991425));
#4707=DIRECTION('',(0.,-0.561229594586279,-0.827660161032607));
#4708=DIRECTION('',(0.,0.827660161032607,-0.561229594586279));
#4709=DIRECTION('',(-1.,0.,0.));
#4710=DIRECTION('',(0.,-0.827660161032607,0.561229594586279));
#4711=DIRECTION('',(0.,-0.900940780229436,-0.433942058942868));
#4712=DIRECTION('',(0.,0.433942058942868,-0.900940780229436));
#4713=DIRECTION('',(-1.,0.,0.));
#4714=DIRECTION('',(0.,-0.433942058942868,0.900940780229436));
#4715=DIRECTION('',(0.,-0.519924553531381,-0.854212185955688));
#4716=DIRECTION('',(0.,0.854212185955688,-0.519924553531381));
#4717=DIRECTION('',(-1.,0.,0.));
#4718=DIRECTION('',(0.,-0.854212185955688,0.519924553531381));
#4719=DIRECTION('',(0.,-0.0764911516922503,-0.997070260168657));
#4720=DIRECTION('',(0.,0.997070260168657,-0.0764911516922503));
#4721=DIRECTION('',(-1.,0.,0.));
#4722=DIRECTION('',(0.,-0.997070260168657,0.0764911516922503));
#4723=DIRECTION('',(0.,0.,-1.));
#4724=DIRECTION('',(-1.,0.,0.));
#4725=DIRECTION('',(-1.,0.,0.));
#4726=DIRECTION('',(0.,-1.,0.));
#4727=DIRECTION('',(0.,-1.,0.));
#4728=DIRECTION('',(0.,0.,-1.));
#4729=DIRECTION('',(-1.,0.,0.));
#4730=DIRECTION('',(0.,0.,1.));
#4731=DIRECTION('',(0.,-0.993215471015119,0.116288555482535));
#4732=DIRECTION('',(0.,-0.116288555482535,-0.993215471015119));
#4733=DIRECTION('',(-1.,0.,0.));
#4734=DIRECTION('',(0.,0.116288555482535,0.993215471015119));
#4735=DIRECTION('',(0.,-0.695039305993726,0.718971740142657));
#4736=DIRECTION('',(0.,-0.718971740142657,-0.695039305993726));
#4737=DIRECTION('',(-1.,0.,0.));
#4738=DIRECTION('',(0.,0.718971740142657,0.695039305993726));
#4739=DIRECTION('',(0.,-0.150849301171306,0.988556770416413));
#4740=DIRECTION('',(0.,-0.988556770416413,-0.150849301171306));
#4741=DIRECTION('',(-1.,0.,0.));
#4742=DIRECTION('',(0.,0.988556770416413,0.150849301171306));
#4743=DIRECTION('',(0.,-0.311492009446672,0.950248771665017));
#4744=DIRECTION('',(0.,-0.950248771665018,-0.311492009446672));
#4745=DIRECTION('',(-1.,0.,0.));
#4746=DIRECTION('',(0.,0.950248771665018,0.311492009446672));
#4747=DIRECTION('',(0.,-0.950248771665016,0.311492009446676));
#4748=DIRECTION('',(0.,-0.311492009446676,-0.950248771665016));
#4749=DIRECTION('',(-1.,0.,0.));
#4750=DIRECTION('',(0.,0.311492009446676,0.950248771665016));
#4751=DIRECTION('',(0.,-0.98540618639315,0.170219410814717));
#4752=DIRECTION('',(0.,-0.170219410814717,-0.98540618639315));
#4753=DIRECTION('',(-1.,0.,0.));
#4754=DIRECTION('',(0.,0.170219410814717,0.98540618639315));
#4755=DIRECTION('',(0.,-0.5978910578487,0.801577371776775));
#4756=DIRECTION('',(0.,-0.801577371776775,-0.5978910578487));
#4757=DIRECTION('',(-1.,0.,0.));
#4758=DIRECTION('',(0.,0.801577371776775,0.5978910578487));
#4759=DIRECTION('',(0.,-0.0647825628361827,0.997899403523409));
#4760=DIRECTION('',(0.,-0.997899403523409,-0.0647825628361827));
#4761=DIRECTION('',(-1.,0.,0.));
#4762=DIRECTION('',(0.,0.997899403523409,0.0647825628361827));
#4763=DIRECTION('',(0.,-0.597891057848695,0.801577371776779));
#4764=DIRECTION('',(0.,-0.801577371776779,-0.597891057848695));
#4765=DIRECTION('',(-1.,0.,0.));
#4766=DIRECTION('',(0.,0.801577371776779,0.597891057848695));
#4767=DIRECTION('',(0.,-0.98540618639315,0.170219410814717));
#4768=DIRECTION('',(0.,-0.170219410814717,-0.98540618639315));
#4769=DIRECTION('',(-1.,0.,0.));
#4770=DIRECTION('',(0.,0.170219410814717,0.98540618639315));
#4771=DIRECTION('',(0.,-0.950248771665016,0.311492009446676));
#4772=DIRECTION('',(0.,-0.311492009446676,-0.950248771665016));
#4773=DIRECTION('',(-1.,0.,0.));
#4774=DIRECTION('',(0.,0.311492009446676,0.950248771665016));
#4775=DIRECTION('',(0.,-0.311492009446672,0.950248771665017));
#4776=DIRECTION('',(0.,-0.950248771665018,-0.311492009446672));
#4777=DIRECTION('',(-1.,0.,0.));
#4778=DIRECTION('',(0.,0.950248771665018,0.311492009446672));
#4779=DIRECTION('',(0.,0.292004312652877,0.956417001831377));
#4780=DIRECTION('',(0.,-0.956417001831377,0.292004312652877));
#4781=DIRECTION('',(-1.,0.,0.));
#4782=DIRECTION('',(0.,0.956417001831377,-0.292004312652877));
#4783=DIRECTION('',(0.,0.876323896329767,0.481722356468345));
#4784=DIRECTION('',(0.,-0.481722356468345,0.876323896329767));
#4785=DIRECTION('',(-1.,0.,0.));
#4786=DIRECTION('',(0.,0.481722356468345,-0.876323896329767));
#4787=DIRECTION('',(0.,0.292004312652879,0.956417001831377));
#4788=DIRECTION('',(0.,-0.956417001831377,0.292004312652879));
#4789=DIRECTION('',(-1.,0.,0.));
#4790=DIRECTION('',(0.,0.956417001831377,-0.292004312652879));
#4791=DIRECTION('',(0.,-0.292004312652879,0.956417001831377));
#4792=DIRECTION('',(0.,-0.956417001831377,-0.292004312652879));
#4793=DIRECTION('',(-1.,0.,0.));
#4794=DIRECTION('',(0.,0.956417001831377,0.292004312652879));
#4795=DIRECTION('',(0.,-0.876323896329763,0.481722356468352));
#4796=DIRECTION('',(0.,-0.481722356468352,-0.876323896329763));
#4797=DIRECTION('',(-1.,0.,0.));
#4798=DIRECTION('',(0.,0.481722356468352,0.876323896329763));
#4799=DIRECTION('',(0.,-0.958160695309905,0.286230819380513));
#4800=DIRECTION('',(0.,-0.286230819380513,-0.958160695309905));
#4801=DIRECTION('',(-1.,0.,0.));
#4802=DIRECTION('',(0.,0.286230819380513,0.958160695309905));
#4803=DIRECTION('',(0.,-0.595679922291609,0.803221905937993));
#4804=DIRECTION('',(0.,-0.803221905937993,-0.59567992229161));
#4805=DIRECTION('',(-1.,0.,0.));
#4806=DIRECTION('',(0.,0.803221905937993,0.59567992229161));
#4807=DIRECTION('',(0.,-0.132315642283842,0.991207632540738));
#4808=DIRECTION('',(0.,-0.991207632540738,-0.132315642283842));
#4809=DIRECTION('',(-1.,0.,0.));
#4810=DIRECTION('',(0.,0.991207632540738,0.132315642283842));
#4811=DIRECTION('',(0.,0.,1.));
#4812=DIRECTION('',(1.,0.,0.));
#4813=DIRECTION('',(-1.,0.,0.));
#4814=DIRECTION('',(0.,1.,0.));
#4815=DIRECTION('',(0.,-1.,0.));
#4816=DIRECTION('',(0.,0.,-1.));
#4817=DIRECTION('',(-1.,0.,0.));
#4818=DIRECTION('',(0.,0.,1.));
#4819=DIRECTION('',(0.,0.,-1.));
#4820=DIRECTION('',(-1.,0.,0.));
#4821=DIRECTION('',(-1.,0.,0.));
#4822=DIRECTION('',(0.,-1.,0.));
#4823=DIRECTION('',(0.,-0.140499071514742,-0.990080810289491));
#4824=DIRECTION('',(0.,0.990080810289491,-0.140499071514742));
#4825=DIRECTION('',(-1.,0.,0.));
#4826=DIRECTION('',(0.,-0.990080810289491,0.140499071514742));
#4827=DIRECTION('',(0.,-0.753053834779308,-0.657958905953995));
#4828=DIRECTION('',(0.,0.657958905953995,-0.753053834779308));
#4829=DIRECTION('',(-1.,0.,0.));
#4830=DIRECTION('',(0.,-0.657958905953995,0.753053834779308));
#4831=DIRECTION('',(0.,-0.989232700253845,-0.146351169276114));
#4832=DIRECTION('',(0.,0.146351169276114,-0.989232700253845));
#4833=DIRECTION('',(-1.,0.,0.));
#4834=DIRECTION('',(0.,-0.146351169276114,0.989232700253845));
#4835=DIRECTION('',(0.,-0.950248771665016,-0.311492009446676));
#4836=DIRECTION('',(0.,0.311492009446676,-0.950248771665016));
#4837=DIRECTION('',(-1.,0.,0.));
#4838=DIRECTION('',(0.,-0.311492009446676,0.950248771665016));
#4839=DIRECTION('',(0.,-0.311492009446678,-0.950248771665015));
#4840=DIRECTION('',(0.,0.950248771665015,-0.311492009446678));
#4841=DIRECTION('',(-1.,0.,0.));
#4842=DIRECTION('',(0.,-0.950248771665015,0.311492009446678));
#4843=DIRECTION('',(0.,-0.950248771665016,-0.311492009446676));
#4844=DIRECTION('',(0.,0.311492009446676,-0.950248771665016));
#4845=DIRECTION('',(-1.,0.,0.));
#4846=DIRECTION('',(0.,-0.311492009446676,0.950248771665016));
#4847=DIRECTION('',(0.,-0.311492009446677,-0.950248771665016));
#4848=DIRECTION('',(0.,0.950248771665016,-0.311492009446677));
#4849=DIRECTION('',(-1.,0.,0.));
#4850=DIRECTION('',(0.,-0.950248771665016,0.311492009446677));
#4851=DIRECTION('',(0.,-0.194227237143088,-0.980956563947539));
#4852=DIRECTION('',(0.,0.980956563947539,-0.194227237143088));
#4853=DIRECTION('',(-1.,0.,0.));
#4854=DIRECTION('',(0.,-0.980956563947539,0.194227237143088));
#4855=DIRECTION('',(0.,-0.86323060919734,-0.504809781348173));
#4856=DIRECTION('',(0.,0.504809781348173,-0.86323060919734));
#4857=DIRECTION('',(-1.,0.,0.));
#4858=DIRECTION('',(0.,-0.504809781348173,0.86323060919734));
#4859=DIRECTION('',(0.,-0.998974253169305,-0.0452818010334181));
#4860=DIRECTION('',(0.,0.0452818010334181,-0.998974253169305));
#4861=DIRECTION('',(-1.,0.,0.));
#4862=DIRECTION('',(0.,-0.0452818010334181,0.998974253169305));
#4863=DIRECTION('',(0.,-0.998974253169305,0.0452818010334181));
#4864=DIRECTION('',(0.,-0.0452818010334181,-0.998974253169305));
#4865=DIRECTION('',(-1.,0.,0.));
#4866=DIRECTION('',(0.,0.0452818010334181,0.998974253169305));
#4867=DIRECTION('',(0.,-0.86323060919734,0.504809781348173));
#4868=DIRECTION('',(0.,-0.504809781348173,-0.86323060919734));
#4869=DIRECTION('',(-1.,0.,0.));
#4870=DIRECTION('',(0.,0.504809781348173,0.86323060919734));
#4871=DIRECTION('',(0.,-0.194227237143097,0.980956563947537));
#4872=DIRECTION('',(0.,-0.980956563947537,-0.194227237143097));
#4873=DIRECTION('',(-1.,0.,0.));
#4874=DIRECTION('',(0.,0.980956563947537,0.194227237143097));
#4875=DIRECTION('',(0.,0.311492009446671,0.950248771665018));
#4876=DIRECTION('',(0.,-0.950248771665018,0.311492009446671));
#4877=DIRECTION('',(-1.,0.,0.));
#4878=DIRECTION('',(0.,0.950248771665018,-0.311492009446671));
#4879=DIRECTION('',(0.,0.950248771665018,0.311492009446669));
#4880=DIRECTION('',(0.,-0.311492009446669,0.950248771665018));
#4881=DIRECTION('',(-1.,0.,0.));
#4882=DIRECTION('',(0.,0.311492009446669,-0.950248771665018));
#4883=DIRECTION('',(0.,0.311492009446672,0.950248771665017));
#4884=DIRECTION('',(0.,-0.950248771665018,0.311492009446672));
#4885=DIRECTION('',(-1.,0.,0.));
#4886=DIRECTION('',(0.,0.950248771665018,-0.311492009446672));
#4887=DIRECTION('',(0.,0.950248771665016,0.311492009446677));
#4888=DIRECTION('',(0.,-0.311492009446677,0.950248771665016));
#4889=DIRECTION('',(-1.,0.,0.));
#4890=DIRECTION('',(0.,0.311492009446677,-0.950248771665016));
#4891=DIRECTION('',(0.,0.951444690352926,0.307819754400567));
#4892=DIRECTION('',(0.,-0.307819754400567,0.951444690352926));
#4893=DIRECTION('',(-1.,0.,0.));
#4894=DIRECTION('',(0.,0.307819754400567,-0.951444690352926));
#4895=DIRECTION('',(0.,0.339746604890186,0.940517009131463));
#4896=DIRECTION('',(0.,-0.940517009131463,0.339746604890186));
#4897=DIRECTION('',(-1.,0.,0.));
#4898=DIRECTION('',(0.,0.940517009131463,-0.339746604890186));
#4899=DIRECTION('',(0.,0.368683680728062,0.929554916917128));
#4900=DIRECTION('',(0.,-0.929554916917128,0.368683680728062));
#4901=DIRECTION('',(-1.,0.,0.));
#4902=DIRECTION('',(0.,0.929554916917128,-0.368683680728062));
#4903=DIRECTION('',(0.,0.838274730889042,0.545248086244147));
#4904=DIRECTION('',(0.,-0.545248086244147,0.838274730889042));
#4905=DIRECTION('',(-1.,0.,0.));
#4906=DIRECTION('',(0.,0.545248086244147,-0.838274730889042));
#4907=DIRECTION('',(0.,0.917883288658488,0.396850435808603));
#4908=DIRECTION('',(0.,-0.396850435808603,0.917883288658489));
#4909=DIRECTION('',(-1.,0.,0.));
#4910=DIRECTION('',(0.,0.396850435808603,-0.917883288658488));
#4911=DIRECTION('',(0.,-0.151774409103652,0.988415160113015));
#4912=DIRECTION('',(0.,-0.988415160113015,-0.151774409103652));
#4913=DIRECTION('',(-1.,0.,0.));
#4914=DIRECTION('',(0.,0.988415160113015,0.151774409103652));
#4915=DIRECTION('',(0.,-0.905398813467759,0.424562113914059));
#4916=DIRECTION('',(0.,-0.424562113914059,-0.905398813467759));
#4917=DIRECTION('',(-1.,0.,0.));
#4918=DIRECTION('',(0.,0.424562113914059,0.905398813467759));
#4919=DIRECTION('',(0.,-0.988866748143679,0.14880374462945));
#4920=DIRECTION('',(0.,-0.14880374462945,-0.988866748143678));
#4921=DIRECTION('',(-1.,0.,0.));
#4922=DIRECTION('',(0.,0.14880374462945,0.988866748143679));
#4923=DIRECTION('',(0.,-0.999447278628111,0.0332436045407552));
#4924=DIRECTION('',(0.,-0.0332436045407552,-0.999447278628112));
#4925=DIRECTION('',(-1.,0.,0.));
#4926=DIRECTION('',(0.,0.0332436045407552,0.999447278628112));
#4927=DIRECTION('',(0.,-1.,0.));
#4928=DIRECTION('',(0.,0.,-1.));
#4929=DIRECTION('',(-1.,0.,0.));
#4930=DIRECTION('',(0.,0.,1.));
#4931=DIRECTION('',(0.,1.,0.));
#4932=DIRECTION('',(0.,0.,1.));
#4933=DIRECTION('',(0.,0.,-1.));
#4934=DIRECTION('',(-1.,0.,0.));
#4935=DIRECTION('',(0.,0.,-1.));
#4936=DIRECTION('',(-1.,0.,0.));
#4937=DIRECTION('',(0.,0.,1.));
#4938=DIRECTION('',(1.,0.,0.));
#4939=DIRECTION('',(0.,1.,0.));
#4940=DIRECTION('',(-1.,0.,0.));
#4941=DIRECTION('',(0.,1.,0.));
#4942=DIRECTION('',(0.,-1.,0.));
#4943=DIRECTION('',(0.,0.,-1.));
#4944=DIRECTION('',(0.,0.,1.));
#4945=DIRECTION('',(-1.,0.,0.));
#4946=DIRECTION('',(0.,0.,1.));
#4947=DIRECTION('',(0.,0.,-1.));
#4948=DIRECTION('',(-1.,0.,0.));
#4949=DIRECTION('',(0.,-1.,0.));
#4950=DIRECTION('',(0.,-1.,0.));
#4951=DIRECTION('',(0.,0.,1.));
#4952=DIRECTION('',(1.,0.,0.));
#4953=DIRECTION('',(0.,1.,0.));
#4954=DIRECTION('',(-1.,0.,0.));
#4955=DIRECTION('',(0.,-1.,0.));
#4956=DIRECTION('',(1.,0.,0.));
#4957=DIRECTION('',(0.,0.,-1.));
#4958=DIRECTION('',(0.,1.,0.));
#4959=DIRECTION('',(0.,0.,1.));
#4960=DIRECTION('',(-1.,0.,0.));
#4961=DIRECTION('',(0.,0.,-1.));
#4962=DIRECTION('',(-1.,0.,0.));
#4963=DIRECTION('',(0.,0.,-1.));
#4964=DIRECTION('',(-1.,0.,0.));
#4965=DIRECTION('',(-1.,0.,0.));
#4966=DIRECTION('',(0.,-1.,0.));
#4967=DIRECTION('',(0.,-1.,0.));
#4968=DIRECTION('',(0.,0.,-1.));
#4969=DIRECTION('',(-1.,0.,0.));
#4970=DIRECTION('',(0.,0.,1.));
#4971=DIRECTION('',(0.,0.,1.));
#4972=DIRECTION('',(1.,0.,0.));
#4973=DIRECTION('',(0.,1.,0.));
#4974=DIRECTION('',(-1.,0.,0.));
#4975=DIRECTION('',(0.,-1.,0.));
#4976=CARTESIAN_POINT('',(0.,0.,0.));
#4977=CARTESIAN_POINT('',(-0.0820611864328384,-0.0305809216433615,0.005));
#4978=CARTESIAN_POINT('',(-0.0820611864328384,0.00900027098646856,0.0139397562216503));
#4979=CARTESIAN_POINT('',(-0.0820611864328384,0.00959466238917485,0.0139397562216503));
#4980=CARTESIAN_POINT('',(-0.0820611864328384,0.00721709677834971,0.0139397562216503));
#4981=CARTESIAN_POINT('',(-0.0820611864328384,0.00959466238917485,0.0170603110858583));
#4982=CARTESIAN_POINT('',(-0.0820611864328384,0.00959466238917485,0.0181004960405943));
#4983=CARTESIAN_POINT('',(-0.0820611864328384,0.00781148818105599,0.0181004960405943));
#4984=CARTESIAN_POINT('',(-0.0820611864328384,0.00721709677834971,0.0181004960405943));
#4985=CARTESIAN_POINT('',(-0.0820611864328384,0.00721709677834971,0.0149799411763863));
#4986=CARTESIAN_POINT('',(-0.0820611864328384,0.00558252042090742,0.0145341476243566));
#4987=CARTESIAN_POINT('',(-0.0820611864328384,0.00617691182361371,0.0145341476243566));
#4988=CARTESIAN_POINT('',(-0.0820611864328384,0.00498812901820114,0.0145341476243566));
#4989=CARTESIAN_POINT('',(-0.0820611864328384,0.00617691182361371,0.0174318057125497));
#4990=CARTESIAN_POINT('',(-0.0820611864328384,0.00617691182361371,0.0183976917419474));
#4991=CARTESIAN_POINT('',(-0.0820611864328384,0.00461663439150971,0.0183976917419474));
#4992=CARTESIAN_POINT('',(-0.0820611864328384,0.00409654191414171,0.0183976917419474));
#4993=CARTESIAN_POINT('',(-0.0820611864328384,0.00409654191414171,0.0175804035632263));
#4994=CARTESIAN_POINT('',(-0.0820611864328384,0.00409654191414171,0.0167631153845051));
#4995=CARTESIAN_POINT('',(-0.0820611864328384,0.00408034698173695,0.0162762253091626));
#4996=CARTESIAN_POINT('',(-0.0820611864328384,0.00406415204933219,0.01578933523382));
#4997=CARTESIAN_POINT('',(-0.0820611864328384,0.00402044352846834,0.0154988727659539));
#4998=CARTESIAN_POINT('',(-0.0820611864328384,0.0039767350076045,0.0152084102980877));
#4999=CARTESIAN_POINT('',(-0.0820611864328384,0.00394684846507292,0.0151446758308332));
#5000=CARTESIAN_POINT('',(-0.0820611864328384,0.00391696192254134,0.0150809413635788));
#5001=CARTESIAN_POINT('',(-0.0820611864328384,0.00388293982252619,0.0150757171578657));
#5002=CARTESIAN_POINT('',(-0.0820611864328384,0.00384891772251104,0.0150704929521528));
#5003=CARTESIAN_POINT('',(-0.0820611864328384,0.0037721226356686,0.0152481138402844));
#5004=CARTESIAN_POINT('',(-0.0820611864328384,0.00369532754882618,0.015425734728416));
#5005=CARTESIAN_POINT('',(-0.0820611864328384,0.00362706557702778,0.0155306819762521));
#5006=CARTESIAN_POINT('',(-0.0820611864328384,0.00355880360522939,0.0156356292240883));
#5007=CARTESIAN_POINT('',(-0.0820611864328384,0.00344874819833809,0.0156792798269287));
#5008=CARTESIAN_POINT('',(-0.0820611864328384,0.0033386927914468,0.0157229304297692));
#5009=CARTESIAN_POINT('',(-0.0820611864328384,0.00323328114636827,0.015761008686923));
#5010=CARTESIAN_POINT('',(-0.0820611864328384,0.00312786950128974,0.0157990869440769));
#5011=CARTESIAN_POINT('',(-0.0820611864328384,0.00309211323034772,0.0159096065375996));
#5012=CARTESIAN_POINT('',(-0.0820611864328384,0.00305635695940571,0.0160201261311223));
#5013=CARTESIAN_POINT('',(-0.0820611864328384,0.00301967189397895,0.0161320389163721));
#5014=CARTESIAN_POINT('',(-0.0820611864328384,0.00298298682855218,0.0162439517016219));
#5015=CARTESIAN_POINT('',(-0.0820611864328384,0.00264724847280276,0.0163540068979022));
#5016=CARTESIAN_POINT('',(-0.0820611864328384,0.00253533568755296,0.016390691963329));
#5017=CARTESIAN_POINT('',(-0.0820611864328384,0.00242528049127266,0.0167264303190783));
#5018=CARTESIAN_POINT('',(-0.0820611864328384,0.00238859542584589,0.0168383431043282));
#5019=CARTESIAN_POINT('',(-0.0820611864328384,0.00227668264059609,0.0168750281697549));
#5020=CARTESIAN_POINT('',(-0.0820611864328384,0.00216476985534629,0.0169117132351817));
#5021=CARTESIAN_POINT('',(-0.0820611864328384,0.00208356352122877,0.0168956345600458));
#5022=CARTESIAN_POINT('',(-0.0820611864328384,0.00200235718711125,0.0168795558849099));
#5023=CARTESIAN_POINT('',(-0.0820611864328384,0.00195771966115166,0.0168032251953098));
#5024=CARTESIAN_POINT('',(-0.0820611864328384,0.00191308213519207,0.0167268945057097));
#5025=CARTESIAN_POINT('',(-0.0820611864328384,0.0018903281445926,0.0162249124677395));
#5026=CARTESIAN_POINT('',(-0.0820611864328384,0.00186757415399314,0.0157229304297692));
#5027=CARTESIAN_POINT('',(-0.0820611864328384,0.0018903281445926,0.0152209483917989));
#5028=CARTESIAN_POINT('',(-0.0820611864328384,0.00191308213519207,0.0147189663538285));
#5029=CARTESIAN_POINT('',(-0.0820611864328384,0.00195771966115166,0.0146426356642285));
#5030=CARTESIAN_POINT('',(-0.0820611864328384,0.00200235718711125,0.0145663049746284));
#5031=CARTESIAN_POINT('',(-0.0820611864328384,0.00208356352122877,0.0145502262994925));
#5032=CARTESIAN_POINT('',(-0.0820611864328384,0.00216476985534629,0.0145341476243566));
#5033=CARTESIAN_POINT('',(-0.0820611864328384,0.00227668264059609,0.0144974625589298));
#5034=CARTESIAN_POINT('',(-0.0820611864328384,0.00238859542584589,0.014460777493503));
#5035=CARTESIAN_POINT('',(-0.0820611864328384,0.00249865062212619,0.0141250391377536));
#5036=CARTESIAN_POINT('',(-0.0820611864328384,0.00253533568755296,0.0140131263525038));
#5037=CARTESIAN_POINT('',(-0.0820611864328384,0.00287107404330238,0.0139030711562235));
#5038=CARTESIAN_POINT('',(-0.0820611864328384,0.00298298682855218,0.0138663860907967));
#5039=CARTESIAN_POINT('',(-0.0820611864328384,0.00301967189397895,0.0137544733055469));
#5040=CARTESIAN_POINT('',(-0.0820611864328384,0.00305635695940571,0.0136425605202971));
#5041=CARTESIAN_POINT('',(-0.0820611864328384,0.00306721163943964,0.0135691903894436));
#5042=CARTESIAN_POINT('',(-0.0820611864328384,0.00307806631947357,0.0134958202585901));
#5043=CARTESIAN_POINT('',(-0.0820611864328384,0.00311782777969371,0.0134503120667801));
#5044=CARTESIAN_POINT('',(-0.0820611864328384,0.00315758923991385,0.0134048038749702));
#5045=CARTESIAN_POINT('',(-0.0820611864328384,0.00336701933834378,0.0133750843469571));
#5046=CARTESIAN_POINT('',(-0.0820611864328384,0.00357644943677371,0.013345364818944));
#5047=CARTESIAN_POINT('',(-0.0820611864328384,0.00383649567545771,0.013345364818944));
#5048=CARTESIAN_POINT('',(-0.0820611864328384,0.00409654191414171,0.013345364818944));
#5049=CARTESIAN_POINT('',(-0.0820611864328384,0.00409654191414171,0.0120079841628549));
#5050=CARTESIAN_POINT('',(-0.0820611864328384,0.00409654191414171,0.0115621906108251));
#5051=CARTESIAN_POINT('',(-0.0820611864328384,0.00383649567545771,0.0115621906108251));
#5052=CARTESIAN_POINT('',(-0.0820611864328384,0.00357644943677371,0.0115621906108251));
#5053=CARTESIAN_POINT('',(-0.0820611864328384,0.00337816424032782,0.0115357216528977));
#5054=CARTESIAN_POINT('',(-0.0820611864328384,0.00317987904388193,0.0115092526949702));
#5055=CARTESIAN_POINT('',(-0.0820611864328384,0.00313315183563715,0.0114745991831942));
#5056=CARTESIAN_POINT('',(-0.0820611864328384,0.00308642462739236,0.0114399456714182));
#5057=CARTESIAN_POINT('',(-0.0820611864328384,0.00307139079339904,0.0113896197531142));
#5058=CARTESIAN_POINT('',(-0.0820611864328384,0.00305635695940571,0.0113392938348103));
#5059=CARTESIAN_POINT('',(-0.0820611864328384,0.0030127063565653,0.0112598869610279));
#5060=CARTESIAN_POINT('',(-0.0820611864328384,0.00296905575372488,0.0111804800872454));
#5061=CARTESIAN_POINT('',(-0.0820611864328384,0.00286410850588872,0.0111484385730204));
#5062=CARTESIAN_POINT('',(-0.0820611864328384,0.00275916125805257,0.0111163970587954));
#5063=CARTESIAN_POINT('',(-0.0820611864328384,0.00265421401021642,0.0111484385730204));
#5064=CARTESIAN_POINT('',(-0.0820611864328384,0.00254926676238026,0.0111804800872454));
#5065=CARTESIAN_POINT('',(-0.0820611864328384,0.00241831495385901,0.0114187007085927));
#5066=CARTESIAN_POINT('',(-0.0820611864328384,0.00237466435101859,0.0114981075823752));
#5067=CARTESIAN_POINT('',(-0.0820611864328384,0.00226971710318243,0.0115301490966001));
#5068=CARTESIAN_POINT('',(-0.0820611864328384,0.00216476985534629,0.0115621906108251));
#5069=CARTESIAN_POINT('',(-0.0820611864328384,0.00205285707009648,0.0115255055453984));
#5070=CARTESIAN_POINT('',(-0.0820611864328384,0.00194094428484667,0.0114888204799716));
#5071=CARTESIAN_POINT('',(-0.0820611864328384,0.0019042592194199,0.0113769076947218));
#5072=CARTESIAN_POINT('',(-0.0820611864328384,0.00186757415399314,0.011264994909472));
#5073=CARTESIAN_POINT('',(-0.0820611864328384,0.0018538172544581,0.0111853557317629));
#5074=CARTESIAN_POINT('',(-0.0820611864328384,0.00184006035492307,0.0111057165540538));
#5075=CARTESIAN_POINT('',(-0.0820611864328384,0.0017799827263622,0.0110609050634129));
#5076=CARTESIAN_POINT('',(-0.0820611864328384,0.00171990509780132,0.011016093572772));
#5077=CARTESIAN_POINT('',(-0.0820611864328384,0.000604028025999908,0.0109436520257923));
#5078=CARTESIAN_POINT('',(-0.0820611864328384,0.000232069002066103,0.0109195048434657));
#5079=CARTESIAN_POINT('',(-0.0820611864328384,0.000171991373505231,0.0108746933528248));
#5080=CARTESIAN_POINT('',(-0.0820611864328384,0.00011191374494436,0.0108298818621839));
#5081=CARTESIAN_POINT('',(-0.0820611864328384,9.81568454093229E-5,0.0107502426844748));
#5082=CARTESIAN_POINT('',(-0.0820611864328384,8.43999458742858E-5,0.0106706035067657));
#5083=CARTESIAN_POINT('',(-0.0820611864328384,4.77148804475181E-5,0.0105586907215159));
#5084=CARTESIAN_POINT('',(-0.0820611864328384,1.1029815020751E-5,0.0104467779362661));
#5085=CARTESIAN_POINT('',(-0.0820611864328384,-0.000100882970229053,0.0104100928708393));
#5086=CARTESIAN_POINT('',(-0.0820611864328384,-0.000212795755478858,0.0103734078054126));
#5087=CARTESIAN_POINT('',(-0.0820611864328384,-0.000287733253351785,0.0103619726814784));
#5088=CARTESIAN_POINT('',(-0.0820611864328384,-0.000362670751224712,0.0103505375575443));
#5089=CARTESIAN_POINT('',(-0.0820611864328384,-0.000408004557131375,0.0103067127794116));
#5090=CARTESIAN_POINT('',(-0.0820611864328384,-0.000453338363038039,0.0102628880012789));
#5091=CARTESIAN_POINT('',(-0.0820611864328384,-0.00048166490993502,0.0100209522019926));
#5092=CARTESIAN_POINT('',(-0.0820611864328384,-0.000509991456832002,0.00977901640270629));
#5093=CARTESIAN_POINT('',(-0.0820611864328384,-0.000509991456832002,0.00948182070135315));
#5094=CARTESIAN_POINT('',(-0.0820611864328384,-0.000509991456832002,0.009184625));
#5095=CARTESIAN_POINT('',(-0.0820611864328384,-9.39174328154028E-5,0.009184625));
#5096=CARTESIAN_POINT('',(-0.0820611864328384,0.000322156591201196,0.009184625));
#5097=CARTESIAN_POINT('',(-0.0820611864328384,0.000667182259965147,0.00915815604207253));
#5098=CARTESIAN_POINT('',(-0.0820611864328384,0.0010122079287291,0.00913168708414505));
#5099=CARTESIAN_POINT('',(-0.0820611864328384,0.00108459134707445,0.00908763021269667));
#5100=CARTESIAN_POINT('',(-0.0820611864328384,0.00115697476541981,0.0090435733412483));
#5101=CARTESIAN_POINT('',(-0.0820611864328384,0.00119278916499624,0.00896921628727559));
#5102=CARTESIAN_POINT('',(-0.0820611864328384,0.00122860356457268,0.00889485923330289));
#5103=CARTESIAN_POINT('',(-0.0820611864328384,0.00128831114961661,0.00885437200759648));
#5104=CARTESIAN_POINT('',(-0.0820611864328384,0.00134801873466054,0.00881388478189007));
#5105=CARTESIAN_POINT('',(-0.0820611864328384,0.00149640618495383,0.0087787961477999));
#5106=CARTESIAN_POINT('',(-0.0820611864328384,0.00164479363524712,0.00874370751370974));
#5107=CARTESIAN_POINT('',(-0.0820611864328384,0.0021569336520823,0.00868972454610119));
#5108=CARTESIAN_POINT('',(-0.0820611864328384,0.00266907366891747,0.00863574157849265));
#5109=CARTESIAN_POINT('',(-0.0820611864328384,0.00420009597025073,0.0085925553728946));
#5110=CARTESIAN_POINT('',(-0.0820611864328384,0.005731118271584,0.00854936916729656));
#5111=CARTESIAN_POINT('',(-0.0820611864328384,0.00726214057291725,0.0085925553728946));
#5112=CARTESIAN_POINT('',(-0.0820611864328384,0.00879316287425051,0.00863574157849265));
#5113=CARTESIAN_POINT('',(-0.0820611864328384,0.00930530289108569,0.0086897245461012));
#5114=CARTESIAN_POINT('',(-0.0820611864328384,0.00981744290792087,0.00874370751370974));
#5115=CARTESIAN_POINT('',(-0.0820611864328384,0.00996583035821416,0.0087787961477999));
#5116=CARTESIAN_POINT('',(-0.0820611864328384,0.0101142178085074,0.00881388478189007));
#5117=CARTESIAN_POINT('',(-0.0820611864328384,0.0101739253935514,0.00885437200759648));
#5118=CARTESIAN_POINT('',(-0.0820611864328384,0.0102336329785953,0.00889485923330289));
#5119=CARTESIAN_POINT('',(-0.0820611864328384,0.0102694473781717,0.00896921628727559));
#5120=CARTESIAN_POINT('',(-0.0820611864328384,0.0103052617777482,0.0090435733412483));
#5121=CARTESIAN_POINT('',(-0.0820611864328384,0.0103776451960935,0.00908763021269667));
#5122=CARTESIAN_POINT('',(-0.0820611864328384,0.0104500286144389,0.00913168708414505));
#5123=CARTESIAN_POINT('',(-0.0820611864328384,0.0107950542832028,0.00915815604207253));
#5124=CARTESIAN_POINT('',(-0.0820611864328384,0.0111400799519668,0.009184625));
#5125=CARTESIAN_POINT('',(-0.0820611864328384,0.0115561539759834,0.009184625));
#5126=CARTESIAN_POINT('',(-0.0820611864328384,0.011972228,0.009184625));
#5127=CARTESIAN_POINT('',(-0.0820611864328384,0.011972228,0.00948182070135314));
#5128=CARTESIAN_POINT('',(-0.0820611864328384,0.011972228,0.00977901640270629));
#5129=CARTESIAN_POINT('',(-0.0820611864328384,0.011943901453103,0.0100209522019926));
#5130=CARTESIAN_POINT('',(-0.0820611864328384,0.011915574906206,0.0102628880012789));
#5131=CARTESIAN_POINT('',(-0.0820611864328384,0.0118702411002994,0.0103067127794116));
#5132=CARTESIAN_POINT('',(-0.0820611864328384,0.0118249072943927,0.0103505375575443));
#5133=CARTESIAN_POINT('',(-0.0820611864328384,0.0117499697965198,0.0103619726814784));
#5134=CARTESIAN_POINT('',(-0.0820611864328384,0.0116750322986468,0.0103734078054126));
#5135=CARTESIAN_POINT('',(-0.0820611864328384,0.011563119513397,0.0104100928708393));
#5136=CARTESIAN_POINT('',(-0.0820611864328384,0.0114512067281472,0.0104467779362661));
#5137=CARTESIAN_POINT('',(-0.0820611864328384,0.0114145216627205,0.0105586907215159));
#5138=CARTESIAN_POINT('',(-0.0820611864328384,0.0113778365972937,0.0106706035067657));
#5139=CARTESIAN_POINT('',(-0.0820611864328384,0.0113640796977587,0.0107502426844748));
#5140=CARTESIAN_POINT('',(-0.0820611864328384,0.0113503227982236,0.0108298818621839));
#5141=CARTESIAN_POINT('',(-0.0820611864328384,0.0112902451696628,0.0108746933528248));
#5142=CARTESIAN_POINT('',(-0.0820611864328384,0.0112301675411019,0.0109195048434657));
#5143=CARTESIAN_POINT('',(-0.0820611864328384,0.0108582085171681,0.0109436520257923));
#5144=CARTESIAN_POINT('',(-0.0820611864328384,0.0104862494932343,0.0109677992081189));
#5145=CARTESIAN_POINT('',(-0.0820611864328384,0.0100404559412046,0.0109677992081189));
#5146=CARTESIAN_POINT('',(-0.0820611864328384,0.00959466238917485,0.0109677992081189));
#5147=CARTESIAN_POINT('',(-0.0820611864328384,0.00959466238917485,0.0115547606761691));
#5148=CARTESIAN_POINT('',(-0.0820611864328384,0.00959466238917485,0.0121417221442194));
#5149=CARTESIAN_POINT('',(-0.0820611864328384,0.0095840400130676,0.0125341715117862));
#5150=CARTESIAN_POINT('',(-0.0820611864328384,0.00957341763696036,0.012926620879353));
#5151=CARTESIAN_POINT('',(-0.0820611864328384,0.00954740570489046,0.0130468559580415));
#5152=CARTESIAN_POINT('',(-0.0820611864328384,0.00952139377282056,0.0131670910367301));
#5153=CARTESIAN_POINT('',(-0.0820611864328384,0.00947026247807449,0.0132474050120649));
#5154=CARTESIAN_POINT('',(-0.0820611864328384,0.00941913118332842,0.0133277189873997));
#5155=CARTESIAN_POINT('',(-0.0820611864328384,0.00933439121794896,0.0133761656238017));
#5156=CARTESIAN_POINT('',(-0.0820611864328384,0.0092496512525695,0.0134246122602038));
#5157=CARTESIAN_POINT('',(-0.0820611864328384,0.00912281351921041,0.0134492455327051));
#5158=CARTESIAN_POINT('',(-0.0820611864328384,0.00899597578585132,0.0134738788052065));
#5159=CARTESIAN_POINT('',(-0.0820611864328384,0.00858204936214334,0.0134839207374135));
#5160=CARTESIAN_POINT('',(-0.0820611864328384,0.00816812293843537,0.0134939626696206));
#5161=CARTESIAN_POINT('',(-0.0820611864328384,0.00769260985839254,0.0134939626696206));
#5162=CARTESIAN_POINT('',(-0.0820611864328384,0.00721709677834971,0.0134939626696206));
#5163=CARTESIAN_POINT('',(-0.0820611864328384,0.00721709677834971,0.012045133625524));
#5164=CARTESIAN_POINT('',(-0.0820611864328384,0.00721709677834971,0.0115621906108251));
#5165=CARTESIAN_POINT('',(-0.0820611864328384,0.00643695806229771,0.0115621906108251));
#5166=CARTESIAN_POINT('',(-0.0820611864328384,0.00617691182361371,0.0115621906108251));
#5167=CARTESIAN_POINT('',(-0.0820611864328384,0.00617691182361371,0.0134791030109195));
#5168=CARTESIAN_POINT('',(-0.0820611864328384,0.00617691182361371,0.014118073810951));
#5169=CARTESIAN_POINT('',(-0.0820611864328384,0.00558252042090742,0.0140920690396549));
#5170=CARTESIAN_POINT('',(-0.0820611864328384,0.00498812901820114,0.0140660642683588));
#5171=CARTESIAN_POINT('',(-0.0820611864328384,0.00449311251764448,0.0140665286656011));
#5172=CARTESIAN_POINT('',(-0.0820611864328384,0.00399809601708783,0.0140669930628435));
#5173=CARTESIAN_POINT('',(-0.0820611864328384,0.00391741199823611,0.0141025753691043));
#5174=CARTESIAN_POINT('',(-0.0820611864328384,0.0038367279793844,0.014138157675365));
#5175=CARTESIAN_POINT('',(-0.0820611864328384,0.00381803709608648,0.0142061294252133));
#5176=CARTESIAN_POINT('',(-0.0820611864328384,0.00379934621278857,0.0142741011750616));
#5177=CARTESIAN_POINT('',(-0.0820611864328384,0.00381960425249488,0.0143414347735972));
#5178=CARTESIAN_POINT('',(-0.0820611864328384,0.00383986229220119,0.0144087683721328));
#5179=CARTESIAN_POINT('',(-0.0820611864328384,0.0039231583086039,0.0144482396104029));
#5180=CARTESIAN_POINT('',(-0.0820611864328384,0.00400645432500662,0.0144877108486729));
#5181=CARTESIAN_POINT('',(-0.0820611864328384,0.00449729167160388,0.0145109292365147));
#5182=CARTESIAN_POINT('',(-0.0820611864328384,-0.0305809216433615,0.0103343801349401));
#5183=CARTESIAN_POINT('',(-0.0820611864328384,0.0149386677290022,0.0103343801349401));
#5184=CARTESIAN_POINT('',(-0.0820611864328384,0.02862302570045,0.0103343801349401));
#5185=CARTESIAN_POINT('',(-0.0820611864328384,0.02862302570045,0.005));
#5186=CARTESIAN_POINT('',(-0.0820611864328384,0.02862302570045,0.0184316484481096));
#5187=CARTESIAN_POINT('',(-0.0820611864328384,0.0159386677290023,0.0184316484481096));
#5188=CARTESIAN_POINT('',(-0.0820611864328384,0.0149386677290022,0.0184316484481096));
#5189=CARTESIAN_POINT('',(-0.0820611864328384,0.0149386677290022,0.0113343801349401));
#5190=CARTESIAN_POINT('',(-0.0820611864328384,0.0292675695556313,0.005));
#5191=CARTESIAN_POINT('',(-0.0820611864328384,0.0292675695556313,0.02));
#5192=CARTESIAN_POINT('',(-0.0820611864328384,0.0292675695556313,0.002));
#5193=CARTESIAN_POINT('',(-0.0820611864328384,-0.0305809216433615,0.002));
#5194=CARTESIAN_POINT('',(-0.0820611864328384,-0.0904294128423543,0.002));
#5195=CARTESIAN_POINT('',(-0.0820611864328384,-0.0904294128423543,0.005));
#5196=CARTESIAN_POINT('',(-0.0820611864328384,-0.0904294128423543,0.02));
#5197=CARTESIAN_POINT('',(-0.0820611864328384,-0.0305809216433615,0.02));
#5198=CARTESIAN_POINT('',(0.116376187171311,-0.0305809216433615,0.02));
#5199=CARTESIAN_POINT('',(0.314813560775461,-0.0981180753278435,0.02));
#5200=CARTESIAN_POINT('',(0.316565354476183,-0.0981180753278435,0.02));
#5201=CARTESIAN_POINT('',(-0.0820611864328384,-0.0981180753278435,0.02));
#5202=CARTESIAN_POINT('',(-0.0803093927321167,-0.0981180753278435,0.02));
#5203=CARTESIAN_POINT('',(-0.0820611864328384,0.0369562320411205,0.02));
#5204=CARTESIAN_POINT('',(-0.0803093927321167,0.0369562320411205,0.02));
#5205=CARTESIAN_POINT('',(0.314813560775461,0.0369562320411205,0.02));
#5206=CARTESIAN_POINT('',(0.316565354476183,0.0369562320411205,0.02));
#5207=CARTESIAN_POINT('',(0.116376187171311,0.0369562320411205,0.02));
#5208=CARTESIAN_POINT('',(-0.0743725239473492,0.0369562320411205,0.02));
#5209=CARTESIAN_POINT('',(0.307124898289972,0.0369562320411205,0.02));
#5210=CARTESIAN_POINT('',(-0.0743725239473492,0.0419562320411206,0.02));
#5211=CARTESIAN_POINT('',(-0.0785641516906645,0.0392303822907731,0.02));
#5212=CARTESIAN_POINT('',(-0.0820611864328384,0.0369562320411205,0.02));
#5213=CARTESIAN_POINT('',(-0.084335336682491,0.0334591972989466,0.02));
#5214=CARTESIAN_POINT('',(-0.0870611864328384,0.0292675695556313,0.02));
#5215=CARTESIAN_POINT('',(-0.0870611864328384,-0.0904294128423543,0.02));
#5216=CARTESIAN_POINT('',(-0.084335336682491,-0.0946210405856696,0.02));
#5217=CARTESIAN_POINT('',(-0.0820611864328384,-0.0981180753278435,0.02));
#5218=CARTESIAN_POINT('',(-0.0785641516906645,-0.100392225577496,0.02));
#5219=CARTESIAN_POINT('',(-0.0743725239473492,-0.103118075327843,0.02));
#5220=CARTESIAN_POINT('',(-0.0743725239473492,-0.0981180753278435,0.02));
#5221=CARTESIAN_POINT('',(0.116376187171311,-0.0981180753278435,0.02));
#5222=CARTESIAN_POINT('',(0.307124898289972,-0.0981180753278435,0.02));
#5223=CARTESIAN_POINT('',(0.307124898289972,-0.103118075327843,0.02));
#5224=CARTESIAN_POINT('',(0.311316526033287,-0.100392225577496,0.02));
#5225=CARTESIAN_POINT('',(0.314813560775461,-0.0981180753278435,0.02));
#5226=CARTESIAN_POINT('',(0.317087711025114,-0.0946210405856696,0.02));
#5227=CARTESIAN_POINT('',(0.319813560775461,-0.0904294128423543,0.02));
#5228=CARTESIAN_POINT('',(0.314813560775461,-0.0904294128423543,0.02));
#5229=CARTESIAN_POINT('',(0.314813560775461,-0.0305809216433615,0.02));
#5230=CARTESIAN_POINT('',(0.314813560775461,0.0292675695556314,0.02));
#5231=CARTESIAN_POINT('',(0.319813560775461,0.0292675695556313,0.02));
#5232=CARTESIAN_POINT('',(0.317087711025114,0.0334591972989466,0.02));
#5233=CARTESIAN_POINT('',(0.314813560775461,0.0369562320411205,0.02));
#5234=CARTESIAN_POINT('',(0.311316526033287,0.039230382290773,0.02));
#5235=CARTESIAN_POINT('',(0.307124898289972,0.0419562320411206,0.02));
#5236=CARTESIAN_POINT('',(-0.079560972750187,-0.0305811688303947,0.02));
#5237=CARTESIAN_POINT('',(-0.079560972750187,0.0294557538628578,0.02));
#5238=CARTESIAN_POINT('',(-0.079560972750187,-0.0906180915236473,0.02));
#5239=CARTESIAN_POINT('',(-0.074560972750187,0.0294557538628578,0.02));
#5240=CARTESIAN_POINT('',(-0.074560972750187,0.0344557538628578,0.02));
#5241=CARTESIAN_POINT('',(0.116376280784607,0.0344557538628578,0.02));
#5242=CARTESIAN_POINT('',(0.307313534319401,0.0344557538628578,0.02));
#5243=CARTESIAN_POINT('',(0.307313534319401,0.0294557538628578,0.02));
#5244=CARTESIAN_POINT('',(0.312313534319401,0.0294557538628578,0.02));
#5245=CARTESIAN_POINT('',(0.312313534319401,-0.0305811688303947,0.02));
#5246=CARTESIAN_POINT('',(0.312313534319401,-0.0906180915236473,0.02));
#5247=CARTESIAN_POINT('',(0.307313534319401,-0.0906180915236473,0.02));
#5248=CARTESIAN_POINT('',(0.307313534319401,-0.0956180915236473,0.02));
#5249=CARTESIAN_POINT('',(0.116376280784607,-0.0956180915236473,0.02));
#5250=CARTESIAN_POINT('',(-0.074560972750187,-0.0956180915236473,0.02));
#5251=CARTESIAN_POINT('',(-0.074560972750187,-0.0906180915236473,0.02));
#5252=CARTESIAN_POINT('',(0.116376187171311,0.0369562320411205,0.005));
#5253=CARTESIAN_POINT('',(0.307124898289972,0.0369562320411205,0.));
#5254=CARTESIAN_POINT('',(0.307124898289972,0.0369562320411205,0.002));
#5255=CARTESIAN_POINT('',(-0.0743725239473492,0.0369562320411205,0.002));
#5256=CARTESIAN_POINT('',(-0.0743725239473492,0.0369562320411205,0.002));
#5257=CARTESIAN_POINT('',(-0.0743725239473492,0.0369562320411205,0.02));
#5258=CARTESIAN_POINT('',(0.116376187171311,-0.0981180753278435,0.005));
#5259=CARTESIAN_POINT('',(-0.0743725239473492,-0.0981180753278435,0.005));
#5260=CARTESIAN_POINT('',(-0.0743725239473492,-0.0981180753278435,0.002));
#5261=CARTESIAN_POINT('',(0.116376187171311,-0.0981180753278435,0.002));
#5262=CARTESIAN_POINT('',(0.307124898289972,-0.0981180753278435,0.002));
#5263=CARTESIAN_POINT('',(0.307124898289972,-0.0981180753278435,0.005));
#5264=CARTESIAN_POINT('',(0.314813560775461,-0.0305809216433615,0.005));
#5265=CARTESIAN_POINT('',(0.314813560775461,-0.0904294128423543,0.));
#5266=CARTESIAN_POINT('',(0.314813560775461,-0.0904294128423543,0.002));
#5267=CARTESIAN_POINT('',(0.314813560775461,0.0292675695556314,0.002));
#5268=CARTESIAN_POINT('',(0.314813560775461,0.0292675695556313,0.002));
#5269=CARTESIAN_POINT('',(0.314813560775461,0.0292675695556313,0.02));
#5270=CARTESIAN_POINT('',(0.116376187171311,-0.0305809216433615,0.));
#5271=CARTESIAN_POINT('',(-0.0820611864328384,-0.0981180753278435,0.));
#5272=CARTESIAN_POINT('',(-0.0835639069242959,-0.0981180753278435,0.));
#5273=CARTESIAN_POINT('',(-0.0820611864328384,0.0369562320411205,0.));
#5274=CARTESIAN_POINT('',(-0.0835639069242959,0.0369562320411205,0.));
#5275=CARTESIAN_POINT('',(0.314813560775461,0.0369562320411205,0.));
#5276=CARTESIAN_POINT('',(0.313310840284003,0.0369562320411205,0.));
#5277=CARTESIAN_POINT('',(0.314813560775461,-0.0981180753278435,0.));
#5278=CARTESIAN_POINT('',(0.313310840284003,-0.0981180753278435,0.));
#5279=CARTESIAN_POINT('',(0.116376187171311,-0.0961180753278435,0.));
#5280=CARTESIAN_POINT('',(0.307124898289972,-0.0961180753278435,0.));
#5281=CARTESIAN_POINT('',(-0.0743725239473492,-0.0961180753278435,0.));
#5282=CARTESIAN_POINT('',(-0.0743725239473492,-0.103118075327843,0.));
#5283=CARTESIAN_POINT('',(-0.0802408027879906,-0.0993018856773571,0.));
#5284=CARTESIAN_POINT('',(-0.0820611864328384,-0.0981180753278435,0.));
#5285=CARTESIAN_POINT('',(-0.083244996782352,-0.0962976916829957,0.));
#5286=CARTESIAN_POINT('',(-0.0870611864328384,-0.0904294128423543,0.));
#5287=CARTESIAN_POINT('',(-0.0800611864328384,-0.0904294128423543,0.));
#5288=CARTESIAN_POINT('',(-0.0800611864328384,-0.0305809216433615,0.));
#5289=CARTESIAN_POINT('',(-0.0800611864328384,0.0292675695556313,0.));
#5290=CARTESIAN_POINT('',(-0.0870611864328384,0.0292675695556313,0.));
#5291=CARTESIAN_POINT('',(-0.083244996782352,0.0351358483962727,0.));
#5292=CARTESIAN_POINT('',(-0.0820611864328384,0.0369562320411205,0.));
#5293=CARTESIAN_POINT('',(-0.0802408027879907,0.0381400423906341,0.));
#5294=CARTESIAN_POINT('',(-0.0743725239473492,0.0419562320411206,0.));
#5295=CARTESIAN_POINT('',(-0.0743725239473492,0.0349562320411205,0.));
#5296=CARTESIAN_POINT('',(0.307124898289972,0.0349562320411205,0.));
#5297=CARTESIAN_POINT('',(0.307124898289972,0.0349562320411205,0.));
#5298=CARTESIAN_POINT('',(0.307124898289972,0.0419562320411206,0.));
#5299=CARTESIAN_POINT('',(0.312993177130613,0.0381400423906341,0.));
#5300=CARTESIAN_POINT('',(0.314813560775461,0.0369562320411205,0.));
#5301=CARTESIAN_POINT('',(0.315997371124975,0.0351358483962728,0.));
#5302=CARTESIAN_POINT('',(0.319813560775461,0.0292675695556313,0.));
#5303=CARTESIAN_POINT('',(0.312813560775461,0.0292675695556313,0.));
#5304=CARTESIAN_POINT('',(0.312813560775461,-0.0904294128423543,0.));
#5305=CARTESIAN_POINT('',(0.312813560775461,-0.0904294128423543,0.));
#5306=CARTESIAN_POINT('',(0.319813560775461,-0.0904294128423543,0.));
#5307=CARTESIAN_POINT('',(0.315997371124975,-0.0962976916829958,0.));
#5308=CARTESIAN_POINT('',(0.314813560775461,-0.0981180753278435,0.));
#5309=CARTESIAN_POINT('',(0.312993177130613,-0.0993018856773571,0.));
#5310=CARTESIAN_POINT('',(0.307124898289972,-0.103118075327843,0.));
#5311=CARTESIAN_POINT('',(0.116376280784607,0.0344557538628578,0.012));
#5312=CARTESIAN_POINT('',(-0.074560972750187,0.0344557538628578,0.012));
#5313=CARTESIAN_POINT('',(-0.074560972750187,0.0344557538628578,0.012));
#5314=CARTESIAN_POINT('',(0.116376280784607,0.0344557538628578,0.012));
#5315=CARTESIAN_POINT('',(0.307313534319401,0.0344557538628578,0.012));
#5316=CARTESIAN_POINT('',(0.307313534319401,0.0344557538628578,0.02));
#5317=CARTESIAN_POINT('',(-0.079560972750187,-0.0305811688303947,0.012));
#5318=CARTESIAN_POINT('',(-0.079560972750187,-0.0305811688303947,0.012));
#5319=CARTESIAN_POINT('',(-0.079560972750187,0.0138895495645065,0.012));
#5320=CARTESIAN_POINT('',(-0.079560972750187,-0.0906180915236473,0.012));
#5321=CARTESIAN_POINT('',(-0.079560972750187,0.0138895495645065,0.012));
#5322=CARTESIAN_POINT('',(-0.079560972750187,0.0140506165422421,0.0122272765838902));
#5323=CARTESIAN_POINT('',(-0.079560972750187,0.0144381849600733,0.0126267736547177));
#5324=CARTESIAN_POINT('',(-0.079560972750187,0.0147783059007813,0.013065838427634));
#5325=CARTESIAN_POINT('',(-0.079560972750187,0.0149386677290022,0.0132924133263261));
#5326=CARTESIAN_POINT('',(-0.079560972750187,0.0149386677290022,0.013292413326326));
#5327=CARTESIAN_POINT('',(-0.079560972750187,0.0149386677290022,0.0174316484481096));
#5328=CARTESIAN_POINT('',(-0.079560972750187,0.0149386677290022,0.0184316484481096));
#5329=CARTESIAN_POINT('',(-0.079560972750187,0.02762302570045,0.0184316484481096));
#5330=CARTESIAN_POINT('',(-0.079560972750187,0.02862302570045,0.0184316484481096));
#5331=CARTESIAN_POINT('',(-0.079560972750187,0.02862302570045,0.012));
#5332=CARTESIAN_POINT('',(-0.079560972750187,0.02862302570045,0.013292413326326));
#5333=CARTESIAN_POINT('',(-0.079560972750187,0.0294557538628578,0.0122688855018443));
#5334=CARTESIAN_POINT('',(-0.079560972750187,0.0291680073823334,0.0126017908689784));
#5335=CARTESIAN_POINT('',(-0.079560972750187,0.028877228498422,0.0129332507174607));
#5336=CARTESIAN_POINT('',(-0.079560972750187,0.0286230257004501,0.0132924133263261));
#5337=CARTESIAN_POINT('',(-0.079560972750187,0.0294557538628578,0.0122688855018443));
#5338=CARTESIAN_POINT('',(-0.079560972750187,0.0294557538628578,0.012));
#5339=CARTESIAN_POINT('',(-0.079560972750187,-0.0906180915236473,0.012));
#5340=CARTESIAN_POINT('',(0.116376280784607,-0.0956180915236473,0.012));
#5341=CARTESIAN_POINT('',(0.307313534319401,-0.0956180915236473,0.012));
#5342=CARTESIAN_POINT('',(0.307313534319401,-0.0956180915236473,0.012));
#5343=CARTESIAN_POINT('',(0.116376280784607,-0.0956180915236473,0.012));
#5344=CARTESIAN_POINT('',(-0.074560972750187,-0.0956180915236473,0.012));
#5345=CARTESIAN_POINT('',(-0.074560972750187,-0.0956180915236473,0.02));
#5346=CARTESIAN_POINT('',(0.312313534319401,-0.0305811688303947,0.012));
#5347=CARTESIAN_POINT('',(0.312313534319401,-0.0305811688303947,0.012));
#5348=CARTESIAN_POINT('',(0.312313534319401,0.0294557538628578,0.012));
#5349=CARTESIAN_POINT('',(0.312313534319401,-0.0906180915236473,0.012));
#5350=CARTESIAN_POINT('',(0.312313534319401,-0.0906180915236473,0.012));
#5351=CARTESIAN_POINT('',(0.312313534319401,0.0294557538628578,0.012));
#5352=CARTESIAN_POINT('',(0.116376280784607,-0.0318311607324928,0.012));
#5353=CARTESIAN_POINT('',(0.116376280784607,0.0149386677290022,0.012));
#5354=CARTESIAN_POINT('',(-0.0770610123872755,0.0149386677290022,0.012));
#5355=CARTESIAN_POINT('',(-0.0790872976808407,0.0149386677290022,0.012));
#5356=CARTESIAN_POINT('',(-0.0790872976808407,0.0149386677290022,0.012));
#5357=CARTESIAN_POINT('',(-0.0790872976808407,0.0147353776286553,0.012));
#5358=CARTESIAN_POINT('',(-0.0791319256901468,0.014430455378246,0.012));
#5359=CARTESIAN_POINT('',(-0.0793064322406858,0.0140659262552989,0.012));
#5360=CARTESIAN_POINT('',(-0.0794610920958261,0.01391550738556,0.012));
#5361=CARTESIAN_POINT('',(-0.079560972750187,0.0138895495645065,0.012));
#5362=CARTESIAN_POINT('',(-0.074560972750187,-0.0906180915236473,0.012));
#5363=CARTESIAN_POINT('',(0.307313534319401,-0.0906180915236473,0.012));
#5364=CARTESIAN_POINT('',(0.307313534319401,0.0294557538628578,0.012));
#5365=CARTESIAN_POINT('',(-0.074560972750187,0.0294557538628578,0.012));
#5366=CARTESIAN_POINT('',(-0.0795563417142746,0.0296709024455412,0.012));
#5367=CARTESIAN_POINT('',(-0.0795563417142746,0.0296709024455412,0.012));
#5368=CARTESIAN_POINT('',(-0.0794569673942441,0.0296434428363872,0.012));
#5369=CARTESIAN_POINT('',(-0.0793059241140937,0.0294941426279719,0.012));
#5370=CARTESIAN_POINT('',(-0.0791308722998908,0.0291285424193559,0.012));
#5371=CARTESIAN_POINT('',(-0.0790872976808407,0.0288257773550682,0.012));
#5372=CARTESIAN_POINT('',(-0.0790872976808407,0.02862302570045,0.012));
#5373=CARTESIAN_POINT('',(-0.0790872976808407,0.02862302570045,0.012));
#5374=CARTESIAN_POINT('',(-0.0770610123872755,0.02862302570045,0.012));
#5375=CARTESIAN_POINT('',(-0.0770610123872755,0.02862302570045,0.012));
#5376=CARTESIAN_POINT('',(-0.0770610123872755,-0.0305809195851907,0.012));
#5377=CARTESIAN_POINT('',(-0.0770610123872755,0.0319560635834932,0.012));
#5378=CARTESIAN_POINT('',(0.11637618765235,0.0319560635834932,0.012));
#5379=CARTESIAN_POINT('',(0.309813387691975,0.0319560635834932,0.012));
#5380=CARTESIAN_POINT('',(0.309813387691975,-0.0305809195851907,0.012));
#5381=CARTESIAN_POINT('',(0.309813387691975,-0.0931179027538747,0.012));
#5382=CARTESIAN_POINT('',(0.11637618765235,-0.0931179027538747,0.012));
#5383=CARTESIAN_POINT('',(-0.0770610123872755,-0.0931179027538747,0.012));
#5384=CARTESIAN_POINT('',(-0.0770610123872755,-0.0305809195851907,0.012));
#5385=CARTESIAN_POINT('',(0.116376187171311,-0.0305809216433615,0.005));
#5386=CARTESIAN_POINT('',(-0.0770610123872755,-0.0305809195851907,0.005));
#5387=CARTESIAN_POINT('',(-0.0770610123872755,-0.0931179027538747,0.005));
#5388=CARTESIAN_POINT('',(-0.0770610123872755,0.0319560635834932,0.005));
#5389=CARTESIAN_POINT('',(0.11637618765235,-0.0931179027538747,0.005));
#5390=CARTESIAN_POINT('',(0.309813387691975,-0.0931179027538747,0.005));
#5391=CARTESIAN_POINT('',(0.309813387691975,-0.0305809195851907,0.005));
#5392=CARTESIAN_POINT('',(0.309813387691975,0.0319560635834932,0.005));
#5393=CARTESIAN_POINT('',(0.11637618765235,0.0319560635834932,0.005));
#5394=CARTESIAN_POINT('',(0.309813387691975,-0.0305809195851907,0.02));
#5395=CARTESIAN_POINT('',(0.309813387691975,-0.0931179027538747,0.02));
#5396=CARTESIAN_POINT('',(0.309813387691975,0.0319560635834932,0.02));
#5397=CARTESIAN_POINT('',(0.11637618765235,0.0319560635834932,0.02));
#5398=CARTESIAN_POINT('',(-0.0770610123872755,0.0319560635834932,0.02));
#5399=CARTESIAN_POINT('',(-0.0770610123872755,-0.0305809195851907,0.02));
#5400=CARTESIAN_POINT('',(-0.0770610123872755,-0.0305809195851907,0.0103343801349401));
#5401=CARTESIAN_POINT('',(-0.0770610123872755,0.0278767347416158,0.0103343801349401));
#5402=CARTESIAN_POINT('',(-0.0770610123872755,0.0156849586878365,0.0103343801349401));
#5403=CARTESIAN_POINT('',(-0.0770610123872755,0.0149386677290022,0.011));
#5404=CARTESIAN_POINT('',(-0.0770610123872755,-0.0931179027538747,0.02));
#5405=CARTESIAN_POINT('',(-0.0770610123872755,0.02862302570045,0.011));
#5406=CARTESIAN_POINT('',(0.11637618765235,-0.0931179027538747,0.02));
#5407=CARTESIAN_POINT('',(0.307313534319401,-0.0906180915236473,0.012));
#5408=CARTESIAN_POINT('',(-0.074560972750187,-0.0906180915236473,0.012));
#5409=CARTESIAN_POINT('',(-0.074560972750187,0.0294557538628578,0.012));
#5410=CARTESIAN_POINT('',(-0.079560972750187,0.0294557538628578,0.0122688855018443));
#5411=CARTESIAN_POINT('',(-0.079560972750187,0.0295308852131132,0.012181963049502));
#5412=CARTESIAN_POINT('',(-0.0795592152918764,0.0296041830640384,0.0120936037925458));
#5413=CARTESIAN_POINT('',(-0.0795563417142746,0.0296709024455412,0.012));
#5414=CARTESIAN_POINT('',(0.307313534319401,0.0294557538628578,0.012));
#5415=CARTESIAN_POINT('',(0.314813560775461,-0.0981180753278435,0.));
#5416=CARTESIAN_POINT('',(0.311316526033287,-0.100392225577496,0.));
#5417=CARTESIAN_POINT('',(0.311316526033287,-0.100392225577496,0.002));
#5418=CARTESIAN_POINT('',(0.314813560775461,-0.0981180753278435,0.002));
#5419=CARTESIAN_POINT('',(0.317087711025114,-0.0946210405856696,0.002));
#5420=CARTESIAN_POINT('',(0.317087711025114,-0.0946210405856696,0.));
#5421=CARTESIAN_POINT('',(0.314813560775461,0.0369562320411205,0.));
#5422=CARTESIAN_POINT('',(0.317087711025114,0.0334591972989466,0.));
#5423=CARTESIAN_POINT('',(0.317087711025114,0.0334591972989466,0.002));
#5424=CARTESIAN_POINT('',(0.314813560775461,0.0369562320411205,0.002));
#5425=CARTESIAN_POINT('',(0.311316526033287,0.039230382290773,0.002));
#5426=CARTESIAN_POINT('',(0.311316526033287,0.039230382290773,0.));
#5427=CARTESIAN_POINT('',(-0.0820611864328384,-0.0981180753278435,0.));
#5428=CARTESIAN_POINT('',(-0.084335336682491,-0.0946210405856696,0.));
#5429=CARTESIAN_POINT('',(-0.084335336682491,-0.0946210405856696,0.002));
#5430=CARTESIAN_POINT('',(-0.0820611864328384,-0.0981180753278435,0.002));
#5431=CARTESIAN_POINT('',(-0.0785641516906645,-0.100392225577496,0.002));
#5432=CARTESIAN_POINT('',(-0.0785641516906645,-0.100392225577496,0.));
#5433=CARTESIAN_POINT('',(-0.0820611864328384,0.0369562320411205,0.));
#5434=CARTESIAN_POINT('',(-0.0785641516906645,0.0392303822907731,0.));
#5435=CARTESIAN_POINT('',(-0.0785641516906645,0.0392303822907731,0.002));
#5436=CARTESIAN_POINT('',(-0.0820611864328384,0.0369562320411205,0.002));
#5437=CARTESIAN_POINT('',(-0.084335336682491,0.0334591972989466,0.002));
#5438=CARTESIAN_POINT('',(-0.084335336682491,0.0334591972989466,0.));
#5439=CARTESIAN_POINT('',(0.307124898289972,-0.103118075327843,0.));
#5440=CARTESIAN_POINT('',(0.307124898289972,-0.103118075327843,0.002));
#5441=CARTESIAN_POINT('',(0.319813560775461,-0.0904294128423543,0.));
#5442=CARTESIAN_POINT('',(0.319813560775461,-0.0904294128423543,0.002));
#5443=CARTESIAN_POINT('',(0.319813560775461,0.0292675695556313,0.));
#5444=CARTESIAN_POINT('',(0.319813560775461,0.0292675695556313,0.002));
#5445=CARTESIAN_POINT('',(0.307124898289972,0.0419562320411206,0.));
#5446=CARTESIAN_POINT('',(0.307124898289972,0.0419562320411206,0.002));
#5447=CARTESIAN_POINT('',(-0.0743725239473492,0.0419562320411206,0.));
#5448=CARTESIAN_POINT('',(-0.0743725239473492,0.0419562320411206,0.002));
#5449=CARTESIAN_POINT('',(-0.0870611864328384,0.0292675695556313,0.));
#5450=CARTESIAN_POINT('',(-0.0870611864328384,0.0292675695556313,0.002));
#5451=CARTESIAN_POINT('',(-0.0743725239473492,-0.103118075327843,0.));
#5452=CARTESIAN_POINT('',(-0.0743725239473492,-0.103118075327843,0.002));
#5453=CARTESIAN_POINT('',(-0.0870611864328384,-0.0904294128423543,0.));
#5454=CARTESIAN_POINT('',(-0.0870611864328384,-0.0904294128423543,0.002));
#5455=CARTESIAN_POINT('',(0.307124898289972,0.0419562320411206,0.002));
#5456=CARTESIAN_POINT('',(0.307124898289972,0.0349562320411205,0.002));
#5457=CARTESIAN_POINT('',(0.312993177130613,0.0381400423906341,0.002));
#5458=CARTESIAN_POINT('',(0.314813560775461,0.0369562320411205,0.002));
#5459=CARTESIAN_POINT('',(0.315997371124975,0.0351358483962728,0.002));
#5460=CARTESIAN_POINT('',(0.116376187171311,0.0349562320411205,0.002));
#5461=CARTESIAN_POINT('',(-0.0743725239473492,0.0349562320411205,0.002));
#5462=CARTESIAN_POINT('',(0.319813560775461,0.0292675695556313,0.002));
#5463=CARTESIAN_POINT('',(0.312813560775461,0.0292675695556313,0.002));
#5464=CARTESIAN_POINT('',(-0.0743725239473492,0.0419562320411206,0.002));
#5465=CARTESIAN_POINT('',(-0.0802408027879907,0.0381400423906341,0.002));
#5466=CARTESIAN_POINT('',(0.312813560775461,-0.0305809216433615,0.002));
#5467=CARTESIAN_POINT('',(0.312813560775461,-0.0904294128423543,0.002));
#5468=CARTESIAN_POINT('',(-0.0820611864328384,0.0369562320411205,0.002));
#5469=CARTESIAN_POINT('',(-0.083244996782352,0.0351358483962727,0.002));
#5470=CARTESIAN_POINT('',(0.319813560775461,-0.0904294128423543,0.002));
#5471=CARTESIAN_POINT('',(0.315997371124975,-0.0962976916829958,0.002));
#5472=CARTESIAN_POINT('',(-0.0870611864328384,0.0292675695556313,0.002));
#5473=CARTESIAN_POINT('',(-0.0800611864328384,0.0292675695556313,0.002));
#5474=CARTESIAN_POINT('',(0.314813560775461,-0.0981180753278435,0.002));
#5475=CARTESIAN_POINT('',(0.312993177130613,-0.0993018856773571,0.002));
#5476=CARTESIAN_POINT('',(-0.0800611864328384,-0.0305809216433615,0.002));
#5477=CARTESIAN_POINT('',(-0.0800611864328384,-0.0904294128423543,0.002));
#5478=CARTESIAN_POINT('',(0.307124898289972,-0.103118075327843,0.002));
#5479=CARTESIAN_POINT('',(0.307124898289972,-0.0961180753278435,0.002));
#5480=CARTESIAN_POINT('',(-0.0870611864328384,-0.0904294128423543,0.002));
#5481=CARTESIAN_POINT('',(-0.083244996782352,-0.0962976916829957,0.002));
#5482=CARTESIAN_POINT('',(0.116376187171311,-0.0961180753278435,0.002));
#5483=CARTESIAN_POINT('',(-0.0743725239473492,-0.0961180753278435,0.002));
#5484=CARTESIAN_POINT('',(-0.0820611864328384,-0.0981180753278435,0.002));
#5485=CARTESIAN_POINT('',(-0.0802408027879907,-0.0993018856773571,0.002));
#5486=CARTESIAN_POINT('',(-0.0743725239473492,-0.103118075327843,0.002));
#5487=CARTESIAN_POINT('',(0.314813560775461,0.0369562320411205,0.008));
#5488=CARTESIAN_POINT('',(0.314813560775461,0.0369562320411205,0.008));
#5489=CARTESIAN_POINT('',(0.316565354476183,0.0369562320411205,0.008));
#5490=CARTESIAN_POINT('',(0.116376187171311,-0.0305809216433615,0.008));
#5491=CARTESIAN_POINT('',(-0.0820611864328384,0.0369562320411205,0.008));
#5492=CARTESIAN_POINT('',(-0.0820611864328384,0.0369562320411205,0.008));
#5493=CARTESIAN_POINT('',(-0.0803093927321167,0.0369562320411205,0.008));
#5494=CARTESIAN_POINT('',(0.116376187171311,-0.0305809216433615,0.008));
#5495=CARTESIAN_POINT('',(-0.0820611864328384,-0.0981180753278435,0.008));
#5496=CARTESIAN_POINT('',(-0.0820611864328384,-0.0981180753278435,0.008));
#5497=CARTESIAN_POINT('',(-0.0803093927321167,-0.0981180753278435,0.008));
#5498=CARTESIAN_POINT('',(0.116376187171311,-0.0305809216433615,0.008));
#5499=CARTESIAN_POINT('',(0.314813560775461,-0.0981180753278435,0.008));
#5500=CARTESIAN_POINT('',(0.314813560775461,-0.0981180753278435,0.008));
#5501=CARTESIAN_POINT('',(0.316565354476183,-0.0981180753278435,0.008));
#5502=CARTESIAN_POINT('',(0.116376187171311,-0.0305809216433615,0.008));
#5503=CARTESIAN_POINT('',(-0.0570611864328384,0.0217808467147261,0.0174316484481096));
#5504=CARTESIAN_POINT('',(-0.080560972750187,0.0159386677290023,0.0174316484481096));
#5505=CARTESIAN_POINT('',(-0.080560972750187,0.02562302570045,0.0174316484481096));
#5506=CARTESIAN_POINT('',(-0.080560972750187,0.0179386677290022,0.0174316484481096));
#5507=CARTESIAN_POINT('',(-0.0810611864328384,0.0179386677290022,0.0174316484481096));
#5508=CARTESIAN_POINT('',(-0.0810611864328384,0.0179386677290022,0.0174316484481096));
#5509=CARTESIAN_POINT('',(-0.0810611864328384,0.02762302570045,0.0174316484481096));
#5510=CARTESIAN_POINT('',(-0.0810611864328384,0.02562302570045,0.0174316484481096));
#5511=CARTESIAN_POINT('',(-0.0570611864328384,0.02562302570045,0.0174316484481096));
#5512=CARTESIAN_POINT('',(-0.0570611864328384,0.02762302570045,0.0143830142915249));
#5513=CARTESIAN_POINT('',(-0.0810611864328384,0.02762302570045,0.0143830142915249));
#5514=CARTESIAN_POINT('',(-0.0810611864328384,0.02762302570045,0.0154316484481096));
#5515=CARTESIAN_POINT('',(-0.0810611864328384,0.02762302570045,0.0133343801349401));
#5516=CARTESIAN_POINT('',(-0.080560972750187,0.02762302570045,0.0133343801349401));
#5517=CARTESIAN_POINT('',(-0.080560972750187,0.02762302570045,0.0133343801349401));
#5518=CARTESIAN_POINT('',(-0.080560972750187,0.02762302570045,0.0143830142915249));
#5519=CARTESIAN_POINT('',(-0.080560972750187,0.02762302570045,0.0154316484481096));
#5520=CARTESIAN_POINT('',(-0.0570611864328384,0.02762302570045,0.0154316484481096));
#5521=CARTESIAN_POINT('',(-0.0570611864328384,0.0217808467147261,0.0113343801349401));
#5522=CARTESIAN_POINT('',(-0.0570611864328384,0.0179386677290022,0.0113343801349401));
#5523=CARTESIAN_POINT('',(-0.0810611864328384,0.0179386677290022,0.0113343801349401));
#5524=CARTESIAN_POINT('',(-0.080560972750187,0.0179386677290022,0.0113343801349401));
#5525=CARTESIAN_POINT('',(-0.080560972750187,0.0149386677290022,0.0113343801349401));
#5526=CARTESIAN_POINT('',(-0.0780610123872755,0.016597039877789,0.0113343801349401));
#5527=CARTESIAN_POINT('',(-0.0780610123872755,0.0217808467147261,0.0113343801349401));
#5528=CARTESIAN_POINT('',(-0.0780610123872755,0.0269646535516633,0.0113343801349401));
#5529=CARTESIAN_POINT('',(-0.080560972750187,0.02862302570045,0.0113343801349401));
#5530=CARTESIAN_POINT('',(-0.080560972750187,0.02562302570045,0.0113343801349401));
#5531=CARTESIAN_POINT('',(-0.0810611864328384,0.02562302570045,0.0113343801349401));
#5532=CARTESIAN_POINT('',(-0.0810611864328384,0.02562302570045,0.0113343801349401));
#5533=CARTESIAN_POINT('',(-0.0810611864328384,0.0217808467147261,0.0113343801349401));
#5534=CARTESIAN_POINT('',(-0.0570611864328384,0.0159386677290023,0.0143830142915249));
#5535=CARTESIAN_POINT('',(-0.0810611864328384,0.0159386677290023,0.0174316484481096));
#5536=CARTESIAN_POINT('',(-0.0810611864328384,0.0159386677290023,0.0133343801349401));
#5537=CARTESIAN_POINT('',(-0.0810611864328384,0.0159386677290023,0.0154316484481096));
#5538=CARTESIAN_POINT('',(-0.080560972750187,0.0159386677290023,0.0154316484481096));
#5539=CARTESIAN_POINT('',(-0.080560972750187,0.0159386677290023,0.0154316484481096));
#5540=CARTESIAN_POINT('',(-0.080560972750187,0.0159386677290023,0.012));
#5541=CARTESIAN_POINT('',(-0.080560972750187,0.0159386677290023,0.0133343801349401));
#5542=CARTESIAN_POINT('',(-0.0570611864328384,0.0159386677290023,0.0133343801349401));
#5543=CARTESIAN_POINT('',(-0.0570611864328384,0.02862302570045,0.011));
#5544=CARTESIAN_POINT('',(-0.0790872976808407,0.02862302570045,0.012));
#5545=CARTESIAN_POINT('',(-0.0790872976808407,0.0284636468565683,0.012));
#5546=CARTESIAN_POINT('',(-0.0790745726652645,0.0281448607510294,0.0119208229132701));
#5547=CARTESIAN_POINT('',(-0.078834802528021,0.0278191850106049,0.0116269517913802));
#5548=CARTESIAN_POINT('',(-0.0784098881445267,0.0277101943394985,0.0114160358521462));
#5549=CARTESIAN_POINT('',(-0.0781025701577802,0.0276845892706527,0.0113459971533495));
#5550=CARTESIAN_POINT('',(-0.0779452184916339,0.0276782277055149,0.0113276533973066));
#5551=CARTESIAN_POINT('',(-0.0779452184916339,0.0276782277055149,0.0113276533973066));
#5552=CARTESIAN_POINT('',(-0.0779452184916339,0.0276782277055149,0.0113276533973066));
#5553=CARTESIAN_POINT('',(-0.0776951450462141,0.0276681174947289,0.0112985003137204));
#5554=CARTESIAN_POINT('',(-0.0772130177884729,0.0275593207122912,0.0110437454338796));
#5555=CARTESIAN_POINT('',(-0.0770610123872755,0.0277063244773705,0.0105254436025057));
#5556=CARTESIAN_POINT('',(-0.0770610123872755,0.0278767347416158,0.0103343801349401));
#5557=CARTESIAN_POINT('',(-0.080560972750187,0.02862302570045,0.012));
#5558=CARTESIAN_POINT('',(-0.080560972750187,0.02862302570045,0.0133343801349401));
#5559=CARTESIAN_POINT('',(-0.0797276526292165,0.0280702349841878,0.0133343801349401));
#5560=CARTESIAN_POINT('',(-0.0797276526292165,0.0280702349841878,0.0133343801349401));
#5561=CARTESIAN_POINT('',(-0.0796181918200086,0.0282352448009,0.0133343801349401));
#5562=CARTESIAN_POINT('',(-0.079560972750187,0.0284255408198899,0.013292413326326));
#5563=CARTESIAN_POINT('',(-0.079560972750187,0.02862302570045,0.013292413326326));
#5564=CARTESIAN_POINT('',(-0.080560972750187,0.02862302570045,0.0184316484481096));
#5565=CARTESIAN_POINT('',(-0.080560972750187,0.0217808467147261,0.0184316484481096));
#5566=CARTESIAN_POINT('',(-0.080560972750187,0.0149386677290022,0.0184316484481096));
#5567=CARTESIAN_POINT('',(-0.080560972750187,0.02862302570045,0.0184316484481096));
#5568=CARTESIAN_POINT('',(-0.080560972750187,0.0149386677290022,0.0143830142915249));
#5569=CARTESIAN_POINT('',(-0.080560972750187,0.0149386677290022,0.0184316484481096));
#5570=CARTESIAN_POINT('',(-0.079560972750187,0.0149386677290022,0.013292413326326));
#5571=CARTESIAN_POINT('',(-0.079560972750187,0.0151361526095624,0.013292413326326));
#5572=CARTESIAN_POINT('',(-0.0796181918200086,0.0153264486285522,0.0133343801349401));
#5573=CARTESIAN_POINT('',(-0.0797276526292165,0.0154914584452645,0.0133343801349401));
#5574=CARTESIAN_POINT('',(-0.0797276526292165,0.0154914584452645,0.0133343801349401));
#5575=CARTESIAN_POINT('',(-0.080560972750187,0.0149386677290022,0.0133343801349401));
#5576=CARTESIAN_POINT('',(0.116376280784607,0.0149386677290022,0.011));
#5577=CARTESIAN_POINT('',(-0.0770610123872755,0.0156849586878365,0.0103343801349401));
#5578=CARTESIAN_POINT('',(-0.0770610123872755,0.0158548154360864,0.010524823002063));
#5579=CARTESIAN_POINT('',(-0.077211437581209,0.0160025855149614,0.0110418354570122));
#5580=CARTESIAN_POINT('',(-0.0776945166486486,0.0158936013401871,0.0112984270563351));
#5581=CARTESIAN_POINT('',(-0.0779452184916339,0.0158834657239374,0.0113276533973066));
#5582=CARTESIAN_POINT('',(-0.0779452184916339,0.0158834657239374,0.0113276533973066));
#5583=CARTESIAN_POINT('',(-0.0779452184916339,0.0158834657239375,0.0113276533973066));
#5584=CARTESIAN_POINT('',(-0.0781025185355909,0.0158771062458315,0.0113459911353335));
#5585=CARTESIAN_POINT('',(-0.0784075358260157,0.0158519580404349,0.0114151858757611));
#5586=CARTESIAN_POINT('',(-0.0788352529622681,0.0157422478322986,0.0116271312857913));
#5587=CARTESIAN_POINT('',(-0.07907411984755,0.0154180352121759,0.0119202129908494));
#5588=CARTESIAN_POINT('',(-0.0790872976808407,0.0150979791841228,0.012));
#5589=CARTESIAN_POINT('',(-0.0790872976808407,0.0149386677290022,0.012));
#5590=CARTESIAN_POINT('',(-0.0810611864328384,0.0149386677290022,0.005));
#5591=CARTESIAN_POINT('',(-0.0810611864328384,0.0149386677290022,0.0184316484481096));
#5592=CARTESIAN_POINT('',(-0.0810611864328384,0.0149386677290022,0.0103343801349401));
#5593=CARTESIAN_POINT('',(-0.0810611864328384,-0.0305809216433615,0.0184316484481096));
#5594=CARTESIAN_POINT('',(-0.0810611864328384,0.0149386677290022,0.0184316484481096));
#5595=CARTESIAN_POINT('',(-0.0810611864328384,0.02862302570045,0.0184316484481096));
#5596=CARTESIAN_POINT('',(-0.0810611864328384,0.0217808467147261,0.0103343801349401));
#5597=CARTESIAN_POINT('',(-0.0810611864328384,0.0149386677290022,0.0103343801349401));
#5598=CARTESIAN_POINT('',(-0.0810611864328384,0.02862302570045,0.0103343801349401));
#5599=CARTESIAN_POINT('',(-0.0810611864328384,0.02862302570045,0.0143830142915249));
#5600=CARTESIAN_POINT('',(-0.0810611864328384,0.02862302570045,0.0103343801349401));
#5601=CARTESIAN_POINT('',(-0.0810611864328384,0.02862302570045,0.0184316484481096));
#5602=CARTESIAN_POINT('',(-0.0780610123872755,-0.0305809195851907,0.0103343801349401));
#5603=CARTESIAN_POINT('',(-0.0780610123872755,0.016597039877789,0.0113343801349401));
#5604=CARTESIAN_POINT('',(-0.0780088975984151,0.0163613541062305,0.0113343801349401));
#5605=CARTESIAN_POINT('',(-0.0779717427978182,0.0161232749934725,0.0113307455501498));
#5606=CARTESIAN_POINT('',(-0.0779452184916339,0.0158834657239375,0.0113276533973066));
#5607=CARTESIAN_POINT('',(-0.0779452184916339,0.0276782277055149,0.0113276533973066));
#5608=CARTESIAN_POINT('',(-0.0779717427978182,0.0274384184359799,0.0113307455501498));
#5609=CARTESIAN_POINT('',(-0.0780088975984151,0.0272003393232217,0.0113343801349401));
#5610=CARTESIAN_POINT('',(-0.0780610123872755,0.0269646535516633,0.0113343801349401));
#5611=CARTESIAN_POINT('',(-0.0810611864328384,0.0179386677290022,0.0174316484481097));
#5612=CARTESIAN_POINT('',(-0.0810611864328384,0.0159386677290022,0.0174316484481096));
#5613=CARTESIAN_POINT('',(-0.0810611864328384,0.0159386677290022,0.0154316484481096));
#5614=CARTESIAN_POINT('',(-0.0811920861315874,0.0179386677289975,0.0174316484481097));
#5615=CARTESIAN_POINT('',(-0.0809302866322854,0.0159386677290815,0.0174316484480246));
#5616=CARTESIAN_POINT('',(-0.0811920861315874,0.0159386677290022,0.0154316484481144));
#5617=CARTESIAN_POINT('',(-0.0814538244897199,0.017782461456195,0.0174837172057128));
#5618=CARTESIAN_POINT('',(-0.0807250309527787,0.0161228253170582,0.0172474908600562));
#5619=CARTESIAN_POINT('',(-0.0814538244897199,0.0158865989713991,0.0155878547209168));
#5620=CARTESIAN_POINT('',(-0.0817867042798203,0.0171152212690379,0.0177061306014311));
#5621=CARTESIAN_POINT('',(-0.0812534226234183,0.0162208498262871,0.0171494663508245));
#5622=CARTESIAN_POINT('',(-0.0817867042798203,0.0156641855756809,0.0162550949080743));
#5623=CARTESIAN_POINT('',(-0.0820091176751487,0.0161165819030247,0.0180390103901015));
#5624=CARTESIAN_POINT('',(-0.0818906710541966,0.0157426537028942,0.0176276624742171));
#5625=CARTESIAN_POINT('',(-0.0820091176751487,0.01533130578701,0.0172537342740859));
#5626=CARTESIAN_POINT('',(-0.0820611864328384,0.0153313668179738,0.0183007487517874));
#5627=CARTESIAN_POINT('',(-0.0820611864328544,0.0152004671289211,0.0181698490481923));
#5628=CARTESIAN_POINT('',(-0.0820611864328384,0.0150695674253255,0.0180389493591409));
#5629=CARTESIAN_POINT('',(-0.0820611864328384,0.0149386677290022,0.0184316484481097));
#5630=CARTESIAN_POINT('',(-0.0820611864328384,0.0149386677290022,0.0184316484481096));
#5631=CARTESIAN_POINT('',(-0.0820611864328384,0.0149386677290022,0.0184316484481097));
#5632=CARTESIAN_POINT('',(-0.0810611864328384,0.0179386677290022,0.0154316484481096));
#5633=CARTESIAN_POINT('',(-0.0570611864328384,0.0179386677290022,0.0154316484481096));
#5634=CARTESIAN_POINT('',(-0.080560972750187,0.0179386677290022,0.0154316484481096));
#5635=CARTESIAN_POINT('',(-0.079560972750187,0.0149386677290022,0.0184316484481096));
#5636=CARTESIAN_POINT('',(-0.079560972750187,0.0149386677290022,0.0184316484481096));
#5637=CARTESIAN_POINT('',(-0.079560972750187,0.0149386677290022,0.0184316484481096));
#5638=CARTESIAN_POINT('',(-0.079560972750187,0.0153313668179724,0.0183007487517845));
#5639=CARTESIAN_POINT('',(-0.0795609727501747,0.0152004671289212,0.0181698490481866));
#5640=CARTESIAN_POINT('',(-0.079560972750187,0.0150695674253255,0.018038949359138));
#5641=CARTESIAN_POINT('',(-0.0796130415078768,0.0161165819030254,0.0180390103901028));
#5642=CARTESIAN_POINT('',(-0.0797314881288273,0.0157426537028942,0.0176276624742198));
#5643=CARTESIAN_POINT('',(-0.0796130415078768,0.01533130578701,0.0172537342740872));
#5644=CARTESIAN_POINT('',(-0.0798354549032051,0.0171152212690377,0.0177061306014307));
#5645=CARTESIAN_POINT('',(-0.0803687365596062,0.0162208498262871,0.0171494663508236));
#5646=CARTESIAN_POINT('',(-0.0798354549032051,0.0156641855756809,0.016255094908074));
#5647=CARTESIAN_POINT('',(-0.0801683346933056,0.017782461456195,0.0174837172057128));
#5648=CARTESIAN_POINT('',(-0.0808971282302523,0.0161228253170582,0.0172474908600565));
#5649=CARTESIAN_POINT('',(-0.0801683346933056,0.0158865989713991,0.0155878547209169));
#5650=CARTESIAN_POINT('',(-0.0804300730514379,0.0179386677289975,0.0174316484481096));
#5651=CARTESIAN_POINT('',(-0.0806918725507268,0.0159386677290815,0.0174316484480246));
#5652=CARTESIAN_POINT('',(-0.0804300730514379,0.0159386677290022,0.0154316484481144));
#5653=CARTESIAN_POINT('',(-0.080560972750187,0.0179386677290022,0.0174316484481096));
#5654=CARTESIAN_POINT('',(-0.080560972750187,0.0159386677290022,0.0174316484481096));
#5655=CARTESIAN_POINT('',(-0.080560972750187,0.0159386677290022,0.0154316484481096));
#5656=CARTESIAN_POINT('',(-0.0810611864328384,0.0159386677290022,0.0133343801349401));
#5657=CARTESIAN_POINT('',(-0.0810611864328384,0.0159386677290022,0.0113343801349401));
#5658=CARTESIAN_POINT('',(-0.0810611864328384,0.0179386677290022,0.0113343801349401));
#5659=CARTESIAN_POINT('',(-0.0811920861315875,0.0159386677290022,0.0133343801349354));
#5660=CARTESIAN_POINT('',(-0.0809302866323006,0.0159386677290815,0.0113343801350225));
#5661=CARTESIAN_POINT('',(-0.0811920861315875,0.0179386677289975,0.0113343801349401));
#5662=CARTESIAN_POINT('',(-0.0814538244897198,0.0158865989713991,0.0131781738621329));
#5663=CARTESIAN_POINT('',(-0.080725030952772,0.0161228253170582,0.0115185377229947));
#5664=CARTESIAN_POINT('',(-0.0814538244897198,0.017782461456195,0.011282311377337));
#5665=CARTESIAN_POINT('',(-0.0817867042798203,0.0156641855756809,0.0125109336749758));
#5666=CARTESIAN_POINT('',(-0.0812534226234199,0.0162208498262871,0.0116165622322254));
#5667=CARTESIAN_POINT('',(-0.0817867042798203,0.0171152212690379,0.0110598979816188));
#5668=CARTESIAN_POINT('',(-0.0820091176751487,0.01533130578701,0.0115122943089626));
#5669=CARTESIAN_POINT('',(-0.0818906710541962,0.0157426537028942,0.0111383661088318));
#5670=CARTESIAN_POINT('',(-0.0820091176751487,0.0161165819030247,0.0107270181929479));
#5671=CARTESIAN_POINT('',(-0.0820611864328384,0.0150695674253255,0.0107270792239117));
#5672=CARTESIAN_POINT('',(-0.0820611864328544,0.0152004671289211,0.0105961795348595));
#5673=CARTESIAN_POINT('',(-0.0820611864328384,0.0153313668179738,0.0104652798312634));
#5674=CARTESIAN_POINT('',(-0.0820611864328384,0.0149386677290022,0.0103343801349401));
#5675=CARTESIAN_POINT('',(-0.0820611864328384,0.0149386677290022,0.0103343801349401));
#5676=CARTESIAN_POINT('',(-0.0820611864328384,0.0149386677290022,0.0103343801349401));
#5677=CARTESIAN_POINT('',(-0.0810611864328384,0.0179386677290022,0.0133343801349401));
#5678=CARTESIAN_POINT('',(-0.0570611864328384,0.0179386677290022,0.0133343801349401));
#5679=CARTESIAN_POINT('',(-0.080560972750187,0.0179386677290022,0.0133343801349401));
#5680=CARTESIAN_POINT('',(-0.0780610123872755,0.016597039877789,0.0113343801349401));
#5681=CARTESIAN_POINT('',(-0.0797276526292165,0.0154914584452645,0.0113343801349402));
#5682=CARTESIAN_POINT('',(-0.0797276526292165,0.0154914584452645,0.0133343801349401));
#5683=CARTESIAN_POINT('',(-0.0779827002291303,0.0162428781779918,0.0113343801349401));
#5684=CARTESIAN_POINT('',(-0.0796981635082154,0.0154470043206685,0.0114607741729056));
#5685=CARTESIAN_POINT('',(-0.0796493404687364,0.0153734045468814,0.0133343801106283));
#5686=CARTESIAN_POINT('',(-0.0778786256285965,0.01544670968867,0.0113176408257333));
#5687=CARTESIAN_POINT('',(-0.0795357148948464,0.0151875310485279,0.0116260788579825));
#5688=CARTESIAN_POINT('',(-0.0795452658716516,0.0151080150482592,0.0132841622184912));
#5689=CARTESIAN_POINT('',(-0.0778980063815098,0.0141564471436774,0.0113221966124923));
#5690=CARTESIAN_POINT('',(-0.0795767467337267,0.0145648647488243,0.0116001738530101));
#5691=CARTESIAN_POINT('',(-0.0795646466230539,0.014677927533783,0.0132978295649641));
#5692=CARTESIAN_POINT('',(-0.0780583269321875,0.0131988151202847,0.0113417009936932));
#5693=CARTESIAN_POINT('',(-0.079784704356783,0.0143324188707733,0.0113248308468754));
#5694=CARTESIAN_POINT('',(-0.0797249671744569,0.0143587168603079,0.0133563427102265));
#5695=CARTESIAN_POINT('',(-0.0782580352643187,0.0125962241258211,0.0113193915724823));
#5696=CARTESIAN_POINT('',(-0.0796835930789531,0.0143884057839924,0.0110138717765679));
#5697=CARTESIAN_POINT('',(-0.079924675505748,0.01415785319305,0.0132894144498441));
#5698=CARTESIAN_POINT('',(-0.0783720137111582,0.0123725879112441,0.0112869217515921));
#5699=CARTESIAN_POINT('',(-0.0795022599275674,0.0144230721309597,0.0109075158135609));
#5700=CARTESIAN_POINT('',(-0.0800386539542141,0.0140833077932068,0.0131920049796886));
#5701=CARTESIAN_POINT('',(-0.078431186180242,0.0122798222446411,0.0112633426546367));
#5702=CARTESIAN_POINT('',(-0.0793959545803614,0.0144191646793191,0.0108789009032912));
#5703=CARTESIAN_POINT('',(-0.0800978264221829,0.0140523859008818,0.0131212676940296));
#5704=CARTESIAN_POINT('',(-0.0780610123872755,0.016597039877789,0.0133343801349401));
#5705=CARTESIAN_POINT('',(-0.080560972750187,0.0149386677290022,0.0133343801349401));
#5706=CARTESIAN_POINT('',(-0.0810611864328384,0.02562302570045,0.0113343801349401));
#5707=CARTESIAN_POINT('',(-0.0810611864328384,0.02762302570045,0.0113343801349401));
#5708=CARTESIAN_POINT('',(-0.0810611864328384,0.02762302570045,0.0133343801349401));
#5709=CARTESIAN_POINT('',(-0.0811920861315875,0.0256230257004548,0.0113343801349401));
#5710=CARTESIAN_POINT('',(-0.0809302866323006,0.0276230257003659,0.0113343801350225));
#5711=CARTESIAN_POINT('',(-0.0811920861315875,0.02762302570045,0.0133343801349354));
#5712=CARTESIAN_POINT('',(-0.0814538244897198,0.0257792319732571,0.011282311377337));
#5713=CARTESIAN_POINT('',(-0.080725030952772,0.027438868112396,0.0115185377229947));
#5714=CARTESIAN_POINT('',(-0.0814538244897198,0.0276750944580531,0.0131781738621329));
#5715=CARTESIAN_POINT('',(-0.0817867042798203,0.0264464721604147,0.0110598979816188));
#5716=CARTESIAN_POINT('',(-0.0812534226234199,0.0273408436031651,0.0116165622322254));
#5717=CARTESIAN_POINT('',(-0.0817867042798203,0.0278975078537715,0.0125109336749758));
#5718=CARTESIAN_POINT('',(-0.0820091176751487,0.0274451115264262,0.0107270181929479));
#5719=CARTESIAN_POINT('',(-0.0818906710541962,0.0278190397265567,0.0111383661088318));
#5720=CARTESIAN_POINT('',(-0.0820091176751487,0.0282303876424418,0.0115122943089626));
#5721=CARTESIAN_POINT('',(-0.0820611864328384,0.0282303266114813,0.0104652798312634));
#5722=CARTESIAN_POINT('',(-0.0820611864328544,0.0283612263005342,0.0105961795348595));
#5723=CARTESIAN_POINT('',(-0.0820611864328384,0.0284921260041277,0.0107270792239117));
#5724=CARTESIAN_POINT('',(-0.0820611864328384,0.02862302570045,0.0103343801349401));
#5725=CARTESIAN_POINT('',(-0.0820611864328384,0.02862302570045,0.0103343801349401));
#5726=CARTESIAN_POINT('',(-0.0820611864328384,0.02862302570045,0.0103343801349401));
#5727=CARTESIAN_POINT('',(-0.0810611864328384,0.02562302570045,0.0133343801349401));
#5728=CARTESIAN_POINT('',(-0.0570611864328384,0.02562302570045,0.0133343801349401));
#5729=CARTESIAN_POINT('',(-0.080560972750187,0.02562302570045,0.0133343801349401));
#5730=CARTESIAN_POINT('',(-0.080560972750187,0.02862302570045,0.0133343801349401));
#5731=CARTESIAN_POINT('',(-0.0780610123872755,0.0269646535516633,0.0133343801349401));
#5732=CARTESIAN_POINT('',(-0.0797276526292165,0.0280702349841878,0.0133343801349401));
#5733=CARTESIAN_POINT('',(-0.0797276526292165,0.0280702349841878,0.0113343801349402));
#5734=CARTESIAN_POINT('',(-0.0780610123872755,0.0269646535516633,0.0113343801349401));
#5735=CARTESIAN_POINT('',(-0.0796498424693816,0.0281875321273901,0.0133343801107841));
#5736=CARTESIAN_POINT('',(-0.0796983466048336,0.0281144130951339,0.0114599893980399));
#5737=CARTESIAN_POINT('',(-0.0779832022297611,0.0273165449858853,0.0113343801349401));
#5738=CARTESIAN_POINT('',(-0.0795460901130716,0.0284509935385815,0.0132847456271552));
#5739=CARTESIAN_POINT('',(-0.0795374271170666,0.028370915285815,0.0116249093721199));
#5740=CARTESIAN_POINT('',(-0.077879449870021,0.0281069292129645,0.0113178352953114));
#5741=CARTESIAN_POINT('',(-0.079563680726392,0.0288783602384378,0.0132970279675707));
#5742=CARTESIAN_POINT('',(-0.0795743437969688,0.0289889732995387,0.0116014565854616));
#5743=CARTESIAN_POINT('',(-0.0778970404848538,0.0293890293140707,0.0113219294133573));
#5744=CARTESIAN_POINT('',(-0.0797206209399116,0.0291963466461985,0.0133556522195075));
#5745=CARTESIAN_POINT('',(-0.0797812582464824,0.0292271558605112,0.0113329669686085));
#5746=CARTESIAN_POINT('',(-0.0780539806976197,0.0303429885403474,0.011341470830113));
#5747=CARTESIAN_POINT('',(-0.0799176155455558,0.0293978994500611,0.0132931129657857));
#5748=CARTESIAN_POINT('',(-0.0796907737058285,0.0291764878019982,0.0110239047349177));
#5749=CARTESIAN_POINT('',(-0.0782509753041659,0.0309476469445784,0.0113206244111432));
#5750=CARTESIAN_POINT('',(-0.0800298883890699,0.0294729692485551,0.0132003358384814));
#5751=CARTESIAN_POINT('',(-0.0795169777120879,0.0291402950631566,0.0109145429279129));
#5752=CARTESIAN_POINT('',(-0.0783632481459267,0.0311728563552016,0.0112896987044924));
#5753=CARTESIAN_POINT('',(-0.080088719919893,0.0295044888388054,0.0131319994272013));
#5754=CARTESIAN_POINT('',(-0.0794122975792269,0.0291420886986819,0.0108835203823935));
#5755=CARTESIAN_POINT('',(-0.078422079677952,0.0312674151155161,0.0112669198990272));
#5756=CARTESIAN_POINT('',(-0.0810611864328384,0.02762302570045,0.0154316484481096));
#5757=CARTESIAN_POINT('',(-0.0810611864328384,0.02762302570045,0.0174316484481096));
#5758=CARTESIAN_POINT('',(-0.0810611864328384,0.02562302570045,0.0174316484481097));
#5759=CARTESIAN_POINT('',(-0.0811920861315874,0.02762302570045,0.0154316484481144));
#5760=CARTESIAN_POINT('',(-0.0809302866322854,0.0276230257003659,0.0174316484480246));
#5761=CARTESIAN_POINT('',(-0.0811920861315874,0.0256230257004548,0.0174316484481097));
#5762=CARTESIAN_POINT('',(-0.0814538244897199,0.0276750944580531,0.0155878547209168));
#5763=CARTESIAN_POINT('',(-0.0807250309527787,0.027438868112396,0.0172474908600562));
#5764=CARTESIAN_POINT('',(-0.0814538244897199,0.0257792319732572,0.0174837172057128));
#5765=CARTESIAN_POINT('',(-0.0817867042798203,0.0278975078537714,0.0162550949080743));
#5766=CARTESIAN_POINT('',(-0.0812534226234183,0.0273408436031651,0.0171494663508245));
#5767=CARTESIAN_POINT('',(-0.0817867042798203,0.0264464721604147,0.0177061306014311));
#5768=CARTESIAN_POINT('',(-0.0820091176751487,0.0282303876424418,0.0172537342740859));
#5769=CARTESIAN_POINT('',(-0.0818906710541966,0.0278190397265567,0.0176276624742171));
#5770=CARTESIAN_POINT('',(-0.0820091176751487,0.0274451115264262,0.0180390103901015));
#5771=CARTESIAN_POINT('',(-0.0820611864328384,0.0284921260041277,0.0180389493591409));
#5772=CARTESIAN_POINT('',(-0.0820611864328544,0.0283612263005342,0.0181698490481923));
#5773=CARTESIAN_POINT('',(-0.0820611864328384,0.0282303266114813,0.0183007487517874));
#5774=CARTESIAN_POINT('',(-0.0820611864328384,0.02862302570045,0.0184316484481097));
#5775=CARTESIAN_POINT('',(-0.0820611864328384,0.02862302570045,0.0184316484481096));
#5776=CARTESIAN_POINT('',(-0.0820611864328384,0.02862302570045,0.0184316484481097));
#5777=CARTESIAN_POINT('',(-0.0810611864328384,0.02562302570045,0.0154316484481096));
#5778=CARTESIAN_POINT('',(-0.0570611864328384,0.02562302570045,0.0154316484481096));
#5779=CARTESIAN_POINT('',(-0.080560972750187,0.02562302570045,0.0154316484481096));
#5780=CARTESIAN_POINT('',(-0.079560972750187,0.02862302570045,0.0184316484481096));
#5781=CARTESIAN_POINT('',(-0.079560972750187,0.02862302570045,0.0184316484481096));
#5782=CARTESIAN_POINT('',(-0.079560972750187,0.02862302570045,0.0184316484481096));
#5783=CARTESIAN_POINT('',(-0.079560972750187,0.0284921260041248,0.018038949359138));
#5784=CARTESIAN_POINT('',(-0.0795609727501747,0.0283612263005284,0.0181698490481866));
#5785=CARTESIAN_POINT('',(-0.079560972750187,0.0282303266114784,0.0183007487517845));
#5786=CARTESIAN_POINT('',(-0.0796130415078768,0.0282303876424432,0.0172537342740872));
#5787=CARTESIAN_POINT('',(-0.0797314881288273,0.0278190397265595,0.0176276624742198));
#5788=CARTESIAN_POINT('',(-0.0796130415078768,0.0274451115264276,0.0180390103901028));
#5789=CARTESIAN_POINT('',(-0.0798354549032051,0.0278975078537711,0.016255094908074));
#5790=CARTESIAN_POINT('',(-0.0803687365596062,0.0273408436031643,0.0171494663508236));
#5791=CARTESIAN_POINT('',(-0.0798354549032051,0.0264464721604143,0.0177061306014307));
#5792=CARTESIAN_POINT('',(-0.0801683346933056,0.0276750944580532,0.0155878547209169));
#5793=CARTESIAN_POINT('',(-0.0808971282302523,0.0274388681123963,0.0172474908600565));
#5794=CARTESIAN_POINT('',(-0.0801683346933056,0.0257792319732572,0.0174837172057128));
#5795=CARTESIAN_POINT('',(-0.0804300730514379,0.02762302570045,0.0154316484481144));
#5796=CARTESIAN_POINT('',(-0.0806918725507268,0.0276230257003659,0.0174316484480246));
#5797=CARTESIAN_POINT('',(-0.0804300730514379,0.0256230257004548,0.0174316484481096));
#5798=CARTESIAN_POINT('',(-0.080560972750187,0.02762302570045,0.0154316484481096));
#5799=CARTESIAN_POINT('',(-0.080560972750187,0.02762302570045,0.0174316484481096));
#5800=CARTESIAN_POINT('',(-0.080560972750187,0.02562302570045,0.0174316484481096));
#5801=CARTESIAN_POINT('',(0.314813560775461,-0.0981180753278435,0.0001));
#5802=CARTESIAN_POINT('',(0.314813560775461,-0.0981180753278435,0.0001));
#5803=CARTESIAN_POINT('',(0.313310840284003,-0.0981180753278435,0.0001));
#5804=CARTESIAN_POINT('',(0.116376187171311,-0.0305809216433615,0.0001));
#5805=CARTESIAN_POINT('',(0.314813560775461,0.0369562320411205,0.0001));
#5806=CARTESIAN_POINT('',(0.314813560775461,0.0369562320411205,0.0001));
#5807=CARTESIAN_POINT('',(0.313310840284003,0.0369562320411205,0.0001));
#5808=CARTESIAN_POINT('',(0.116376187171311,-0.0305809216433615,0.0001));
#5809=CARTESIAN_POINT('',(-0.0820611864328384,0.0369562320411205,0.0001));
#5810=CARTESIAN_POINT('',(-0.0820611864328384,0.0369562320411205,0.0001));
#5811=CARTESIAN_POINT('',(-0.0835639069242959,0.0369562320411205,0.0001));
#5812=CARTESIAN_POINT('',(0.116376187171311,-0.0305809216433615,0.0001));
#5813=CARTESIAN_POINT('',(-0.0820611864328384,-0.0981180753278435,0.0001));
#5814=CARTESIAN_POINT('',(-0.0820611864328384,-0.0981180753278435,0.0001));
#5815=CARTESIAN_POINT('',(-0.0835639069242959,-0.0981180753278435,0.0001));
#5816=CARTESIAN_POINT('',(0.116376187171311,-0.0305809216433615,0.0001));
#5817=CARTESIAN_POINT('',(-0.0819611864328384,0.00617691182361371,0.0174318057125497));
#5818=CARTESIAN_POINT('',(-0.0819611864328384,0.00617691182361371,0.0145341476243566));
#5819=CARTESIAN_POINT('',(-0.0819611864328384,0.00617691182361371,0.0145341476243566));
#5820=CARTESIAN_POINT('',(-0.0819611864328384,0.00617691182361371,0.0174318057125497));
#5821=CARTESIAN_POINT('',(-0.0819611864328384,0.00617691182361371,0.0183976917419474));
#5822=CARTESIAN_POINT('',(-0.0819611864328384,0.00617691182361371,0.0183976917419474));
#5823=CARTESIAN_POINT('',(-0.0819611864328384,0.00558252042090742,0.0145341476243566));
#5824=CARTESIAN_POINT('',(-0.0819611864328384,0.00498812901820114,0.0145341476243566));
#5825=CARTESIAN_POINT('',(-0.0819611864328384,0.00498812901820114,0.0145341476243566));
#5826=CARTESIAN_POINT('',(-0.0819611864328384,0.00558252042090742,0.0145341476243566));
#5827=CARTESIAN_POINT('',(-0.0819611864328384,0.00449729167160388,0.0145109292365147));
#5828=CARTESIAN_POINT('',(-0.0819611864328384,0.00400645432500662,0.0144877108486729));
#5829=CARTESIAN_POINT('',(-0.0819611864328384,0.00400645432500662,0.0144877108486729));
#5830=CARTESIAN_POINT('',(-0.0819611864328384,0.00449729167160388,0.0145109292365147));
#5831=CARTESIAN_POINT('',(-0.0819611864328384,0.0039231583086039,0.0144482396104029));
#5832=CARTESIAN_POINT('',(-0.0819611864328384,0.00383986229220119,0.0144087683721328));
#5833=CARTESIAN_POINT('',(-0.0819611864328384,0.00383986229220119,0.0144087683721328));
#5834=CARTESIAN_POINT('',(-0.0819611864328384,0.0039231583086039,0.0144482396104029));
#5835=CARTESIAN_POINT('',(-0.0819611864328384,0.00381960425249488,0.0143414347735972));
#5836=CARTESIAN_POINT('',(-0.0819611864328384,0.00379934621278857,0.0142741011750616));
#5837=CARTESIAN_POINT('',(-0.0819611864328384,0.00379934621278857,0.0142741011750616));
#5838=CARTESIAN_POINT('',(-0.0819611864328384,0.00381960425249488,0.0143414347735972));
#5839=CARTESIAN_POINT('',(-0.0819611864328384,0.00381803709608648,0.0142061294252133));
#5840=CARTESIAN_POINT('',(-0.0819611864328384,0.0038367279793844,0.014138157675365));
#5841=CARTESIAN_POINT('',(-0.0819611864328384,0.0038367279793844,0.014138157675365));
#5842=CARTESIAN_POINT('',(-0.0819611864328384,0.00381803709608648,0.0142061294252133));
#5843=CARTESIAN_POINT('',(-0.0819611864328384,0.00391741199823611,0.0141025753691043));
#5844=CARTESIAN_POINT('',(-0.0819611864328384,0.00399809601708783,0.0140669930628435));
#5845=CARTESIAN_POINT('',(-0.0819611864328384,0.00399809601708783,0.0140669930628435));
#5846=CARTESIAN_POINT('',(-0.0819611864328384,0.00391741199823611,0.0141025753691043));
#5847=CARTESIAN_POINT('',(-0.0819611864328384,0.00449311251764448,0.0140665286656011));
#5848=CARTESIAN_POINT('',(-0.0819611864328384,0.00498812901820114,0.0140660642683588));
#5849=CARTESIAN_POINT('',(-0.0819611864328384,0.00498812901820114,0.0140660642683588));
#5850=CARTESIAN_POINT('',(-0.0819611864328384,0.00449311251764448,0.0140665286656011));
#5851=CARTESIAN_POINT('',(-0.0819611864328384,0.00558252042090742,0.0140920690396549));
#5852=CARTESIAN_POINT('',(-0.0819611864328384,0.00617691182361371,0.014118073810951));
#5853=CARTESIAN_POINT('',(-0.0819611864328384,0.00617691182361371,0.014118073810951));
#5854=CARTESIAN_POINT('',(-0.0819611864328384,0.00558252042090742,0.0140920690396549));
#5855=CARTESIAN_POINT('',(-0.0819611864328384,0.00617691182361371,0.0134791030109195));
#5856=CARTESIAN_POINT('',(-0.0819611864328384,0.00617691182361371,0.0115621906108251));
#5857=CARTESIAN_POINT('',(-0.0819611864328384,0.00617691182361371,0.0115621906108251));
#5858=CARTESIAN_POINT('',(-0.0819611864328384,0.00617691182361371,0.0134791030109195));
#5859=CARTESIAN_POINT('',(-0.0819611864328384,0.00643695806229771,0.0115621906108251));
#5860=CARTESIAN_POINT('',(-0.0819611864328384,0.00721709677834971,0.0115621906108251));
#5861=CARTESIAN_POINT('',(-0.0819611864328384,0.00721709677834971,0.0115621906108251));
#5862=CARTESIAN_POINT('',(-0.0819611864328384,0.00643695806229771,0.0115621906108251));
#5863=CARTESIAN_POINT('',(-0.0819611864328384,0.00721709677834971,0.012045133625524));
#5864=CARTESIAN_POINT('',(-0.0819611864328384,0.00721709677834971,0.0134939626696206));
#5865=CARTESIAN_POINT('',(-0.0819611864328384,0.00721709677834971,0.0134939626696206));
#5866=CARTESIAN_POINT('',(-0.0819611864328384,0.00721709677834971,0.012045133625524));
#5867=CARTESIAN_POINT('',(-0.0819611864328384,0.00769260985839254,0.0134939626696206));
#5868=CARTESIAN_POINT('',(-0.0819611864328384,0.00816812293843537,0.0134939626696206));
#5869=CARTESIAN_POINT('',(-0.0819611864328384,0.00816812293843537,0.0134939626696206));
#5870=CARTESIAN_POINT('',(-0.0819611864328384,0.00769260985839254,0.0134939626696206));
#5871=CARTESIAN_POINT('',(-0.0819611864328384,0.00858204936214334,0.0134839207374135));
#5872=CARTESIAN_POINT('',(-0.0819611864328384,0.00899597578585132,0.0134738788052065));
#5873=CARTESIAN_POINT('',(-0.0819611864328384,0.00899597578585132,0.0134738788052065));
#5874=CARTESIAN_POINT('',(-0.0819611864328384,0.00858204936214334,0.0134839207374135));
#5875=CARTESIAN_POINT('',(-0.0819611864328384,0.00912281351921041,0.0134492455327051));
#5876=CARTESIAN_POINT('',(-0.0819611864328384,0.0092496512525695,0.0134246122602038));
#5877=CARTESIAN_POINT('',(-0.0819611864328384,0.0092496512525695,0.0134246122602038));
#5878=CARTESIAN_POINT('',(-0.0819611864328384,0.00912281351921041,0.0134492455327051));
#5879=CARTESIAN_POINT('',(-0.0819611864328384,0.00933439121794896,0.0133761656238017));
#5880=CARTESIAN_POINT('',(-0.0819611864328384,0.00941913118332842,0.0133277189873997));
#5881=CARTESIAN_POINT('',(-0.0819611864328384,0.00941913118332842,0.0133277189873997));
#5882=CARTESIAN_POINT('',(-0.0819611864328384,0.00933439121794896,0.0133761656238017));
#5883=CARTESIAN_POINT('',(-0.0819611864328384,0.00947026247807449,0.0132474050120649));
#5884=CARTESIAN_POINT('',(-0.0819611864328384,0.00952139377282056,0.0131670910367301));
#5885=CARTESIAN_POINT('',(-0.0819611864328384,0.00952139377282056,0.0131670910367301));
#5886=CARTESIAN_POINT('',(-0.0819611864328384,0.00947026247807449,0.0132474050120649));
#5887=CARTESIAN_POINT('',(-0.0819611864328384,0.00954740570489046,0.0130468559580415));
#5888=CARTESIAN_POINT('',(-0.0819611864328384,0.00957341763696036,0.012926620879353));
#5889=CARTESIAN_POINT('',(-0.0819611864328384,0.00957341763696036,0.012926620879353));
#5890=CARTESIAN_POINT('',(-0.0819611864328384,0.00954740570489046,0.0130468559580415));
#5891=CARTESIAN_POINT('',(-0.0819611864328384,0.0095840400130676,0.0125341715117862));
#5892=CARTESIAN_POINT('',(-0.0819611864328384,0.00959466238917485,0.0121417221442194));
#5893=CARTESIAN_POINT('',(-0.0819611864328384,0.00959466238917485,0.0121417221442194));
#5894=CARTESIAN_POINT('',(-0.0819611864328384,0.0095840400130676,0.0125341715117862));
#5895=CARTESIAN_POINT('',(-0.0819611864328384,0.00959466238917485,0.0115547606761691));
#5896=CARTESIAN_POINT('',(-0.0819611864328384,0.00959466238917485,0.0109677992081189));
#5897=CARTESIAN_POINT('',(-0.0819611864328384,0.00959466238917485,0.0109677992081189));
#5898=CARTESIAN_POINT('',(-0.0819611864328384,0.00959466238917485,0.0115547606761691));
#5899=CARTESIAN_POINT('',(-0.0819611864328384,0.0100404559412046,0.0109677992081189));
#5900=CARTESIAN_POINT('',(-0.0819611864328384,0.0104862494932343,0.0109677992081189));
#5901=CARTESIAN_POINT('',(-0.0819611864328384,0.0104862494932343,0.0109677992081189));
#5902=CARTESIAN_POINT('',(-0.0819611864328384,0.0100404559412046,0.0109677992081189));
#5903=CARTESIAN_POINT('',(-0.0819611864328384,0.0108582085171681,0.0109436520257923));
#5904=CARTESIAN_POINT('',(-0.0819611864328384,0.0112301675411019,0.0109195048434657));
#5905=CARTESIAN_POINT('',(-0.0819611864328384,0.0112301675411019,0.0109195048434657));
#5906=CARTESIAN_POINT('',(-0.0819611864328384,0.0108582085171681,0.0109436520257923));
#5907=CARTESIAN_POINT('',(-0.0819611864328384,0.0112902451696628,0.0108746933528248));
#5908=CARTESIAN_POINT('',(-0.0819611864328384,0.0113503227982236,0.0108298818621839));
#5909=CARTESIAN_POINT('',(-0.0819611864328384,0.0113503227982236,0.0108298818621839));
#5910=CARTESIAN_POINT('',(-0.0819611864328384,0.0112902451696628,0.0108746933528248));
#5911=CARTESIAN_POINT('',(-0.0819611864328384,0.0113640796977587,0.0107502426844748));
#5912=CARTESIAN_POINT('',(-0.0819611864328384,0.0113778365972937,0.0106706035067657));
#5913=CARTESIAN_POINT('',(-0.0819611864328384,0.0113778365972937,0.0106706035067657));
#5914=CARTESIAN_POINT('',(-0.0819611864328384,0.0113640796977587,0.0107502426844748));
#5915=CARTESIAN_POINT('',(-0.0819611864328384,0.0114145216627205,0.0105586907215159));
#5916=CARTESIAN_POINT('',(-0.0819611864328384,0.0114512067281472,0.0104467779362661));
#5917=CARTESIAN_POINT('',(-0.0819611864328384,0.0114512067281472,0.0104467779362661));
#5918=CARTESIAN_POINT('',(-0.0819611864328384,0.0114145216627205,0.0105586907215159));
#5919=CARTESIAN_POINT('',(-0.0819611864328384,0.011563119513397,0.0104100928708393));
#5920=CARTESIAN_POINT('',(-0.0819611864328384,0.0116750322986468,0.0103734078054126));
#5921=CARTESIAN_POINT('',(-0.0819611864328384,0.0116750322986468,0.0103734078054126));
#5922=CARTESIAN_POINT('',(-0.0819611864328384,0.011563119513397,0.0104100928708393));
#5923=CARTESIAN_POINT('',(-0.0819611864328384,0.0117499697965198,0.0103619726814784));
#5924=CARTESIAN_POINT('',(-0.0819611864328384,0.0118249072943927,0.0103505375575443));
#5925=CARTESIAN_POINT('',(-0.0819611864328384,0.0118249072943927,0.0103505375575443));
#5926=CARTESIAN_POINT('',(-0.0819611864328384,0.0117499697965198,0.0103619726814784));
#5927=CARTESIAN_POINT('',(-0.0819611864328384,0.0118702411002994,0.0103067127794116));
#5928=CARTESIAN_POINT('',(-0.0819611864328384,0.011915574906206,0.0102628880012789));
#5929=CARTESIAN_POINT('',(-0.0819611864328384,0.011915574906206,0.0102628880012789));
#5930=CARTESIAN_POINT('',(-0.0819611864328384,0.0118702411002994,0.0103067127794116));
#5931=CARTESIAN_POINT('',(-0.0819611864328384,0.011943901453103,0.0100209522019926));
#5932=CARTESIAN_POINT('',(-0.0819611864328384,0.011972228,0.00977901640270629));
#5933=CARTESIAN_POINT('',(-0.0819611864328384,0.011972228,0.00977901640270629));
#5934=CARTESIAN_POINT('',(-0.0819611864328384,0.011943901453103,0.0100209522019926));
#5935=CARTESIAN_POINT('',(-0.0819611864328384,0.011972228,0.00948182070135314));
#5936=CARTESIAN_POINT('',(-0.0819611864328384,0.011972228,0.009184625));
#5937=CARTESIAN_POINT('',(-0.0819611864328384,0.011972228,0.009184625));
#5938=CARTESIAN_POINT('',(-0.0819611864328384,0.011972228,0.00948182070135314));
#5939=CARTESIAN_POINT('',(-0.0819611864328384,0.0115561539759834,0.009184625));
#5940=CARTESIAN_POINT('',(-0.0819611864328384,0.0111400799519668,0.009184625));
#5941=CARTESIAN_POINT('',(-0.0819611864328384,0.0111400799519668,0.009184625));
#5942=CARTESIAN_POINT('',(-0.0819611864328384,0.0115561539759834,0.009184625));
#5943=CARTESIAN_POINT('',(-0.0819611864328384,0.0107950542832028,0.00915815604207253));
#5944=CARTESIAN_POINT('',(-0.0819611864328384,0.0104500286144389,0.00913168708414505));
#5945=CARTESIAN_POINT('',(-0.0819611864328384,0.0104500286144389,0.00913168708414505));
#5946=CARTESIAN_POINT('',(-0.0819611864328384,0.0107950542832028,0.00915815604207253));
#5947=CARTESIAN_POINT('',(-0.0819611864328384,0.0103776451960935,0.00908763021269667));
#5948=CARTESIAN_POINT('',(-0.0819611864328384,0.0103052617777482,0.0090435733412483));
#5949=CARTESIAN_POINT('',(-0.0819611864328384,0.0103052617777482,0.0090435733412483));
#5950=CARTESIAN_POINT('',(-0.0819611864328384,0.0103776451960935,0.00908763021269667));
#5951=CARTESIAN_POINT('',(-0.0819611864328384,0.0102694473781717,0.00896921628727559));
#5952=CARTESIAN_POINT('',(-0.0819611864328384,0.0102336329785953,0.00889485923330289));
#5953=CARTESIAN_POINT('',(-0.0819611864328384,0.0102336329785953,0.00889485923330289));
#5954=CARTESIAN_POINT('',(-0.0819611864328384,0.0102694473781717,0.00896921628727559));
#5955=CARTESIAN_POINT('',(-0.0819611864328384,0.0101739253935514,0.00885437200759648));
#5956=CARTESIAN_POINT('',(-0.0819611864328384,0.0101142178085074,0.00881388478189007));
#5957=CARTESIAN_POINT('',(-0.0819611864328384,0.0101142178085074,0.00881388478189007));
#5958=CARTESIAN_POINT('',(-0.0819611864328384,0.0101739253935514,0.00885437200759648));
#5959=CARTESIAN_POINT('',(-0.0819611864328384,0.00996583035821416,0.0087787961477999));
#5960=CARTESIAN_POINT('',(-0.0819611864328384,0.00981744290792087,0.00874370751370974));
#5961=CARTESIAN_POINT('',(-0.0819611864328384,0.00981744290792087,0.00874370751370974));
#5962=CARTESIAN_POINT('',(-0.0819611864328384,0.00996583035821416,0.0087787961477999));
#5963=CARTESIAN_POINT('',(-0.0819611864328384,0.00930530289108569,0.0086897245461012));
#5964=CARTESIAN_POINT('',(-0.0819611864328384,0.00879316287425051,0.00863574157849265));
#5965=CARTESIAN_POINT('',(-0.0819611864328384,0.00879316287425051,0.00863574157849265));
#5966=CARTESIAN_POINT('',(-0.0819611864328384,0.00930530289108569,0.0086897245461012));
#5967=CARTESIAN_POINT('',(-0.0819611864328384,0.00726214057291725,0.0085925553728946));
#5968=CARTESIAN_POINT('',(-0.0819611864328384,0.005731118271584,0.00854936916729656));
#5969=CARTESIAN_POINT('',(-0.0819611864328384,0.005731118271584,0.00854936916729656));
#5970=CARTESIAN_POINT('',(-0.0819611864328384,0.00726214057291725,0.0085925553728946));
#5971=CARTESIAN_POINT('',(-0.0819611864328384,0.00420009597025073,0.0085925553728946));
#5972=CARTESIAN_POINT('',(-0.0819611864328384,0.00266907366891747,0.00863574157849265));
#5973=CARTESIAN_POINT('',(-0.0819611864328384,0.00266907366891747,0.00863574157849265));
#5974=CARTESIAN_POINT('',(-0.0819611864328384,0.00420009597025073,0.0085925553728946));
#5975=CARTESIAN_POINT('',(-0.0819611864328384,0.0021569336520823,0.00868972454610119));
#5976=CARTESIAN_POINT('',(-0.0819611864328384,0.00164479363524712,0.00874370751370974));
#5977=CARTESIAN_POINT('',(-0.0819611864328384,0.00164479363524712,0.00874370751370974));
#5978=CARTESIAN_POINT('',(-0.0819611864328384,0.0021569336520823,0.00868972454610119));
#5979=CARTESIAN_POINT('',(-0.0819611864328384,0.00149640618495383,0.0087787961477999));
#5980=CARTESIAN_POINT('',(-0.0819611864328384,0.00134801873466054,0.00881388478189007));
#5981=CARTESIAN_POINT('',(-0.0819611864328384,0.00134801873466054,0.00881388478189007));
#5982=CARTESIAN_POINT('',(-0.0819611864328384,0.00149640618495383,0.0087787961477999));
#5983=CARTESIAN_POINT('',(-0.0819611864328384,0.00128831114961661,0.00885437200759648));
#5984=CARTESIAN_POINT('',(-0.0819611864328384,0.00122860356457268,0.00889485923330289));
#5985=CARTESIAN_POINT('',(-0.0819611864328384,0.00122860356457268,0.00889485923330289));
#5986=CARTESIAN_POINT('',(-0.0819611864328384,0.00128831114961661,0.00885437200759648));
#5987=CARTESIAN_POINT('',(-0.0819611864328384,0.00119278916499624,0.00896921628727559));
#5988=CARTESIAN_POINT('',(-0.0819611864328384,0.00115697476541981,0.0090435733412483));
#5989=CARTESIAN_POINT('',(-0.0819611864328384,0.00115697476541981,0.0090435733412483));
#5990=CARTESIAN_POINT('',(-0.0819611864328384,0.00119278916499624,0.00896921628727559));
#5991=CARTESIAN_POINT('',(-0.0819611864328384,0.00108459134707445,0.00908763021269667));
#5992=CARTESIAN_POINT('',(-0.0819611864328384,0.0010122079287291,0.00913168708414505));
#5993=CARTESIAN_POINT('',(-0.0819611864328384,0.0010122079287291,0.00913168708414505));
#5994=CARTESIAN_POINT('',(-0.0819611864328384,0.00108459134707445,0.00908763021269667));
#5995=CARTESIAN_POINT('',(-0.0819611864328384,0.000667182259965147,0.00915815604207253));
#5996=CARTESIAN_POINT('',(-0.0819611864328384,0.000322156591201196,0.009184625));
#5997=CARTESIAN_POINT('',(-0.0819611864328384,0.000322156591201196,0.009184625));
#5998=CARTESIAN_POINT('',(-0.0819611864328384,0.000667182259965147,0.00915815604207253));
#5999=CARTESIAN_POINT('',(-0.0819611864328384,-9.39174328154028E-5,0.009184625));
#6000=CARTESIAN_POINT('',(-0.0819611864328384,-0.000509991456832002,0.009184625));
#6001=CARTESIAN_POINT('',(-0.0819611864328384,-0.000509991456832002,0.009184625));
#6002=CARTESIAN_POINT('',(-0.0819611864328384,-9.39174328154028E-5,0.009184625));
#6003=CARTESIAN_POINT('',(-0.0819611864328384,-0.000509991456832002,0.00948182070135315));
#6004=CARTESIAN_POINT('',(-0.0819611864328384,-0.000509991456832002,0.00977901640270629));
#6005=CARTESIAN_POINT('',(-0.0819611864328384,-0.000509991456832002,0.00977901640270629));
#6006=CARTESIAN_POINT('',(-0.0819611864328384,-0.000509991456832002,0.00948182070135315));
#6007=CARTESIAN_POINT('',(-0.0819611864328384,-0.00048166490993502,0.0100209522019926));
#6008=CARTESIAN_POINT('',(-0.0819611864328384,-0.000453338363038039,0.0102628880012789));
#6009=CARTESIAN_POINT('',(-0.0819611864328384,-0.000453338363038039,0.0102628880012789));
#6010=CARTESIAN_POINT('',(-0.0819611864328384,-0.00048166490993502,0.0100209522019926));
#6011=CARTESIAN_POINT('',(-0.0819611864328384,-0.000408004557131375,0.0103067127794116));
#6012=CARTESIAN_POINT('',(-0.0819611864328384,-0.000362670751224712,0.0103505375575443));
#6013=CARTESIAN_POINT('',(-0.0819611864328384,-0.000362670751224712,0.0103505375575443));
#6014=CARTESIAN_POINT('',(-0.0819611864328384,-0.000408004557131375,0.0103067127794116));
#6015=CARTESIAN_POINT('',(-0.0819611864328384,-0.000287733253351785,0.0103619726814784));
#6016=CARTESIAN_POINT('',(-0.0819611864328384,-0.000212795755478858,0.0103734078054126));
#6017=CARTESIAN_POINT('',(-0.0819611864328384,-0.000212795755478858,0.0103734078054126));
#6018=CARTESIAN_POINT('',(-0.0819611864328384,-0.000287733253351785,0.0103619726814784));
#6019=CARTESIAN_POINT('',(-0.0819611864328384,-0.000100882970229053,0.0104100928708393));
#6020=CARTESIAN_POINT('',(-0.0819611864328384,1.1029815020751E-5,0.0104467779362661));
#6021=CARTESIAN_POINT('',(-0.0819611864328384,1.1029815020751E-5,0.0104467779362661));
#6022=CARTESIAN_POINT('',(-0.0819611864328384,-0.000100882970229053,0.0104100928708393));
#6023=CARTESIAN_POINT('',(-0.0819611864328384,4.77148804475181E-5,0.0105586907215159));
#6024=CARTESIAN_POINT('',(-0.0819611864328384,8.43999458742858E-5,0.0106706035067657));
#6025=CARTESIAN_POINT('',(-0.0819611864328384,8.43999458742858E-5,0.0106706035067657));
#6026=CARTESIAN_POINT('',(-0.0819611864328384,4.77148804475181E-5,0.0105586907215159));
#6027=CARTESIAN_POINT('',(-0.0819611864328384,9.81568454093229E-5,0.0107502426844748));
#6028=CARTESIAN_POINT('',(-0.0819611864328384,0.00011191374494436,0.0108298818621839));
#6029=CARTESIAN_POINT('',(-0.0819611864328384,0.00011191374494436,0.0108298818621839));
#6030=CARTESIAN_POINT('',(-0.0819611864328384,9.81568454093229E-5,0.0107502426844748));
#6031=CARTESIAN_POINT('',(-0.0819611864328384,0.000171991373505231,0.0108746933528248));
#6032=CARTESIAN_POINT('',(-0.0819611864328384,0.000232069002066103,0.0109195048434657));
#6033=CARTESIAN_POINT('',(-0.0819611864328384,0.000232069002066103,0.0109195048434657));
#6034=CARTESIAN_POINT('',(-0.0819611864328384,0.000171991373505231,0.0108746933528248));
#6035=CARTESIAN_POINT('',(-0.0819611864328384,0.000604028025999908,0.0109436520257923));
#6036=CARTESIAN_POINT('',(-0.0819611864328384,0.00171990509780132,0.011016093572772));
#6037=CARTESIAN_POINT('',(-0.0819611864328384,0.00171990509780132,0.011016093572772));
#6038=CARTESIAN_POINT('',(-0.0819611864328384,0.000604028025999908,0.0109436520257923));
#6039=CARTESIAN_POINT('',(-0.0819611864328384,0.0017799827263622,0.0110609050634129));
#6040=CARTESIAN_POINT('',(-0.0819611864328384,0.00184006035492307,0.0111057165540538));
#6041=CARTESIAN_POINT('',(-0.0819611864328384,0.00184006035492307,0.0111057165540538));
#6042=CARTESIAN_POINT('',(-0.0819611864328384,0.0017799827263622,0.0110609050634129));
#6043=CARTESIAN_POINT('',(-0.0819611864328384,0.0018538172544581,0.0111853557317629));
#6044=CARTESIAN_POINT('',(-0.0819611864328384,0.00186757415399314,0.011264994909472));
#6045=CARTESIAN_POINT('',(-0.0819611864328384,0.00186757415399314,0.011264994909472));
#6046=CARTESIAN_POINT('',(-0.0819611864328384,0.0018538172544581,0.0111853557317629));
#6047=CARTESIAN_POINT('',(-0.0819611864328384,0.0019042592194199,0.0113769076947218));
#6048=CARTESIAN_POINT('',(-0.0819611864328384,0.00194094428484667,0.0114888204799716));
#6049=CARTESIAN_POINT('',(-0.0819611864328384,0.00194094428484667,0.0114888204799716));
#6050=CARTESIAN_POINT('',(-0.0819611864328384,0.0019042592194199,0.0113769076947218));
#6051=CARTESIAN_POINT('',(-0.0819611864328384,0.00205285707009648,0.0115255055453984));
#6052=CARTESIAN_POINT('',(-0.0819611864328384,0.00216476985534629,0.0115621906108251));
#6053=CARTESIAN_POINT('',(-0.0819611864328384,0.00216476985534629,0.0115621906108251));
#6054=CARTESIAN_POINT('',(-0.0819611864328384,0.00205285707009648,0.0115255055453984));
#6055=CARTESIAN_POINT('',(-0.0819611864328384,0.00226971710318243,0.0115301490966001));
#6056=CARTESIAN_POINT('',(-0.0819611864328384,0.00237466435101859,0.0114981075823752));
#6057=CARTESIAN_POINT('',(-0.0819611864328384,0.00237466435101859,0.0114981075823752));
#6058=CARTESIAN_POINT('',(-0.0819611864328384,0.00226971710318243,0.0115301490966001));
#6059=CARTESIAN_POINT('',(-0.0819611864328384,0.00241831495385901,0.0114187007085927));
#6060=CARTESIAN_POINT('',(-0.0819611864328384,0.00254926676238026,0.0111804800872454));
#6061=CARTESIAN_POINT('',(-0.0819611864328384,0.00254926676238026,0.0111804800872454));
#6062=CARTESIAN_POINT('',(-0.0819611864328384,0.00241831495385901,0.0114187007085927));
#6063=CARTESIAN_POINT('',(-0.0819611864328384,0.00265421401021642,0.0111484385730204));
#6064=CARTESIAN_POINT('',(-0.0819611864328384,0.00275916125805257,0.0111163970587954));
#6065=CARTESIAN_POINT('',(-0.0819611864328384,0.00275916125805257,0.0111163970587954));
#6066=CARTESIAN_POINT('',(-0.0819611864328384,0.00265421401021642,0.0111484385730204));
#6067=CARTESIAN_POINT('',(-0.0819611864328384,0.00286410850588872,0.0111484385730204));
#6068=CARTESIAN_POINT('',(-0.0819611864328384,0.00296905575372488,0.0111804800872454));
#6069=CARTESIAN_POINT('',(-0.0819611864328384,0.00296905575372488,0.0111804800872454));
#6070=CARTESIAN_POINT('',(-0.0819611864328384,0.00286410850588872,0.0111484385730204));
#6071=CARTESIAN_POINT('',(-0.0819611864328384,0.0030127063565653,0.0112598869610279));
#6072=CARTESIAN_POINT('',(-0.0819611864328384,0.00305635695940571,0.0113392938348103));
#6073=CARTESIAN_POINT('',(-0.0819611864328384,0.00305635695940571,0.0113392938348103));
#6074=CARTESIAN_POINT('',(-0.0819611864328384,0.0030127063565653,0.0112598869610279));
#6075=CARTESIAN_POINT('',(-0.0819611864328384,0.00307139079339904,0.0113896197531142));
#6076=CARTESIAN_POINT('',(-0.0819611864328384,0.00308642462739236,0.0114399456714182));
#6077=CARTESIAN_POINT('',(-0.0819611864328384,0.00308642462739236,0.0114399456714182));
#6078=CARTESIAN_POINT('',(-0.0819611864328384,0.00307139079339904,0.0113896197531142));
#6079=CARTESIAN_POINT('',(-0.0819611864328384,0.00313315183563715,0.0114745991831942));
#6080=CARTESIAN_POINT('',(-0.0819611864328384,0.00317987904388193,0.0115092526949702));
#6081=CARTESIAN_POINT('',(-0.0819611864328384,0.00317987904388193,0.0115092526949702));
#6082=CARTESIAN_POINT('',(-0.0819611864328384,0.00313315183563715,0.0114745991831942));
#6083=CARTESIAN_POINT('',(-0.0819611864328384,0.00337816424032782,0.0115357216528977));
#6084=CARTESIAN_POINT('',(-0.0819611864328384,0.00357644943677371,0.0115621906108251));
#6085=CARTESIAN_POINT('',(-0.0819611864328384,0.00357644943677371,0.0115621906108251));
#6086=CARTESIAN_POINT('',(-0.0819611864328384,0.00337816424032782,0.0115357216528977));
#6087=CARTESIAN_POINT('',(-0.0819611864328384,0.00383649567545771,0.0115621906108251));
#6088=CARTESIAN_POINT('',(-0.0819611864328384,0.00409654191414171,0.0115621906108251));
#6089=CARTESIAN_POINT('',(-0.0819611864328384,0.00409654191414171,0.0115621906108251));
#6090=CARTESIAN_POINT('',(-0.0819611864328384,0.00383649567545771,0.0115621906108251));
#6091=CARTESIAN_POINT('',(-0.0819611864328384,0.00409654191414171,0.0120079841628549));
#6092=CARTESIAN_POINT('',(-0.0819611864328384,0.00409654191414171,0.013345364818944));
#6093=CARTESIAN_POINT('',(-0.0819611864328384,0.00409654191414171,0.013345364818944));
#6094=CARTESIAN_POINT('',(-0.0819611864328384,0.00409654191414171,0.0120079841628549));
#6095=CARTESIAN_POINT('',(-0.0819611864328384,0.00383649567545771,0.013345364818944));
#6096=CARTESIAN_POINT('',(-0.0819611864328384,0.00357644943677371,0.013345364818944));
#6097=CARTESIAN_POINT('',(-0.0819611864328384,0.00357644943677371,0.013345364818944));
#6098=CARTESIAN_POINT('',(-0.0819611864328384,0.00383649567545771,0.013345364818944));
#6099=CARTESIAN_POINT('',(-0.0819611864328384,0.00336701933834378,0.0133750843469571));
#6100=CARTESIAN_POINT('',(-0.0819611864328384,0.00315758923991385,0.0134048038749702));
#6101=CARTESIAN_POINT('',(-0.0819611864328384,0.00315758923991385,0.0134048038749702));
#6102=CARTESIAN_POINT('',(-0.0819611864328384,0.00336701933834378,0.0133750843469571));
#6103=CARTESIAN_POINT('',(-0.0819611864328384,0.00311782777969371,0.0134503120667801));
#6104=CARTESIAN_POINT('',(-0.0819611864328384,0.00307806631947357,0.0134958202585901));
#6105=CARTESIAN_POINT('',(-0.0819611864328384,0.00307806631947357,0.0134958202585901));
#6106=CARTESIAN_POINT('',(-0.0819611864328384,0.00311782777969371,0.0134503120667801));
#6107=CARTESIAN_POINT('',(-0.0819611864328384,0.00306721163943964,0.0135691903894436));
#6108=CARTESIAN_POINT('',(-0.0819611864328384,0.00305635695940571,0.0136425605202971));
#6109=CARTESIAN_POINT('',(-0.0819611864328384,0.00305635695940571,0.0136425605202971));
#6110=CARTESIAN_POINT('',(-0.0819611864328384,0.00306721163943964,0.0135691903894436));
#6111=CARTESIAN_POINT('',(-0.0819611864328384,0.00301967189397895,0.0137544733055469));
#6112=CARTESIAN_POINT('',(-0.0819611864328384,0.00298298682855218,0.0138663860907967));
#6113=CARTESIAN_POINT('',(-0.0819611864328384,0.00298298682855218,0.0138663860907967));
#6114=CARTESIAN_POINT('',(-0.0819611864328384,0.00301967189397895,0.0137544733055469));
#6115=CARTESIAN_POINT('',(-0.0819611864328384,0.00287107404330238,0.0139030711562235));
#6116=CARTESIAN_POINT('',(-0.0819611864328384,0.00253533568755296,0.0140131263525038));
#6117=CARTESIAN_POINT('',(-0.0819611864328384,0.00253533568755296,0.0140131263525038));
#6118=CARTESIAN_POINT('',(-0.0819611864328384,0.00287107404330238,0.0139030711562235));
#6119=CARTESIAN_POINT('',(-0.0819611864328384,0.00249865062212619,0.0141250391377536));
#6120=CARTESIAN_POINT('',(-0.0819611864328384,0.00238859542584589,0.014460777493503));
#6121=CARTESIAN_POINT('',(-0.0819611864328384,0.00238859542584589,0.014460777493503));
#6122=CARTESIAN_POINT('',(-0.0819611864328384,0.00249865062212619,0.0141250391377536));
#6123=CARTESIAN_POINT('',(-0.0819611864328384,0.00227668264059609,0.0144974625589298));
#6124=CARTESIAN_POINT('',(-0.0819611864328384,0.00216476985534629,0.0145341476243566));
#6125=CARTESIAN_POINT('',(-0.0819611864328384,0.00216476985534629,0.0145341476243566));
#6126=CARTESIAN_POINT('',(-0.0819611864328384,0.00227668264059609,0.0144974625589298));
#6127=CARTESIAN_POINT('',(-0.0819611864328384,0.00208356352122877,0.0145502262994925));
#6128=CARTESIAN_POINT('',(-0.0819611864328384,0.00200235718711125,0.0145663049746284));
#6129=CARTESIAN_POINT('',(-0.0819611864328384,0.00200235718711125,0.0145663049746284));
#6130=CARTESIAN_POINT('',(-0.0819611864328384,0.00208356352122877,0.0145502262994925));
#6131=CARTESIAN_POINT('',(-0.0819611864328384,0.00195771966115166,0.0146426356642285));
#6132=CARTESIAN_POINT('',(-0.0819611864328384,0.00191308213519207,0.0147189663538285));
#6133=CARTESIAN_POINT('',(-0.0819611864328384,0.00191308213519207,0.0147189663538285));
#6134=CARTESIAN_POINT('',(-0.0819611864328384,0.00195771966115166,0.0146426356642285));
#6135=CARTESIAN_POINT('',(-0.0819611864328384,0.0018903281445926,0.0152209483917989));
#6136=CARTESIAN_POINT('',(-0.0819611864328384,0.00186757415399314,0.0157229304297692));
#6137=CARTESIAN_POINT('',(-0.0819611864328384,0.00186757415399314,0.0157229304297692));
#6138=CARTESIAN_POINT('',(-0.0819611864328384,0.0018903281445926,0.0152209483917989));
#6139=CARTESIAN_POINT('',(-0.0819611864328384,0.0018903281445926,0.0162249124677395));
#6140=CARTESIAN_POINT('',(-0.0819611864328384,0.00191308213519207,0.0167268945057097));
#6141=CARTESIAN_POINT('',(-0.0819611864328384,0.00191308213519207,0.0167268945057097));
#6142=CARTESIAN_POINT('',(-0.0819611864328384,0.0018903281445926,0.0162249124677395));
#6143=CARTESIAN_POINT('',(-0.0819611864328384,0.00195771966115166,0.0168032251953098));
#6144=CARTESIAN_POINT('',(-0.0819611864328384,0.00200235718711125,0.0168795558849099));
#6145=CARTESIAN_POINT('',(-0.0819611864328384,0.00200235718711125,0.0168795558849099));
#6146=CARTESIAN_POINT('',(-0.0819611864328384,0.00195771966115166,0.0168032251953098));
#6147=CARTESIAN_POINT('',(-0.0819611864328384,0.00208356352122877,0.0168956345600458));
#6148=CARTESIAN_POINT('',(-0.0819611864328384,0.00216476985534629,0.0169117132351817));
#6149=CARTESIAN_POINT('',(-0.0819611864328384,0.00216476985534629,0.0169117132351817));
#6150=CARTESIAN_POINT('',(-0.0819611864328384,0.00208356352122877,0.0168956345600458));
#6151=CARTESIAN_POINT('',(-0.0819611864328384,0.00227668264059609,0.0168750281697549));
#6152=CARTESIAN_POINT('',(-0.0819611864328384,0.00238859542584589,0.0168383431043282));
#6153=CARTESIAN_POINT('',(-0.0819611864328384,0.00238859542584589,0.0168383431043282));
#6154=CARTESIAN_POINT('',(-0.0819611864328384,0.00227668264059609,0.0168750281697549));
#6155=CARTESIAN_POINT('',(-0.0819611864328384,0.00242528049127266,0.0167264303190783));
#6156=CARTESIAN_POINT('',(-0.0819611864328384,0.00253533568755296,0.016390691963329));
#6157=CARTESIAN_POINT('',(-0.0819611864328384,0.00253533568755296,0.016390691963329));
#6158=CARTESIAN_POINT('',(-0.0819611864328384,0.00242528049127266,0.0167264303190783));
#6159=CARTESIAN_POINT('',(-0.0819611864328384,0.00264724847280276,0.0163540068979022));
#6160=CARTESIAN_POINT('',(-0.0819611864328384,0.00298298682855218,0.0162439517016219));
#6161=CARTESIAN_POINT('',(-0.0819611864328384,0.00298298682855218,0.0162439517016219));
#6162=CARTESIAN_POINT('',(-0.0819611864328384,0.00264724847280276,0.0163540068979022));
#6163=CARTESIAN_POINT('',(-0.0819611864328384,0.00301967189397895,0.0161320389163721));
#6164=CARTESIAN_POINT('',(-0.0819611864328384,0.00305635695940571,0.0160201261311223));
#6165=CARTESIAN_POINT('',(-0.0819611864328384,0.00305635695940571,0.0160201261311223));
#6166=CARTESIAN_POINT('',(-0.0819611864328384,0.00301967189397895,0.0161320389163721));
#6167=CARTESIAN_POINT('',(-0.0819611864328384,0.00309211323034772,0.0159096065375996));
#6168=CARTESIAN_POINT('',(-0.0819611864328384,0.00312786950128974,0.0157990869440769));
#6169=CARTESIAN_POINT('',(-0.0819611864328384,0.00312786950128974,0.0157990869440769));
#6170=CARTESIAN_POINT('',(-0.0819611864328384,0.00309211323034772,0.0159096065375996));
#6171=CARTESIAN_POINT('',(-0.0819611864328384,0.00323328114636827,0.015761008686923));
#6172=CARTESIAN_POINT('',(-0.0819611864328384,0.0033386927914468,0.0157229304297692));
#6173=CARTESIAN_POINT('',(-0.0819611864328384,0.0033386927914468,0.0157229304297692));
#6174=CARTESIAN_POINT('',(-0.0819611864328384,0.00323328114636827,0.015761008686923));
#6175=CARTESIAN_POINT('',(-0.0819611864328384,0.00344874819833809,0.0156792798269287));
#6176=CARTESIAN_POINT('',(-0.0819611864328384,0.00355880360522939,0.0156356292240883));
#6177=CARTESIAN_POINT('',(-0.0819611864328384,0.00355880360522939,0.0156356292240883));
#6178=CARTESIAN_POINT('',(-0.0819611864328384,0.00344874819833809,0.0156792798269287));
#6179=CARTESIAN_POINT('',(-0.0819611864328384,0.00362706557702778,0.0155306819762521));
#6180=CARTESIAN_POINT('',(-0.0819611864328384,0.00369532754882618,0.015425734728416));
#6181=CARTESIAN_POINT('',(-0.0819611864328384,0.00369532754882618,0.015425734728416));
#6182=CARTESIAN_POINT('',(-0.0819611864328384,0.00362706557702778,0.0155306819762521));
#6183=CARTESIAN_POINT('',(-0.0819611864328384,0.0037721226356686,0.0152481138402844));
#6184=CARTESIAN_POINT('',(-0.0819611864328384,0.00384891772251104,0.0150704929521528));
#6185=CARTESIAN_POINT('',(-0.0819611864328384,0.00384891772251104,0.0150704929521528));
#6186=CARTESIAN_POINT('',(-0.0819611864328384,0.0037721226356686,0.0152481138402844));
#6187=CARTESIAN_POINT('',(-0.0819611864328384,0.00388293982252619,0.0150757171578657));
#6188=CARTESIAN_POINT('',(-0.0819611864328384,0.00391696192254134,0.0150809413635788));
#6189=CARTESIAN_POINT('',(-0.0819611864328384,0.00391696192254134,0.0150809413635788));
#6190=CARTESIAN_POINT('',(-0.0819611864328384,0.00388293982252619,0.0150757171578657));
#6191=CARTESIAN_POINT('',(-0.0819611864328384,0.00394684846507292,0.0151446758308332));
#6192=CARTESIAN_POINT('',(-0.0819611864328384,0.0039767350076045,0.0152084102980877));
#6193=CARTESIAN_POINT('',(-0.0819611864328384,0.0039767350076045,0.0152084102980877));
#6194=CARTESIAN_POINT('',(-0.0819611864328384,0.00394684846507292,0.0151446758308332));
#6195=CARTESIAN_POINT('',(-0.0819611864328384,0.00402044352846834,0.0154988727659539));
#6196=CARTESIAN_POINT('',(-0.0819611864328384,0.00406415204933219,0.01578933523382));
#6197=CARTESIAN_POINT('',(-0.0819611864328384,0.00406415204933219,0.01578933523382));
#6198=CARTESIAN_POINT('',(-0.0819611864328384,0.00402044352846834,0.0154988727659539));
#6199=CARTESIAN_POINT('',(-0.0819611864328384,0.00408034698173695,0.0162762253091626));
#6200=CARTESIAN_POINT('',(-0.0819611864328384,0.00409654191414171,0.0167631153845051));
#6201=CARTESIAN_POINT('',(-0.0819611864328384,0.00409654191414171,0.0167631153845051));
#6202=CARTESIAN_POINT('',(-0.0819611864328384,0.00408034698173695,0.0162762253091626));
#6203=CARTESIAN_POINT('',(-0.0819611864328384,0.00409654191414171,0.0175804035632263));
#6204=CARTESIAN_POINT('',(-0.0819611864328384,0.00409654191414171,0.0183976917419474));
#6205=CARTESIAN_POINT('',(-0.0819611864328384,0.00409654191414171,0.0183976917419474));
#6206=CARTESIAN_POINT('',(-0.0819611864328384,0.00409654191414171,0.0175804035632263));
#6207=CARTESIAN_POINT('',(-0.0819611864328384,0.00736569462902628,0.0106706035067657));
#6208=CARTESIAN_POINT('',(-0.0820611864328384,0.00736569462902628,0.0106706035067657));
#6209=CARTESIAN_POINT('',(-0.0820611864328384,0.00736569462902628,0.0109677992081189));
#6210=CARTESIAN_POINT('',(-0.0820611864328384,0.00736569462902628,0.00977901640270629));
#6211=CARTESIAN_POINT('',(-0.0819611864328384,0.00736569462902628,0.00977901640270629));
#6212=CARTESIAN_POINT('',(-0.0819611864328384,0.00736569462902628,0.00977901640270629));
#6213=CARTESIAN_POINT('',(-0.0819611864328384,0.00736569462902628,0.0106706035067657));
#6214=CARTESIAN_POINT('',(-0.0819611864328384,0.00736569462902628,0.0109677992081189));
#6215=CARTESIAN_POINT('',(-0.0819611864328384,0.00736569462902628,0.0109677992081189));
#6216=CARTESIAN_POINT('',(-0.0819611864328384,0.00777433871838685,0.00977901640270629));
#6217=CARTESIAN_POINT('',(-0.0820611864328384,0.00777433871838685,0.00977901640270629));
#6218=CARTESIAN_POINT('',(-0.0820611864328384,0.00900027098646856,0.00977901640270629));
#6219=CARTESIAN_POINT('',(-0.0819611864328384,0.00900027098646856,0.00977901640270629));
#6220=CARTESIAN_POINT('',(-0.0819611864328384,0.00900027098646856,0.00977901640270629));
#6221=CARTESIAN_POINT('',(-0.0819611864328384,0.00777433871838685,0.00977901640270629));
#6222=CARTESIAN_POINT('',(-0.0819611864328384,0.00900027098646856,0.0100762121040594));
#6223=CARTESIAN_POINT('',(-0.0820611864328384,0.00900027098646856,0.0100762121040594));
#6224=CARTESIAN_POINT('',(-0.0820611864328384,0.00900027098646856,0.0109677992081189));
#6225=CARTESIAN_POINT('',(-0.0819611864328384,0.00900027098646856,0.0109677992081189));
#6226=CARTESIAN_POINT('',(-0.0819611864328384,0.00900027098646856,0.0109677992081189));
#6227=CARTESIAN_POINT('',(-0.0819611864328384,0.00900027098646856,0.0100762121040594));
#6228=CARTESIAN_POINT('',(-0.0819611864328384,0.00859162689710799,0.0109677992081189));
#6229=CARTESIAN_POINT('',(-0.0820611864328384,0.00859162689710799,0.0109677992081189));
#6230=CARTESIAN_POINT('',(-0.0819611864328384,0.00859162689710799,0.0109677992081189));
#6231=CARTESIAN_POINT('',(-0.0819611864328384,0.00461663439150971,0.0183976917419474));
#6232=CARTESIAN_POINT('',(-0.0819611864328384,0.00461663439150971,0.0183976917419474));
#6233=CARTESIAN_POINT('',(-0.0819611864328384,0.005731118271584,0.013473530454622));
#6234=CARTESIAN_POINT('',(-0.0820611864328384,-0.0305809216433615,0.005));
#6235=CARTESIAN_POINT('',(-0.0819611864328384,0.00959466238917485,0.0170603110858583));
#6236=CARTESIAN_POINT('',(-0.0819611864328384,0.00959466238917485,0.0139397562216503));
#6237=CARTESIAN_POINT('',(-0.0819611864328384,0.00959466238917485,0.0139397562216503));
#6238=CARTESIAN_POINT('',(-0.0819611864328384,0.00959466238917485,0.0170603110858583));
#6239=CARTESIAN_POINT('',(-0.0819611864328384,0.00959466238917485,0.0181004960405943));
#6240=CARTESIAN_POINT('',(-0.0819611864328384,0.00959466238917485,0.0181004960405943));
#6241=CARTESIAN_POINT('',(-0.0819611864328384,0.00900027098646856,0.0139397562216503));
#6242=CARTESIAN_POINT('',(-0.0819611864328384,0.00721709677834971,0.0139397562216503));
#6243=CARTESIAN_POINT('',(-0.0819611864328384,0.00721709677834971,0.0139397562216503));
#6244=CARTESIAN_POINT('',(-0.0819611864328384,0.00900027098646856,0.0139397562216503));
#6245=CARTESIAN_POINT('',(-0.0819611864328384,0.00721709677834971,0.0149799411763863));
#6246=CARTESIAN_POINT('',(-0.0819611864328384,0.00721709677834971,0.0181004960405943));
#6247=CARTESIAN_POINT('',(-0.0819611864328384,0.00721709677834971,0.0181004960405943));
#6248=CARTESIAN_POINT('',(-0.0819611864328384,0.00721709677834971,0.0149799411763863));
#6249=CARTESIAN_POINT('',(-0.0819611864328384,0.00781148818105599,0.0181004960405943));
#6250=CARTESIAN_POINT('',(-0.0819611864328384,0.00781148818105599,0.0181004960405943));
#6251=CARTESIAN_POINT('',(-0.0819611864328384,0.005731118271584,0.013473530454622));
#6252=MECHANICAL_DESIGN_GEOMETRIC_PRESENTATION_REPRESENTATION('',(#3670),
#6253);
#6253=(
GEOMETRIC_REPRESENTATION_CONTEXT(3)
GLOBAL_UNCERTAINTY_ASSIGNED_CONTEXT((#6254))
GLOBAL_UNIT_ASSIGNED_CONTEXT((#6257,#6256,#6255))
REPRESENTATION_CONTEXT('Part 1','TOP_LEVEL_ASSEMBLY_PART')
);
#6254=UNCERTAINTY_MEASURE_WITH_UNIT(LENGTH_MEASURE(2.E-5),#6257,
'DISTANCE_ACCURACY_VALUE','Maximum Tolerance applied to model');
#6255=(
NAMED_UNIT(*)
SI_UNIT($,.STERADIAN.)
SOLID_ANGLE_UNIT()
);
#6256=(
NAMED_UNIT(*)
PLANE_ANGLE_UNIT()
SI_UNIT($,.RADIAN.)
);
#6257=(
LENGTH_UNIT()
NAMED_UNIT(*)
SI_UNIT($,.METRE.)
);
#6258=PRODUCT_DEFINITION_SHAPE('','',#6259);
#6259=PRODUCT_DEFINITION('','',#6261,#6260);
#6260=PRODUCT_DEFINITION_CONTEXT('',#6267,'design');
#6261=PRODUCT_DEFINITION_FORMATION_WITH_SPECIFIED_SOURCE('','',#6263,
 .NOT_KNOWN.);
#6262=PRODUCT_RELATED_PRODUCT_CATEGORY('','',(#6263));
#6263=PRODUCT('Part 1','Part 1','Part 1',(#6265));
#6264=PRODUCT_CATEGORY('','');
#6265=PRODUCT_CONTEXT('',#6267,'mechanical');
#6266=APPLICATION_PROTOCOL_DEFINITION('international standard',
'ap242_managed_model_based_3d_engineering',2020,#6267);
#6267=APPLICATION_CONTEXT('managed model based 3d engineering');
ENDSEC;
END-ISO-10303-21;
